name,regex_label
"""Es... El""",Sin motivo claro / nombre genérico
1516 Cervecería,Sin motivo claro / nombre genérico
4 Angelitos,Sin motivo claro / nombre genérico
42,Sin motivo claro / nombre genérico
70 30 Bar,Sin motivo claro / nombre genérico
800 ASA (Mueve),Sin motivo claro / nombre genérico
878,Sin motivo claro / nombre genérico
A 222,Sin motivo claro / nombre genérico
A Buen Puerto,Sin motivo claro / nombre genérico
A Fuego Fuerte,Sin motivo claro / nombre genérico
A Las Flautas,Sin motivo claro / nombre genérico
A.J.Dulcinea,Sin motivo claro / nombre genérico
ABC,Sin motivo claro / nombre genérico
ABC Liniers,Sin motivo claro / nombre genérico
ABRA Cultural,Sin motivo claro / nombre genérico
ADA,Sin motivo claro / nombre genérico
Abarrotes,Sin motivo claro / nombre genérico
Abraxas discos,Sin motivo claro / nombre genérico
Abuela Pan,Sin motivo claro / nombre genérico
Acacia Negra,Sin motivo claro / nombre genérico
Acacia Negra,Sin motivo claro / nombre genérico
Aconcagua,Sin motivo claro / nombre genérico
Actitud,Sin motivo claro / nombre genérico
Adorado,Sin motivo claro / nombre genérico
Adorado,Sin motivo claro / nombre genérico
Adorado,Sin motivo claro / nombre genérico
Adán Buenosayres Libros,Sin motivo claro / nombre genérico
After Office TRENDY Miercoles Palermo,Sin motivo claro / nombre genérico
Agape Libros,Sin motivo claro / nombre genérico
Agote,Sin motivo claro / nombre genérico
Agricultura con Agricultores,Sin motivo claro / nombre genérico
Aguirre 1570,Sin motivo claro / nombre genérico
Agustina,Sin motivo claro / nombre genérico
Ajo Negro,Sin motivo claro / nombre genérico
Al Amal,Sin motivo claro / nombre genérico
Al Azar,Sin motivo claro / nombre genérico
Al Bacio,Sin motivo claro / nombre genérico
Al Club,Sin motivo claro / nombre genérico
Al Taglio,Sin motivo claro / nombre genérico
Al gran queso,Sin motivo claro / nombre genérico
Alaire,Sin motivo claro / nombre genérico
Alameda,Sin motivo claro / nombre genérico
Alamesa Resto,Sin motivo claro / nombre genérico
Alamut,Sin motivo claro / nombre genérico
Albamonte,Sin motivo claro / nombre genérico
Albertina,Sin motivo claro / nombre genérico
Alcalá,Sin motivo claro / nombre genérico
Aldonza,Sin motivo claro / nombre genérico
Alessandro,Sin motivo claro / nombre genérico
Alessandro,Sin motivo claro / nombre genérico
Alessandro,Sin motivo claro / nombre genérico
Alfa,Sin motivo claro / nombre genérico
Alfonso,Sin motivo claro / nombre genérico
Alicia,Sin motivo claro / nombre genérico
Alimentari,Sin motivo claro / nombre genérico
All Saints Café,Sin motivo claro / nombre genérico
Allungata,Sin motivo claro / nombre genérico
Almagro,Sin motivo claro / nombre genérico
Alsina,Sin motivo claro / nombre genérico
Altitud,Sin motivo claro / nombre genérico
Aluvion Libros,Sin motivo claro / nombre genérico
Alvarado,Sin motivo claro / nombre genérico
Aló,Sin motivo claro / nombre genérico
Amancio,Sin motivo claro / nombre genérico
Amano,Sin motivo claro / nombre genérico
Amarillo,Sin motivo claro / nombre genérico
Amaro,Sin motivo claro / nombre genérico
Ambar,Sin motivo claro / nombre genérico
Ambar,Sin motivo claro / nombre genérico
Amelia,Sin motivo claro / nombre genérico
Amelia,Sin motivo claro / nombre genérico
Amelia,Sin motivo claro / nombre genérico
Ameno,Sin motivo claro / nombre genérico
American Deli,Sin motivo claro / nombre genérico
Americano,Sin motivo claro / nombre genérico
Amerika,Sin motivo claro / nombre genérico
Amina,Sin motivo claro / nombre genérico
Amorena,Sin motivo claro / nombre genérico
Amores & Sabores,Sin motivo claro / nombre genérico
Ampersand,Sin motivo claro / nombre genérico
Anahid,Sin motivo claro / nombre genérico
Anasagasti Bar,Sin motivo claro / nombre genérico
Anchoita,Sin motivo claro / nombre genérico
Anchoita Panederia,Sin motivo claro / nombre genérico
Anfi-Teatro,Sin motivo claro / nombre genérico
Anfiteatro de la Plaza Unidad Nacional,Sin motivo claro / nombre genérico
Angelato,Sin motivo claro / nombre genérico
Angi cupcakes,Sin motivo claro / nombre genérico
Angolo,Sin motivo claro / nombre genérico
Animalito Café,Sin motivo claro / nombre genérico
Anita,Sin motivo claro / nombre genérico
Anitta,Sin motivo claro / nombre genérico
Antares,Sin motivo claro / nombre genérico
Antares,Sin motivo claro / nombre genérico
Antares,Sin motivo claro / nombre genérico
Antares,Sin motivo claro / nombre genérico
Antares,Sin motivo claro / nombre genérico
Antares Cervecería,Sin motivo claro / nombre genérico
Antaño,Sin motivo claro / nombre genérico
Anti Gourmet,Sin motivo claro / nombre genérico
Antica Berna,Sin motivo claro / nombre genérico
Antigona,Sin motivo claro / nombre genérico
Antigona,Sin motivo claro / nombre genérico
Antigua Carpinacci,Sin motivo claro / nombre genérico
Antonia,Sin motivo claro / nombre genérico
Antonietta,Sin motivo claro / nombre genérico
Antonino,Sin motivo claro / nombre genérico
Antonino,Sin motivo claro / nombre genérico
Antonio,Sin motivo claro / nombre genérico
Antonio’s,Sin motivo claro / nombre genérico
Antígona,Sin motivo claro / nombre genérico
Apicio,Sin motivo claro / nombre genérico
Apocrypha,Sin motivo claro / nombre genérico
Apolo,Sin motivo claro / nombre genérico
Aquilanti Libros Antigüos y Modernos,Sin motivo claro / nombre genérico
ArCo Vision,Sin motivo claro / nombre genérico
Aramburu,Sin motivo claro / nombre genérico
Aramburu Restó,Sin motivo claro / nombre genérico
Arceo,Sin motivo claro / nombre genérico
Arde,Sin motivo claro / nombre genérico
Arepo,Sin motivo claro / nombre genérico
Argos,Sin motivo claro / nombre genérico
Arias,Sin motivo claro / nombre genérico
Aribau,Sin motivo claro / nombre genérico
Aribau,Sin motivo claro / nombre genérico
Arista,Sin motivo claro / nombre genérico
Arkakaó,Sin motivo claro / nombre genérico
Armenia,Sin motivo claro / nombre genérico
Army,Sin motivo claro / nombre genérico
Army,Sin motivo claro / nombre genérico
Aromas,Sin motivo claro / nombre genérico
Aromi,Sin motivo claro / nombre genérico
Aromi,Sin motivo claro / nombre genérico
Arredondo,Sin motivo claro / nombre genérico
Artiaga,Sin motivo claro / nombre genérico
Asador Criolio,Sin motivo claro / nombre genérico
Asamblea Plaza,Sin motivo claro / nombre genérico
Asgard Cafe,Sin motivo claro / nombre genérico
Astros,Sin motivo claro / nombre genérico
Asturia,Sin motivo claro / nombre genérico
Asturias,Sin motivo claro / nombre genérico
Asunto Guevara,Sin motivo claro / nombre genérico
Atalaya,Sin motivo claro / nombre genérico
Atalaya,Sin motivo claro / nombre genérico
Atalaya,Sin motivo claro / nombre genérico
Atelier Fuerza,Sin motivo claro / nombre genérico
Atenea,Sin motivo claro / nombre genérico
Athambra,Sin motivo claro / nombre genérico
Athos,Sin motivo claro / nombre genérico
Atilano,Sin motivo claro / nombre genérico
Atis,Sin motivo claro / nombre genérico
Atlas Liniers,Sin motivo claro / nombre genérico
Atlántica Libros,Sin motivo claro / nombre genérico
Auditorio de SADOP,Sin motivo claro / nombre genérico
Auslander,Sin motivo claro / nombre genérico
Avant Garten,Sin motivo claro / nombre genérico
Avellino,Sin motivo claro / nombre genérico
Avenida,Sin motivo claro / nombre genérico
Avila,Sin motivo claro / nombre genérico
Avocado,Sin motivo claro / nombre genérico
Awen,Sin motivo claro / nombre genérico
Ayacucho Hotel Bar,Sin motivo claro / nombre genérico
Azara,Sin motivo claro / nombre genérico
Azara Pizzeria,Sin motivo claro / nombre genérico
Azul Café,Sin motivo claro / nombre genérico
B&B,Sin motivo claro / nombre genérico
B-Blue,Sin motivo claro / nombre genérico
BASA,Sin motivo claro / nombre genérico
BFresh,Sin motivo claro / nombre genérico
BNA Banca Digital,Sin motivo claro / nombre genérico
BUNA Cafe de Especialidad,Sin motivo claro / nombre genérico
Babalú,Sin motivo claro / nombre genérico
Babieca,Sin motivo claro / nombre genérico
Bacara,Sin motivo claro / nombre genérico
Backroom Bar,Sin motivo claro / nombre genérico
Bagels & Bagels,Sin motivo claro / nombre genérico
Bagels&Bagels,Sin motivo claro / nombre genérico
Baires Bakery,Sin motivo claro / nombre genérico
Baires Bakery,Sin motivo claro / nombre genérico
Bajan,Sin motivo claro / nombre genérico
Bakano Pizza,Sin motivo claro / nombre genérico
Bakano Pizza,Sin motivo claro / nombre genérico
Bakano Pizza,Sin motivo claro / nombre genérico
Bakano Pizza,Sin motivo claro / nombre genérico
Bakery,Sin motivo claro / nombre genérico
Bakery,Sin motivo claro / nombre genérico
Bakery,Sin motivo claro / nombre genérico
Bakery,Sin motivo claro / nombre genérico
Balcarce,Sin motivo claro / nombre genérico
Balcarce,Sin motivo claro / nombre genérico
Baltha,Sin motivo claro / nombre genérico
Bambi,Sin motivo claro / nombre genérico
Bambino,Sin motivo claro / nombre genérico
Banchero,Sin motivo claro / nombre genérico
Bandido,Sin motivo claro / nombre genérico
Bandini Pizzas,Sin motivo claro / nombre genérico
Bandol,Sin motivo claro / nombre genérico
Bankedo Plaza,Sin motivo claro / nombre genérico
Baos,Sin motivo claro / nombre genérico
Bar,Sin motivo claro / nombre genérico
Bar,Sin motivo claro / nombre genérico
Bar & Heladerías,Sin motivo claro / nombre genérico
Bar Argerich,Sin motivo claro / nombre genérico
Bar Arizona,Sin motivo claro / nombre genérico
Bar BQ,Sin motivo claro / nombre genérico
Bar Broa,Sin motivo claro / nombre genérico
Bar Bulldog,Sin motivo claro / nombre genérico
Bar Café La Humedad,Sin motivo claro / nombre genérico
Bar Colage,Sin motivo claro / nombre genérico
Bar Conde,Sin motivo claro / nombre genérico
Bar Ecuador,Sin motivo claro / nombre genérico
Bar El Coloñal,Sin motivo claro / nombre genérico
Bar El Destello,Sin motivo claro / nombre genérico
Bar El Faro,Sin motivo claro / nombre genérico
Bar Flux,Sin motivo claro / nombre genérico
Bar Helado,Sin motivo claro / nombre genérico
Bar Iberia,Sin motivo claro / nombre genérico
Bar La Cigale,Sin motivo claro / nombre genérico
Bar La Norita,Sin motivo claro / nombre genérico
Bar Osvaldo,Sin motivo claro / nombre genérico
Bar Ping Pong,Sin motivo claro / nombre genérico
Bar Restaurant,Sin motivo claro / nombre genérico
Bar Seddon,Sin motivo claro / nombre genérico
Bar Setenta y Siete,Sin motivo claro / nombre genérico
Bar Sheldon,Sin motivo claro / nombre genérico
Bar Soria,Sin motivo claro / nombre genérico
Bar Sur,Sin motivo claro / nombre genérico
Bar Tucumán,Sin motivo claro / nombre genérico
Bar de Bandera,Sin motivo claro / nombre genérico
Bar de Cao,Sin motivo claro / nombre genérico
Bar the Bar,Sin motivo claro / nombre genérico
Bar y Vermú La Fuerza,Sin motivo claro / nombre genérico
Bar! Merci,Sin motivo claro / nombre genérico
Barba Azul,Sin motivo claro / nombre genérico
Barba Roja,Sin motivo claro / nombre genérico
Barbaro,Sin motivo claro / nombre genérico
Barbieca,Sin motivo claro / nombre genérico
Barev,Sin motivo claro / nombre genérico
Barfly,Sin motivo claro / nombre genérico
Barine,Sin motivo claro / nombre genérico
Baris Cerveca artesanal,Sin motivo claro / nombre genérico
Barra Chalaca,Sin motivo claro / nombre genérico
Barragán,Sin motivo claro / nombre genérico
Barraza,Sin motivo claro / nombre genérico
Barro Café,Sin motivo claro / nombre genérico
Bartola,Sin motivo claro / nombre genérico
Bartola,Sin motivo claro / nombre genérico
Bartola,Sin motivo claro / nombre genérico
Barú,Sin motivo claro / nombre genérico
Barú,Sin motivo claro / nombre genérico
Basilico,Sin motivo claro / nombre genérico
Basta Callejón,Sin motivo claro / nombre genérico
Bastardo,Sin motivo claro / nombre genérico
Baum,Sin motivo claro / nombre genérico
Baum,Sin motivo claro / nombre genérico
Bautista,Sin motivo claro / nombre genérico
Baviera,Sin motivo claro / nombre genérico
Bebop Club,Sin motivo claro / nombre genérico
Beckett,Sin motivo claro / nombre genérico
Beer Conect,Sin motivo claro / nombre genérico
Beercoin,Sin motivo claro / nombre genérico
Beio,Sin motivo claro / nombre genérico
Beio,Sin motivo claro / nombre genérico
Bejas,Sin motivo claro / nombre genérico
Belgica,Sin motivo claro / nombre genérico
Belier,Sin motivo claro / nombre genérico
Belisario,Sin motivo claro / nombre genérico
Bella,Sin motivo claro / nombre genérico
Bella Tarea,Sin motivo claro / nombre genérico
Bellaria,Sin motivo claro / nombre genérico
Bellaria,Sin motivo claro / nombre genérico
Bellaria,Sin motivo claro / nombre genérico
Bellaria,Sin motivo claro / nombre genérico
Bellaria,Sin motivo claro / nombre genérico
Belushi,Sin motivo claro / nombre genérico
Belvedere Panaderia,Sin motivo claro / nombre genérico
Benavente,Sin motivo claro / nombre genérico
Benavidez,Sin motivo claro / nombre genérico
Benedetta,Sin motivo claro / nombre genérico
Benigno,Sin motivo claro / nombre genérico
Benjamin,Sin motivo claro / nombre genérico
Benjamin,Sin motivo claro / nombre genérico
Berlin,Sin motivo claro / nombre genérico
Berlina Bunker,Sin motivo claro / nombre genérico
Berlina Bunker,Sin motivo claro / nombre genérico
Bernardo,Sin motivo claro / nombre genérico
Besares,Sin motivo claro / nombre genérico
Beto,Sin motivo claro / nombre genérico
Betular,Sin motivo claro / nombre genérico
Bharat,Sin motivo claro / nombre genérico
Bi-Won,Sin motivo claro / nombre genérico
Bianca,Sin motivo claro / nombre genérico
Biblos,Sin motivo claro / nombre genérico
Biblos,Sin motivo claro / nombre genérico
Biblos,Sin motivo claro / nombre genérico
Biblos,Sin motivo claro / nombre genérico
Bicho,Sin motivo claro / nombre genérico
Bien de Bien,Sin motivo claro / nombre genérico
Bier Welt,Sin motivo claro / nombre genérico
BierLife,Sin motivo claro / nombre genérico
Bierhof,Sin motivo claro / nombre genérico
Bilbo,Sin motivo claro / nombre genérico
Bilbo Café,Sin motivo claro / nombre genérico
Bimbo Outlet,Sin motivo claro / nombre genérico
Bio sólo orgánico,Sin motivo claro / nombre genérico
Bioma,Sin motivo claro / nombre genérico
Birkin,Sin motivo claro / nombre genérico
Birkin,Sin motivo claro / nombre genérico
Birmania,Sin motivo claro / nombre genérico
Bisatti,Sin motivo claro / nombre genérico
Biscottini,Sin motivo claro / nombre genérico
Biutiful,Sin motivo claro / nombre genérico
Black & White,Sin motivo claro / nombre genérico
Black Clover,Sin motivo claro / nombre genérico
Black Clover,Sin motivo claro / nombre genérico
Black Sam Bellamy,Sin motivo claro / nombre genérico
Blanca,Sin motivo claro / nombre genérico
Blest,Sin motivo claro / nombre genérico
Blu,Sin motivo claro / nombre genérico
Blue,Sin motivo claro / nombre genérico
Boa Lua,Sin motivo claro / nombre genérico
Bocanada,Sin motivo claro / nombre genérico
Bodega Negra,Sin motivo claro / nombre genérico
Bodensee,Sin motivo claro / nombre genérico
Boedo XXI,Sin motivo claro / nombre genérico
Bogotá,Sin motivo claro / nombre genérico
Boiro,Sin motivo claro / nombre genérico
Bollito,Sin motivo claro / nombre genérico
Bombonera Sandwichería,Sin motivo claro / nombre genérico
Bonafide,Sin motivo claro / nombre genérico
Bonafide,Sin motivo claro / nombre genérico
Bonafide,Sin motivo claro / nombre genérico
Bonafide,Sin motivo claro / nombre genérico
Bonafide,Sin motivo claro / nombre genérico
Bonafide,Sin motivo claro / nombre genérico
Bonafide,Sin motivo claro / nombre genérico
Bonafide,Sin motivo claro / nombre genérico
Bonafide,Sin motivo claro / nombre genérico
Bonafide,Sin motivo claro / nombre genérico
Bonafide,Sin motivo claro / nombre genérico
Bonafide,Sin motivo claro / nombre genérico
Bonafide,Sin motivo claro / nombre genérico
Bonafide,Sin motivo claro / nombre genérico
Bonafide,Sin motivo claro / nombre genérico
Bonafide,Sin motivo claro / nombre genérico
Bonafide,Sin motivo claro / nombre genérico
Bonafide,Sin motivo claro / nombre genérico
Bonafide,Sin motivo claro / nombre genérico
Bonafide,Sin motivo claro / nombre genérico
Bonafide,Sin motivo claro / nombre genérico
Bonafide,Sin motivo claro / nombre genérico
Bonafide,Sin motivo claro / nombre genérico
Bonafide,Sin motivo claro / nombre genérico
Bonafide,Sin motivo claro / nombre genérico
Bonafide,Sin motivo claro / nombre genérico
Bonafide,Sin motivo claro / nombre genérico
Bonafide,Sin motivo claro / nombre genérico
Bonafide,Sin motivo claro / nombre genérico
Bonafide,Sin motivo claro / nombre genérico
Bonafide,Sin motivo claro / nombre genérico
Bonafide,Sin motivo claro / nombre genérico
Bonafide,Sin motivo claro / nombre genérico
Bonafide,Sin motivo claro / nombre genérico
Bonafide,Sin motivo claro / nombre genérico
Bonafide,Sin motivo claro / nombre genérico
Bonafide,Sin motivo claro / nombre genérico
Bonafide,Sin motivo claro / nombre genérico
Bonafide,Sin motivo claro / nombre genérico
Bonafide,Sin motivo claro / nombre genérico
Bonus track,Sin motivo claro / nombre genérico
Boreal Café,Sin motivo claro / nombre genérico
Boris Club de Jazz,Sin motivo claro / nombre genérico
Borja,Sin motivo claro / nombre genérico
Borja,Sin motivo claro / nombre genérico
Borne Bar de Copas,Sin motivo claro / nombre genérico
Boticario,Sin motivo claro / nombre genérico
Boulan,Sin motivo claro / nombre genérico
Boulevard,Sin motivo claro / nombre genérico
Boulevard Córdoba,Sin motivo claro / nombre genérico
Bracia,Sin motivo claro / nombre genérico
Brandon,Sin motivo claro / nombre genérico
Braus,Sin motivo claro / nombre genérico
Bravas,Sin motivo claro / nombre genérico
Bravo,Sin motivo claro / nombre genérico
Brač,Sin motivo claro / nombre genérico
Breoghan,Sin motivo claro / nombre genérico
Brera,Sin motivo claro / nombre genérico
Bricco,Sin motivo claro / nombre genérico
Brillante,Sin motivo claro / nombre genérico
Brisas,Sin motivo claro / nombre genérico
British Arts Centre,Sin motivo claro / nombre genérico
Broa,Sin motivo claro / nombre genérico
Brooklyn Bakery,Sin motivo claro / nombre genérico
Brucia,Sin motivo claro / nombre genérico
Brujas Disco-Bar,Sin motivo claro / nombre genérico
Bruna,Sin motivo claro / nombre genérico
Bruni,Sin motivo claro / nombre genérico
Brusco café & Bar,Sin motivo claro / nombre genérico
Bruxx,Sin motivo claro / nombre genérico
Bryant,Sin motivo claro / nombre genérico
Bs. As. City,Sin motivo claro / nombre genérico
Bucarest,Sin motivo claro / nombre genérico
Budabar,Sin motivo claro / nombre genérico
Buenas Aguas,Sin motivo claro / nombre genérico
Buenas Costumbres,Sin motivo claro / nombre genérico
Buenos Aires,Sin motivo claro / nombre genérico
Buenos Aires,Sin motivo claro / nombre genérico
Buenos Aires Bakery,Sin motivo claro / nombre genérico
Buenos Aires Bakery,Sin motivo claro / nombre genérico
Buenos Aires Bakery,Sin motivo claro / nombre genérico
Buenos Aires Bakery,Sin motivo claro / nombre genérico
Buenos Aires Bakery,Sin motivo claro / nombre genérico
Buenos Aires Bakery,Sin motivo claro / nombre genérico
Buenos Aires Bakery,Sin motivo claro / nombre genérico
Buenos Aires Bakery,Sin motivo claro / nombre genérico
Buenos Aires Bakery,Sin motivo claro / nombre genérico
Buenos Aires Bakery,Sin motivo claro / nombre genérico
Buenos Aires Bakery,Sin motivo claro / nombre genérico
Buenos Aires Bakery,Sin motivo claro / nombre genérico
Buenos Aires Bakery,Sin motivo claro / nombre genérico
Buenos Aires Bakery,Sin motivo claro / nombre genérico
Buenos Aires Bakery,Sin motivo claro / nombre genérico
Buenos Aires Bakery,Sin motivo claro / nombre genérico
Buenos Aires Bakery,Sin motivo claro / nombre genérico
Buenos Aires Bakery,Sin motivo claro / nombre genérico
Buenos Aires Bakery,Sin motivo claro / nombre genérico
Buenos Aires Bakery,Sin motivo claro / nombre genérico
Buenos Aires Bakery,Sin motivo claro / nombre genérico
Buenos Aires Verde,Sin motivo claro / nombre genérico
Buenos Aires Verde,Sin motivo claro / nombre genérico
Buenos Aires Verde,Sin motivo claro / nombre genérico
Buenos Ayres Pizza,Sin motivo claro / nombre genérico
Buffet Arriba,Sin motivo claro / nombre genérico
Buffet Club Colegiales,Sin motivo claro / nombre genérico
Buffet Laly,Sin motivo claro / nombre genérico
Buffet restaurant,Sin motivo claro / nombre genérico
Bulebar,Sin motivo claro / nombre genérico
Bulgaria,Sin motivo claro / nombre genérico
Bullanga,Sin motivo claro / nombre genérico
Buller,Sin motivo claro / nombre genérico
Buller,Sin motivo claro / nombre genérico
Bulls bbq smokehouse,Sin motivo claro / nombre genérico
Buo,Sin motivo claro / nombre genérico
Buon Appetito,Sin motivo claro / nombre genérico
Burma,Sin motivo claro / nombre genérico
Burmana,Sin motivo claro / nombre genérico
Burton,Sin motivo claro / nombre genérico
Bushido Libros,Sin motivo claro / nombre genérico
Byra,Sin motivo claro / nombre genérico
C y M Libros,Sin motivo claro / nombre genérico
C y M Llibros,Sin motivo claro / nombre genérico
C. C. Adan Buenos Aires,Sin motivo claro / nombre genérico
CAFF,Sin motivo claro / nombre genérico
CARRIZO,Sin motivo claro / nombre genérico
CL,Sin motivo claro / nombre genérico
COR-TE Charcutería,Sin motivo claro / nombre genérico
CP67,Sin motivo claro / nombre genérico
Cabanas,Sin motivo claro / nombre genérico
Cabaña Las Lilas,Sin motivo claro / nombre genérico
Cabaña Tuyu,Sin motivo claro / nombre genérico
Cabaña Villegas,Sin motivo claro / nombre genérico
Cabildo de Buenos Aires,Sin motivo claro / nombre genérico
Caburé,Sin motivo claro / nombre genérico
Cacillo,Sin motivo claro / nombre genérico
Cactus Discos,Sin motivo claro / nombre genérico
Caelis,Sin motivo claro / nombre genérico
Cafe,Sin motivo claro / nombre genérico
Cafe Altares,Sin motivo claro / nombre genérico
Cafe Armenio,Sin motivo claro / nombre genérico
Cafe Bar,Sin motivo claro / nombre genérico
Cafe Bar,Sin motivo claro / nombre genérico
Cafe Boccazzi,Sin motivo claro / nombre genérico
Cafe Chocolate,Sin motivo claro / nombre genérico
Cafe Martinez,Sin motivo claro / nombre genérico
Cafe Martinez,Sin motivo claro / nombre genérico
Cafe Rivas,Sin motivo claro / nombre genérico
Cafe Tabac,Sin motivo claro / nombre genérico
Cafe de Garcia,Sin motivo claro / nombre genérico
Cafe de la U,Sin motivo claro / nombre genérico
Cafe del Biografo,Sin motivo claro / nombre genérico
Cafe del medio,Sin motivo claro / nombre genérico
Cafecito,Sin motivo claro / nombre genérico
Cafeteria Pabellón 2,Sin motivo claro / nombre genérico
Cafetería,Sin motivo claro / nombre genérico
Cafetería,Sin motivo claro / nombre genérico
Cafetería & Resto Bar,Sin motivo claro / nombre genérico
Cafetería Ala,Sin motivo claro / nombre genérico
Cafeto,Sin motivo claro / nombre genérico
Cafeto,Sin motivo claro / nombre genérico
Cafezenda,Sin motivo claro / nombre genérico
Caffe Los Molinos,Sin motivo claro / nombre genérico
Caffe Nascosto,Sin motivo claro / nombre genérico
Caffe Vergnano,Sin motivo claro / nombre genérico
Caffeine,Sin motivo claro / nombre genérico
Caffé Doge,Sin motivo claro / nombre genérico
Caffé del Doge,Sin motivo claro / nombre genérico
Caffé del Doge,Sin motivo claro / nombre genérico
Caffé del Doge,Sin motivo claro / nombre genérico
Cafiolo,Sin motivo claro / nombre genérico
Café,Sin motivo claro / nombre genérico
Café 2D,Sin motivo claro / nombre genérico
Café Altares,Sin motivo claro / nombre genérico
Café Artigad,Sin motivo claro / nombre genérico
Café Artigas,Sin motivo claro / nombre genérico
Café BA,Sin motivo claro / nombre genérico
Café Bar Cristóbal,Sin motivo claro / nombre genérico
Café Bartolomé,Sin motivo claro / nombre genérico
Café Botanico,Sin motivo claro / nombre genérico
Café Castelar,Sin motivo claro / nombre genérico
Café Crespin,Sin motivo claro / nombre genérico
Café Divergente,Sin motivo claro / nombre genérico
Café Gutierrez,Sin motivo claro / nombre genérico
Café Havanna,Sin motivo claro / nombre genérico
Café Havanna,Sin motivo claro / nombre genérico
Café La Biela,Sin motivo claro / nombre genérico
Café Libros del Pasaje,Sin motivo claro / nombre genérico
Café Lo-Fi,Sin motivo claro / nombre genérico
Café Maitre,Sin motivo claro / nombre genérico
Café Margot,Sin motivo claro / nombre genérico
Café Marini,Sin motivo claro / nombre genérico
Café Martinez,Sin motivo claro / nombre genérico
Café Martinez,Sin motivo claro / nombre genérico
Café Martínez,Sin motivo claro / nombre genérico
Café Martínez,Sin motivo claro / nombre genérico
Café Martínez,Sin motivo claro / nombre genérico
Café Martínez,Sin motivo claro / nombre genérico
Café Martínez,Sin motivo claro / nombre genérico
Café Martínez,Sin motivo claro / nombre genérico
Café Martínez,Sin motivo claro / nombre genérico
Café Martínez,Sin motivo claro / nombre genérico
Café Martínez,Sin motivo claro / nombre genérico
Café Martínez,Sin motivo claro / nombre genérico
Café Martínez,Sin motivo claro / nombre genérico
Café Martínez,Sin motivo claro / nombre genérico
Café Martínez,Sin motivo claro / nombre genérico
Café Martínez,Sin motivo claro / nombre genérico
Café Martínez,Sin motivo claro / nombre genérico
Café Martínez,Sin motivo claro / nombre genérico
Café Martínez,Sin motivo claro / nombre genérico
Café Martínez,Sin motivo claro / nombre genérico
Café Martínez,Sin motivo claro / nombre genérico
Café Martínez,Sin motivo claro / nombre genérico
Café Martínez,Sin motivo claro / nombre genérico
Café Martínez,Sin motivo claro / nombre genérico
Café Martínez,Sin motivo claro / nombre genérico
Café Martínez,Sin motivo claro / nombre genérico
Café Martínez,Sin motivo claro / nombre genérico
Café Martínez,Sin motivo claro / nombre genérico
Café Martínez,Sin motivo claro / nombre genérico
Café Martínez,Sin motivo claro / nombre genérico
Café Martínez,Sin motivo claro / nombre genérico
Café Martínez,Sin motivo claro / nombre genérico
Café Martínez,Sin motivo claro / nombre genérico
Café Martínez,Sin motivo claro / nombre genérico
Café Martínez,Sin motivo claro / nombre genérico
Café Martínez,Sin motivo claro / nombre genérico
Café Martínez,Sin motivo claro / nombre genérico
Café Martínez,Sin motivo claro / nombre genérico
Café Martínez,Sin motivo claro / nombre genérico
Café Martínez,Sin motivo claro / nombre genérico
Café Martínez,Sin motivo claro / nombre genérico
Café Martínez,Sin motivo claro / nombre genérico
Café Martínez,Sin motivo claro / nombre genérico
Café Martínez,Sin motivo claro / nombre genérico
Café Martínez,Sin motivo claro / nombre genérico
Café Martínez,Sin motivo claro / nombre genérico
Café Martínez,Sin motivo claro / nombre genérico
Café Martínez,Sin motivo claro / nombre genérico
Café Martínez,Sin motivo claro / nombre genérico
Café Martínez,Sin motivo claro / nombre genérico
Café Martínez,Sin motivo claro / nombre genérico
Café Martínez,Sin motivo claro / nombre genérico
Café Martínez,Sin motivo claro / nombre genérico
Café Martínez,Sin motivo claro / nombre genérico
Café Martínez,Sin motivo claro / nombre genérico
Café Martínez,Sin motivo claro / nombre genérico
Café Martínez,Sin motivo claro / nombre genérico
Café Martínez,Sin motivo claro / nombre genérico
Café Martínez,Sin motivo claro / nombre genérico
Café Martínez,Sin motivo claro / nombre genérico
Café Martínez,Sin motivo claro / nombre genérico
Café Martínez,Sin motivo claro / nombre genérico
Café Martínez,Sin motivo claro / nombre genérico
Café Martínez,Sin motivo claro / nombre genérico
Café Martínez,Sin motivo claro / nombre genérico
Café Martínez,Sin motivo claro / nombre genérico
Café Martínez,Sin motivo claro / nombre genérico
Café Martínez,Sin motivo claro / nombre genérico
Café Martínez,Sin motivo claro / nombre genérico
Café Martínez,Sin motivo claro / nombre genérico
Café Martínez,Sin motivo claro / nombre genérico
Café Martínez,Sin motivo claro / nombre genérico
Café Martínez,Sin motivo claro / nombre genérico
Café Martínez,Sin motivo claro / nombre genérico
Café Martínez,Sin motivo claro / nombre genérico
Café Martínez,Sin motivo claro / nombre genérico
Café Martínez,Sin motivo claro / nombre genérico
Café Martínez,Sin motivo claro / nombre genérico
Café Martínez,Sin motivo claro / nombre genérico
Café Matteo,Sin motivo claro / nombre genérico
Café Metro Bar,Sin motivo claro / nombre genérico
Café Nuñez,Sin motivo claro / nombre genérico
Café Palacio,Sin motivo claro / nombre genérico
Café Registrado,Sin motivo claro / nombre genérico
Café Registrado,Sin motivo claro / nombre genérico
Café Registrado,Sin motivo claro / nombre genérico
Café Registrado,Sin motivo claro / nombre genérico
Café Registrado,Sin motivo claro / nombre genérico
Café Rivas,Sin motivo claro / nombre genérico
Café Sur,Sin motivo claro / nombre genérico
Café Sur,Sin motivo claro / nombre genérico
Café Sur,Sin motivo claro / nombre genérico
Café Tortoni,Sin motivo claro / nombre genérico
Café Urbano,Sin motivo claro / nombre genérico
Café Veggie,Sin motivo claro / nombre genérico
Café de los Angelitos,Sin motivo claro / nombre genérico
Café de los Patriotas,Sin motivo claro / nombre genérico
Café de mi Pais,Sin motivo claro / nombre genérico
Café del Centro,Sin motivo claro / nombre genérico
Café del Ciclista,Sin motivo claro / nombre genérico
Café del Doge,Sin motivo claro / nombre genérico
Caicayen,Sin motivo claro / nombre genérico
Cala,Sin motivo claro / nombre genérico
Caldén del Soho,Sin motivo claro / nombre genérico
Caleidoscopio,Sin motivo claro / nombre genérico
Calma Chica,Sin motivo claro / nombre genérico
Calmo,Sin motivo claro / nombre genérico
Calvarico,Sin motivo claro / nombre genérico
Calypso,Sin motivo claro / nombre genérico
Camila,Sin motivo claro / nombre genérico
Campaso,Sin motivo claro / nombre genérico
Campobravo,Sin motivo claro / nombre genérico
Campobravo,Sin motivo claro / nombre genérico
Candela,Sin motivo claro / nombre genérico
Canela,Sin motivo claro / nombre genérico
Canillita,Sin motivo claro / nombre genérico
Cantegril,Sin motivo claro / nombre genérico
Cantegril,Sin motivo claro / nombre genérico
Canti Bar,Sin motivo claro / nombre genérico
Capitol,Sin motivo claro / nombre genérico
Capricci,Sin motivo claro / nombre genérico
Caprice,Sin motivo claro / nombre genérico
Caracas Bar,Sin motivo claro / nombre genérico
Caracol,Sin motivo claro / nombre genérico
Caramelitos,Sin motivo claro / nombre genérico
Caravana,Sin motivo claro / nombre genérico
Carbonetti,Sin motivo claro / nombre genérico
Caris,Sin motivo claro / nombre genérico
Carletto,Sin motivo claro / nombre genérico
Carnal,Sin motivo claro / nombre genérico
Carne,Sin motivo claro / nombre genérico
Carneros,Sin motivo claro / nombre genérico
Carnicería Quesería Sandwichería Fiabrería,Sin motivo claro / nombre genérico
Carrot,Sin motivo claro / nombre genérico
Cartago,Sin motivo claro / nombre genérico
Casamanza,Sin motivo claro / nombre genérico
Casanova,Sin motivo claro / nombre genérico
Catalino,Sin motivo claro / nombre genérico
Cayena,Sin motivo claro / nombre genérico
Celeste,Sin motivo claro / nombre genérico
Celta Bar,Sin motivo claro / nombre genérico
Cendas,Sin motivo claro / nombre genérico
Central,Sin motivo claro / nombre genérico
Central Pan,Sin motivo claro / nombre genérico
Central Pan,Sin motivo claro / nombre genérico
Central Pan,Sin motivo claro / nombre genérico
Central Sandwich,Sin motivo claro / nombre genérico
Central de Whisky,Sin motivo claro / nombre genérico
Centro,Sin motivo claro / nombre genérico
Centro de Estudiantes,Sin motivo claro / nombre genérico
Cerca,Sin motivo claro / nombre genérico
Ceres,Sin motivo claro / nombre genérico
Cerveceria Gali,Sin motivo claro / nombre genérico
Cervecería 11 25,Sin motivo claro / nombre genérico
Cervecería López,Sin motivo claro / nombre genérico
Cervecería Nacional,Sin motivo claro / nombre genérico
Cervecería Nacional,Sin motivo claro / nombre genérico
Cervelar,Sin motivo claro / nombre genérico
Cervelar,Sin motivo claro / nombre genérico
Cervelar,Sin motivo claro / nombre genérico
Chablis,Sin motivo claro / nombre genérico
Chacaito,Sin motivo claro / nombre genérico
Chacarerean Teatre,Sin motivo claro / nombre genérico
Chaco bar,Sin motivo claro / nombre genérico
Chacras de Ushuaia,Sin motivo claro / nombre genérico
Chalaca,Sin motivo claro / nombre genérico
Chaman,Sin motivo claro / nombre genérico
Champagne Express,Sin motivo claro / nombre genérico
Champs Elysées,Sin motivo claro / nombre genérico
Chan Chan,Sin motivo claro / nombre genérico
Chantilly,Sin motivo claro / nombre genérico
Chantilly,Sin motivo claro / nombre genérico
Charito,Sin motivo claro / nombre genérico
Charlotte,Sin motivo claro / nombre genérico
Charo,Sin motivo claro / nombre genérico
Chaval,Sin motivo claro / nombre genérico
Checho,Sin motivo claro / nombre genérico
Checkpoint Charlie,Sin motivo claro / nombre genérico
Chetito,Sin motivo claro / nombre genérico
Chichos,Sin motivo claro / nombre genérico
Chiki Pizza,Sin motivo claro / nombre genérico
Chila,Sin motivo claro / nombre genérico
Chinofino,Sin motivo claro / nombre genérico
Chintoneria,Sin motivo claro / nombre genérico
Chioco,Sin motivo claro / nombre genérico
Chiperia,Sin motivo claro / nombre genérico
Chipper,Sin motivo claro / nombre genérico
Chips Cafe,Sin motivo claro / nombre genérico
Chiquilín,Sin motivo claro / nombre genérico
Chochán,Sin motivo claro / nombre genérico
Chocorisimo,Sin motivo claro / nombre genérico
Chungo,Sin motivo claro / nombre genérico
Chungo,Sin motivo claro / nombre genérico
Chungo Helados Café,Sin motivo claro / nombre genérico
Chupitos,Sin motivo claro / nombre genérico
Churrería del Bajo,Sin motivo claro / nombre genérico
Chuí,Sin motivo claro / nombre genérico
Ciao!,Sin motivo claro / nombre genérico
Cic,Sin motivo claro / nombre genérico
Cigaló,Sin motivo claro / nombre genérico
Cigaló,Sin motivo claro / nombre genérico
Cigar Point,Sin motivo claro / nombre genérico
Cilento,Sin motivo claro / nombre genérico
Cima,Sin motivo claro / nombre genérico
Cine Bar,Sin motivo claro / nombre genérico
Cine Cosmos UBA,Sin motivo claro / nombre genérico
Cinearte Cocodelphia,Sin motivo claro / nombre genérico
Cineclub La Rosa,Sin motivo claro / nombre genérico
Cinema Devoto,Sin motivo claro / nombre genérico
Cinemark Puerto Madero,Sin motivo claro / nombre genérico
Cinna,Sin motivo claro / nombre genérico
Cinna,Sin motivo claro / nombre genérico
Cinépolis,Sin motivo claro / nombre genérico
Cinépolis Recoleta,Sin motivo claro / nombre genérico
Circolo Massimo,Sin motivo claro / nombre genérico
Ciro Bar,Sin motivo claro / nombre genérico
Cita Gourmet,Sin motivo claro / nombre genérico
Citadino,Sin motivo claro / nombre genérico
Clandestino,Sin motivo claro / nombre genérico
Clara,Sin motivo claro / nombre genérico
Clarisimo Café,Sin motivo claro / nombre genérico
Classic BA,Sin motivo claro / nombre genérico
Claudia,Sin motivo claro / nombre genérico
Clo!,Sin motivo claro / nombre genérico
Clorindo Café,Sin motivo claro / nombre genérico
Clot,Sin motivo claro / nombre genérico
Clout,Sin motivo claro / nombre genérico
Club Bonpland,Sin motivo claro / nombre genérico
Club Burton,Sin motivo claro / nombre genérico
Club Café,Sin motivo claro / nombre genérico
Club Cervecero Blest,Sin motivo claro / nombre genérico
Club Cultural Matienzo,Sin motivo claro / nombre genérico
Club Eros,Sin motivo claro / nombre genérico
Club Fulgor,Sin motivo claro / nombre genérico
Club Gricel,Sin motivo claro / nombre genérico
Club Independencia,Sin motivo claro / nombre genérico
Club La Octava,Sin motivo claro / nombre genérico
Club M Omakase,Sin motivo claro / nombre genérico
Club Milanesa,Sin motivo claro / nombre genérico
Club Milanesa,Sin motivo claro / nombre genérico
Club Milanesa,Sin motivo claro / nombre genérico
Club Social y Deportivo Cachi,Sin motivo claro / nombre genérico
Club V,Sin motivo claro / nombre genérico
Club de la Milanesa,Sin motivo claro / nombre genérico
Club de la Milanesa,Sin motivo claro / nombre genérico
Club del Comic,Sin motivo claro / nombre genérico
Club del Progreso,Sin motivo claro / nombre genérico
Co-Pain,Sin motivo claro / nombre genérico
Cobere,Sin motivo claro / nombre genérico
Cobin,Sin motivo claro / nombre genérico
Cobra,Sin motivo claro / nombre genérico
Cochinchina,Sin motivo claro / nombre genérico
Cocina Abierta,Sin motivo claro / nombre genérico
Cocktail 80,Sin motivo claro / nombre genérico
Coco Café,Sin motivo claro / nombre genérico
Cocu,Sin motivo claro / nombre genérico
Cofi & Window,Sin motivo claro / nombre genérico
Cofi Jaus,Sin motivo claro / nombre genérico
Cohiba,Sin motivo claro / nombre genérico
Colette,Sin motivo claro / nombre genérico
Collins,Sin motivo claro / nombre genérico
Colon,Sin motivo claro / nombre genérico
Comacchio,Sin motivo claro / nombre genérico
Comedor Panamericana Plaza,Sin motivo claro / nombre genérico
Comida Central,Sin motivo claro / nombre genérico
Comida por Kilo,Sin motivo claro / nombre genérico
Comida por Peso,Sin motivo claro / nombre genérico
Como,Sin motivo claro / nombre genérico
Como Pan Caliente,Sin motivo claro / nombre genérico
Compro Oro,Sin motivo claro / nombre genérico
Compro-Libros,Sin motivo claro / nombre genérico
Concepción Pizza y Vino,Sin motivo claro / nombre genérico
Confitera Saint Moritz,Sin motivo claro / nombre genérico
Confitería,Sin motivo claro / nombre genérico
Confitería,Sin motivo claro / nombre genérico
Confitería,Sin motivo claro / nombre genérico
Confitería Bin Bin,Sin motivo claro / nombre genérico
Confitería Quebec,Sin motivo claro / nombre genérico
Confitería Ritz,Sin motivo claro / nombre genérico
Confitería de Antaño,Sin motivo claro / nombre genérico
Confitería del Botánico,Sin motivo claro / nombre genérico
Congres O,Sin motivo claro / nombre genérico
Congreso Plaza,Sin motivo claro / nombre genérico
Copacabana,Sin motivo claro / nombre genérico
Coper,Sin motivo claro / nombre genérico
Coppelia,Sin motivo claro / nombre genérico
Copy Club,Sin motivo claro / nombre genérico
Corazón de mi tierra,Sin motivo claro / nombre genérico
Corrales,Sin motivo claro / nombre genérico
Corte Comedor,Sin motivo claro / nombre genérico
Corto Maltés,Sin motivo claro / nombre genérico
Cosi mi Piace,Sin motivo claro / nombre genérico
Costanzo,Sin motivo claro / nombre genérico
Costumbres Criollas,Sin motivo claro / nombre genérico
Cotterie,Sin motivo claro / nombre genérico
Covadonga,Sin motivo claro / nombre genérico
Cover Café,Sin motivo claro / nombre genérico
Cowi,Sin motivo claro / nombre genérico
Crack,Sin motivo claro / nombre genérico
Craft & Vegan,Sin motivo claro / nombre genérico
Craft Vegan Bakery,Sin motivo claro / nombre genérico
Craft Vegan Bakery,Sin motivo claro / nombre genérico
Craft Vegan Bakery,Sin motivo claro / nombre genérico
Craft Vegan Bakery,Sin motivo claro / nombre genérico
Craft Vegan Bakery,Sin motivo claro / nombre genérico
Crecia,Sin motivo claro / nombre genérico
Cremolatti,Sin motivo claro / nombre genérico
Crespo Bar,Sin motivo claro / nombre genérico
Crisol,Sin motivo claro / nombre genérico
Crisol,Sin motivo claro / nombre genérico
Crisol,Sin motivo claro / nombre genérico
Crisologo,Sin motivo claro / nombre genérico
Crizia,Sin motivo claro / nombre genérico
Crocante,Sin motivo claro / nombre genérico
Crocante,Sin motivo claro / nombre genérico
Crocante junior,Sin motivo claro / nombre genérico
Crokant,Sin motivo claro / nombre genérico
Crokante,Sin motivo claro / nombre genérico
Croxi,Sin motivo claro / nombre genérico
Cruz Vinos,Sin motivo claro / nombre genérico
Crónico,Sin motivo claro / nombre genérico
Cuadra,Sin motivo claro / nombre genérico
Cuadra,Sin motivo claro / nombre genérico
Cuadra,Sin motivo claro / nombre genérico
Cuba Mía,Sin motivo claro / nombre genérico
Cuenca,Sin motivo claro / nombre genérico
Culto,Sin motivo claro / nombre genérico
Cumana,Sin motivo claro / nombre genérico
Curcuma,Sin motivo claro / nombre genérico
Cuspide,Sin motivo claro / nombre genérico
Cuspide,Sin motivo claro / nombre genérico
Cuspide Libros,Sin motivo claro / nombre genérico
Cuspide Libros,Sin motivo claro / nombre genérico
Código Montesco,Sin motivo claro / nombre genérico
Cómic Center,Sin motivo claro / nombre genérico
Côte Cafe,Sin motivo claro / nombre genérico
Cúspide,Sin motivo claro / nombre genérico
Cúspide,Sin motivo claro / nombre genérico
Cúspide,Sin motivo claro / nombre genérico
Cúspide,Sin motivo claro / nombre genérico
Cúspide,Sin motivo claro / nombre genérico
Cúspide,Sin motivo claro / nombre genérico
Cúspide Libros,Sin motivo claro / nombre genérico
Cümen- Cümen,Sin motivo claro / nombre genérico
D'Accordo,Sin motivo claro / nombre genérico
D'Alta,Sin motivo claro / nombre genérico
D'any,Sin motivo claro / nombre genérico
D'any,Sin motivo claro / nombre genérico
DF,Sin motivo claro / nombre genérico
DOGG,Sin motivo claro / nombre genérico
Da Mingo,Sin motivo claro / nombre genérico
Dabbang,Sin motivo claro / nombre genérico
Dafne,Sin motivo claro / nombre genérico
Daiu 1,Sin motivo claro / nombre genérico
Dambleé,Sin motivo claro / nombre genérico
Dandy,Sin motivo claro / nombre genérico
Dandy,Sin motivo claro / nombre genérico
Dandy,Sin motivo claro / nombre genérico
Dandy,Sin motivo claro / nombre genérico
Dandy,Sin motivo claro / nombre genérico
Danerys,Sin motivo claro / nombre genérico
Daniel Bakery,Sin motivo claro / nombre genérico
Dante en Verona,Sin motivo claro / nombre genérico
Darién,Sin motivo claro / nombre genérico
Dark Bar,Sin motivo claro / nombre genérico
Dark pool,Sin motivo claro / nombre genérico
Darling,Sin motivo claro / nombre genérico
Darwin,Sin motivo claro / nombre genérico
Dashi,Sin motivo claro / nombre genérico
Dashimaki,Sin motivo claro / nombre genérico
Datri,Sin motivo claro / nombre genérico
De Diez,Sin motivo claro / nombre genérico
De Dimari,Sin motivo claro / nombre genérico
De Niro,Sin motivo claro / nombre genérico
De olivas i lustres,Sin motivo claro / nombre genérico
Del Amanecer,Sin motivo claro / nombre genérico
Del Pasillo,Sin motivo claro / nombre genérico
Del Plata,Sin motivo claro / nombre genérico
Del Pueblo,Sin motivo claro / nombre genérico
Del Virrey,Sin motivo claro / nombre genérico
Del turista,Sin motivo claro / nombre genérico
Deleites,Sin motivo claro / nombre genérico
Delgado,Sin motivo claro / nombre genérico
Delhi Darbar,Sin motivo claro / nombre genérico
Delhi Mahal,Sin motivo claro / nombre genérico
Delhi Masala,Sin motivo claro / nombre genérico
Deli Office,Sin motivo claro / nombre genérico
Delicias,Sin motivo claro / nombre genérico
Delicias,Sin motivo claro / nombre genérico
Delicias de Matadores,Sin motivo claro / nombre genérico
Delicias de Núñez,Sin motivo claro / nombre genérico
Delicity,Sin motivo claro / nombre genérico
Delicity,Sin motivo claro / nombre genérico
Delicity,Sin motivo claro / nombre genérico
Delirante,Sin motivo claro / nombre genérico
Deliwok,Sin motivo claro / nombre genérico
Delon,Sin motivo claro / nombre genérico
Deluca,Sin motivo claro / nombre genérico
Demetria,Sin motivo claro / nombre genérico
Deniro,Sin motivo claro / nombre genérico
Deniro,Sin motivo claro / nombre genérico
Desnivel,Sin motivo claro / nombre genérico
Di Freda,Sin motivo claro / nombre genérico
Di Pietro,Sin motivo claro / nombre genérico
Dicha,Sin motivo claro / nombre genérico
Dickens,Sin motivo claro / nombre genérico
Dietética Soler,Sin motivo claro / nombre genérico
Dina,Sin motivo claro / nombre genérico
Dina,Sin motivo claro / nombre genérico
Directo de Fábrica,Sin motivo claro / nombre genérico
Directo de Fábrica,Sin motivo claro / nombre genérico
Diseño Bar,Sin motivo claro / nombre genérico
Distal Cafe,Sin motivo claro / nombre genérico
Distribuidora JC,Sin motivo claro / nombre genérico
Distrito,Sin motivo claro / nombre genérico
Diva,Sin motivo claro / nombre genérico
Divino,Sin motivo claro / nombre genérico
Dixs,Sin motivo claro / nombre genérico
Do.Chu.Tf,Sin motivo claro / nombre genérico
Doc Café,Sin motivo claro / nombre genérico
Doc bar de vino,Sin motivo claro / nombre genérico
Doc.cafe,Sin motivo claro / nombre genérico
Dojo,Sin motivo claro / nombre genérico
Dolce Danito,Sin motivo claro / nombre genérico
Dolce Far Niente,Sin motivo claro / nombre genérico
Dolce Herencia,Sin motivo claro / nombre genérico
Domani restaurante,Sin motivo claro / nombre genérico
Domenica Pizza & Cafe,Sin motivo claro / nombre genérico
Don,Sin motivo claro / nombre genérico
DonQ,Sin motivo claro / nombre genérico
Donato,Sin motivo claro / nombre genérico
Donna Eva,Sin motivo claro / nombre genérico
Donnet,Sin motivo claro / nombre genérico
Dopo Cafe,Sin motivo claro / nombre genérico
Dopo Café y Vino,Sin motivo claro / nombre genérico
Doppelganger,Sin motivo claro / nombre genérico
Dora,Sin motivo claro / nombre genérico
Dora,Sin motivo claro / nombre genérico
Dorina,Sin motivo claro / nombre genérico
Dos Escudos,Sin motivo claro / nombre genérico
Dos Escudos,Sin motivo claro / nombre genérico
Dos Escudos,Sin motivo claro / nombre genérico
Dos Escudos,Sin motivo claro / nombre genérico
Dos Leones,Sin motivo claro / nombre genérico
Down Town Matias,Sin motivo claro / nombre genérico
Downtown Deli,Sin motivo claro / nombre genérico
Downtown Matias,Sin motivo claro / nombre genérico
Doxa,Sin motivo claro / nombre genérico
Dragon Doble,Sin motivo claro / nombre genérico
DrinkWalk,Sin motivo claro / nombre genérico
Drinkeria,Sin motivo claro / nombre genérico
Dubliners,Sin motivo claro / nombre genérico
Duca,Sin motivo claro / nombre genérico
Duet,Sin motivo claro / nombre genérico
Dulce Alegría,Sin motivo claro / nombre genérico
Dulce Buenos Aires,Sin motivo claro / nombre genérico
Dulce Chatlotte,Sin motivo claro / nombre genérico
Dulce For Nuete,Sin motivo claro / nombre genérico
Dulce Hora,Sin motivo claro / nombre genérico
Dulce Hora,Sin motivo claro / nombre genérico
Dulce Hora,Sin motivo claro / nombre genérico
Dulce Hora,Sin motivo claro / nombre genérico
Dulce Luz,Sin motivo claro / nombre genérico
Dulce Reina,Sin motivo claro / nombre genérico
Dulces Tentaciones,Sin motivo claro / nombre genérico
Dulces Tentaciones,Sin motivo claro / nombre genérico
Dulzuras Delivery,Sin motivo claro / nombre genérico
Dupla,Sin motivo claro / nombre genérico
Duque,Sin motivo claro / nombre genérico
Dylan Cafe y Helados,Sin motivo claro / nombre genérico
E. Lamar Café,Sin motivo claro / nombre genérico
ELKAFKA Espacio Teatral,Sin motivo claro / nombre genérico
EMViar,Sin motivo claro / nombre genérico
Eatbar,Sin motivo claro / nombre genérico
Eben Ezer,Sin motivo claro / nombre genérico
Ebro: Restaurant Bar,Sin motivo claro / nombre genérico
Eddie,Sin motivo claro / nombre genérico
Edelwisse,Sin motivo claro / nombre genérico
Ediciones Biblioteca Nacional,Sin motivo claro / nombre genérico
Ediciones Colihue,Sin motivo claro / nombre genérico
Ediciones DyD,Sin motivo claro / nombre genérico
Edipo,Sin motivo claro / nombre genérico
Edipo,Sin motivo claro / nombre genérico
Editorial Guadal S.A.,Sin motivo claro / nombre genérico
Editorial Jusbaires,Sin motivo claro / nombre genérico
Editorial Orsai,Sin motivo claro / nombre genérico
Editorial Peniel,Sin motivo claro / nombre genérico
Edmon,Sin motivo claro / nombre genérico
El 702,Sin motivo claro / nombre genérico
El 703,Sin motivo claro / nombre genérico
El Amanecer,Sin motivo claro / nombre genérico
El Amanecer,Sin motivo claro / nombre genérico
El As de Espadas,Sin motivo claro / nombre genérico
El Auge,Sin motivo claro / nombre genérico
El Aval,Sin motivo claro / nombre genérico
El Avila,Sin motivo claro / nombre genérico
El Bagual,Sin motivo claro / nombre genérico
El Baqueano,Sin motivo claro / nombre genérico
El Bar de Julio,Sin motivo claro / nombre genérico
El Bar de Kowalski,Sin motivo claro / nombre genérico
El Barcito,Sin motivo claro / nombre genérico
El Beso Club,Sin motivo claro / nombre genérico
El Boleo - Pizza Café,Sin motivo claro / nombre genérico
El Boulevard,Sin motivo claro / nombre genérico
El Buen Gusto,Sin motivo claro / nombre genérico
El Buen Gusto,Sin motivo claro / nombre genérico
El Buen Sabor,Sin motivo claro / nombre genérico
El Cafe de Tomás,Sin motivo claro / nombre genérico
El Café de Hugo,Sin motivo claro / nombre genérico
El Café de Marco,Sin motivo claro / nombre genérico
El Camarín de las Musas,Sin motivo claro / nombre genérico
El Capricho,Sin motivo claro / nombre genérico
El Cañón,Sin motivo claro / nombre genérico
El Chaqueño,Sin motivo claro / nombre genérico
El Club,Sin motivo claro / nombre genérico
El Club De La Milanesa,Sin motivo claro / nombre genérico
El Club de la Milanesa,Sin motivo claro / nombre genérico
El Club de la Milanesa,Sin motivo claro / nombre genérico
El Coccoroco,Sin motivo claro / nombre genérico
El Coco,Sin motivo claro / nombre genérico
El Codo,Sin motivo claro / nombre genérico
El Coleccionista,Sin motivo claro / nombre genérico
El Condor,Sin motivo claro / nombre genérico
El Correo,Sin motivo claro / nombre genérico
El Creador,Sin motivo claro / nombre genérico
El Cruce,Sin motivo claro / nombre genérico
El Cuartito,Sin motivo claro / nombre genérico
El Cubo,Sin motivo claro / nombre genérico
El César,Sin motivo claro / nombre genérico
El Desembarco,Sin motivo claro / nombre genérico
El Desnivel,Sin motivo claro / nombre genérico
El Destino,Sin motivo claro / nombre genérico
El Emergente,Sin motivo claro / nombre genérico
El Emporio,Sin motivo claro / nombre genérico
El Encanto,Sin motivo claro / nombre genérico
El Españolito,Sin motivo claro / nombre genérico
El Establo,Sin motivo claro / nombre genérico
El Estanciero,Sin motivo claro / nombre genérico
El Familiar,Sin motivo claro / nombre genérico
El Farolito,Sin motivo claro / nombre genérico
El Fondin,Sin motivo claro / nombre genérico
El Fortin,Sin motivo claro / nombre genérico
El Fortinero,Sin motivo claro / nombre genérico
El Fortín,Sin motivo claro / nombre genérico
El Galeón,Sin motivo claro / nombre genérico
El Galpón De Tacuara,Sin motivo claro / nombre genérico
El Galpón de Catalinas,Sin motivo claro / nombre genérico
El Galpón de Tacuara,Sin motivo claro / nombre genérico
El Garfio,Sin motivo claro / nombre genérico
El Garfio,Sin motivo claro / nombre genérico
El Gitana,Sin motivo claro / nombre genérico
El Globo,Sin motivo claro / nombre genérico
El Golfo,Sin motivo claro / nombre genérico
El Hipopótamo,Sin motivo claro / nombre genérico
El Histórico,Sin motivo claro / nombre genérico
El Holandés Cervecero,Sin motivo claro / nombre genérico
El Horno del Norte,Sin motivo claro / nombre genérico
El Huevo de Oro,Sin motivo claro / nombre genérico
El Imparcial,Sin motivo claro / nombre genérico
El K-Maron,Sin motivo claro / nombre genérico
El Kibón,Sin motivo claro / nombre genérico
El Mago,Sin motivo claro / nombre genérico
El Maná,Sin motivo claro / nombre genérico
El Marquee,Sin motivo claro / nombre genérico
El Mazacote,Sin motivo claro / nombre genérico
El Meson,Sin motivo claro / nombre genérico
El Milenio,Sin motivo claro / nombre genérico
El Mirador,Sin motivo claro / nombre genérico
El Mirasol,Sin motivo claro / nombre genérico
El Mirasol de Boedo,Sin motivo claro / nombre genérico
El Modelo,Sin motivo claro / nombre genérico
El Museo del Jamón,Sin motivo claro / nombre genérico
El Nacional,Sin motivo claro / nombre genérico
El Nilo,Sin motivo claro / nombre genérico
El Nueva Vencedor,Sin motivo claro / nombre genérico
El Nuevo Progreso,Sin motivo claro / nombre genérico
El Obrero,Sin motivo claro / nombre genérico
El Olmo,Sin motivo claro / nombre genérico
El Palacio de la Pizza,Sin motivo claro / nombre genérico
El Parmegiano,Sin motivo claro / nombre genérico
El Parrilón de Versailles,Sin motivo claro / nombre genérico
El Patiecito,Sin motivo claro / nombre genérico
El Patrón de la Pizza,Sin motivo claro / nombre genérico
El Pirata de Barracas,Sin motivo claro / nombre genérico
El Pobre Luis,Sin motivo claro / nombre genérico
El Preferido de Palermo,Sin motivo claro / nombre genérico
El Progreso,Sin motivo claro / nombre genérico
El Progreso,Sin motivo claro / nombre genérico
El Progreso,Sin motivo claro / nombre genérico
El Puentecito,Sin motivo claro / nombre genérico
El Puntal,Sin motivo claro / nombre genérico
El Rebenque de Omar,Sin motivo claro / nombre genérico
El Remanso,Sin motivo claro / nombre genérico
El Renaciente,Sin motivo claro / nombre genérico
El Residente,Sin motivo claro / nombre genérico
El Ricón de Pablo,Sin motivo claro / nombre genérico
El Rincon,Sin motivo claro / nombre genérico
El Rincon,Sin motivo claro / nombre genérico
El Rincon Organico,Sin motivo claro / nombre genérico
El Rinconcito,Sin motivo claro / nombre genérico
El Rinconcito del Sabor,Sin motivo claro / nombre genérico
El Roncal,Sin motivo claro / nombre genérico
El Rufian Melancolico,Sin motivo claro / nombre genérico
El Rápido,Sin motivo claro / nombre genérico
El Sabor,Sin motivo claro / nombre genérico
El Salto de las Ranas,Sin motivo claro / nombre genérico
El Secreto de Oro,Sin motivo claro / nombre genérico
El Socio,Sin motivo claro / nombre genérico
El Socorro,Sin motivo claro / nombre genérico
El Soñado,Sin motivo claro / nombre genérico
El Sueño,Sin motivo claro / nombre genérico
El Talion,Sin motivo claro / nombre genérico
El Taller,Sin motivo claro / nombre genérico
El Tangal,Sin motivo claro / nombre genérico
El Tata,Sin motivo claro / nombre genérico
El Teatrito,Sin motivo claro / nombre genérico
El Teatro,Sin motivo claro / nombre genérico
El Timón,Sin motivo claro / nombre genérico
El Topo,Sin motivo claro / nombre genérico
El Topo,Sin motivo claro / nombre genérico
El Tordo,Sin motivo claro / nombre genérico
El Torreón,Sin motivo claro / nombre genérico
El Trigo de Oro,Sin motivo claro / nombre genérico
El Verdolaga,Sin motivo claro / nombre genérico
El Villano Cafe,Sin motivo claro / nombre genérico
El amanecer,Sin motivo claro / nombre genérico
El club de la milanesa,Sin motivo claro / nombre genérico
El club de la milanesa,Sin motivo claro / nombre genérico
El del Uru,Sin motivo claro / nombre genérico
El estaño,Sin motivo claro / nombre genérico
El fermentador,Sin motivo claro / nombre genérico
El gordo vegano,Sin motivo claro / nombre genérico
El rey de la bondiola,Sin motivo claro / nombre genérico
El tropezón,Sin motivo claro / nombre genérico
El Ángel,Sin motivo claro / nombre genérico
Elauge,Sin motivo claro / nombre genérico
Elena,Sin motivo claro / nombre genérico
Eligourmet,Sin motivo claro / nombre genérico
Elocuente Cafe y Libros,Sin motivo claro / nombre genérico
Eloisa,Sin motivo claro / nombre genérico
Eloski Pizzeria,Sin motivo claro / nombre genérico
Elote,Sin motivo claro / nombre genérico
Emerencias Artisticas,Sin motivo claro / nombre genérico
Encuentros,Sin motivo claro / nombre genérico
Energía Libros,Sin motivo claro / nombre genérico
Enfundá la mandolina,Sin motivo claro / nombre genérico
Enitma,Sin motivo claro / nombre genérico
Enitma - Café Reserva,Sin motivo claro / nombre genérico
Erik Bar,Sin motivo claro / nombre genérico
Ermak,Sin motivo claro / nombre genérico
Espacio Callejón,Sin motivo claro / nombre genérico
Espacio García,Sin motivo claro / nombre genérico
Espacio INCAA KM 0 - Gaumont,Sin motivo claro / nombre genérico
"Espacio INCAA Km. 2 - Teatro ""La Máscara""",Sin motivo claro / nombre genérico
Esperanza,Sin motivo claro / nombre genérico
Essel,Sin motivo claro / nombre genérico
Establecimiento General de Café,Sin motivo claro / nombre genérico
Establecimiento General de Café,Sin motivo claro / nombre genérico
Establecimiento General de Café,Sin motivo claro / nombre genérico
Establecimiento General de Café,Sin motivo claro / nombre genérico
Establecimiento General de Café,Sin motivo claro / nombre genérico
Establecimiento General de Café,Sin motivo claro / nombre genérico
Estacion Caminito,Sin motivo claro / nombre genérico
Estación Libro,Sin motivo claro / nombre genérico
Estación Versalles,Sin motivo claro / nombre genérico
Estado de a Israel,Sin motivo claro / nombre genérico
Eudeba,Sin motivo claro / nombre genérico
Europa,Sin motivo claro / nombre genérico
Evaristo,Sin motivo claro / nombre genérico
Exedra,Sin motivo claro / nombre genérico
Express,Sin motivo claro / nombre genérico
Extrawurst,Sin motivo claro / nombre genérico
Extraño Mundo,Sin motivo claro / nombre genérico
FAYER Buenos Aires,Sin motivo claro / nombre genérico
Fa Song Song,Sin motivo claro / nombre genérico
Fabiano,Sin motivo claro / nombre genérico
Fabric,Sin motivo claro / nombre genérico
Fabric,Sin motivo claro / nombre genérico
Fabric,Sin motivo claro / nombre genérico
Fabric,Sin motivo claro / nombre genérico
Fabric,Sin motivo claro / nombre genérico
Fabrica de Pizzas,Sin motivo claro / nombre genérico
Fabrica de Pizzas,Sin motivo claro / nombre genérico
Fabrica de Sandwiches de Miga,Sin motivo claro / nombre genérico
Facturas & Cia,Sin motivo claro / nombre genérico
Facundo,Sin motivo claro / nombre genérico
Facundo,Sin motivo claro / nombre genérico
Falena,Sin motivo claro / nombre genérico
Famous Loungebar,Sin motivo claro / nombre genérico
Fan de Pan,Sin motivo claro / nombre genérico
Fan de Pan,Sin motivo claro / nombre genérico
Farandula,Sin motivo claro / nombre genérico
Farfalla,Sin motivo claro / nombre genérico
Faricci,Sin motivo claro / nombre genérico
Faricci,Sin motivo claro / nombre genérico
Farinelli,Sin motivo claro / nombre genérico
Faro de Ons,Sin motivo claro / nombre genérico
Fauno´ss,Sin motivo claro / nombre genérico
Fava,Sin motivo claro / nombre genérico
Fayer,Sin motivo claro / nombre genérico
Fea,Sin motivo claro / nombre genérico
Federico,Sin motivo claro / nombre genérico
Federico,Sin motivo claro / nombre genérico
Felicia,Sin motivo claro / nombre genérico
Felicidad,Sin motivo claro / nombre genérico
Fenicia,Sin motivo claro / nombre genérico
Fervor,Sin motivo claro / nombre genérico
Fetiche Libros,Sin motivo claro / nombre genérico
Fiambreria,Sin motivo claro / nombre genérico
"Fiambreria ""Pelu""",Sin motivo claro / nombre genérico
Fiambreria Ale Ale,Sin motivo claro / nombre genérico
Fiambres & Quesos,Sin motivo claro / nombre genérico
Figueroa,Sin motivo claro / nombre genérico
Filippa,Sin motivo claro / nombre genérico
Filo,Sin motivo claro / nombre genérico
Filo Restaurante,Sin motivo claro / nombre genérico
Fiore,Sin motivo claro / nombre genérico
Fiorire,Sin motivo claro / nombre genérico
First Padel Center,Sin motivo claro / nombre genérico
FitoGraf,Sin motivo claro / nombre genérico
Flipa,Sin motivo claro / nombre genérico
Florencia,Sin motivo claro / nombre genérico
Florencio,Sin motivo claro / nombre genérico
Florería Atlántico,Sin motivo claro / nombre genérico
Florida,Sin motivo claro / nombre genérico
Florida 165,Sin motivo claro / nombre genérico
Foja Cero,Sin motivo claro / nombre genérico
Fondo de Cultura Económica,Sin motivo claro / nombre genérico
Food Time,Sin motivo claro / nombre genérico
Forma,Sin motivo claro / nombre genérico
Found,Sin motivo claro / nombre genérico
Franca,Sin motivo claro / nombre genérico
Francesa,Sin motivo claro / nombre genérico
Francesco,Sin motivo claro / nombre genérico
Francoparma,Sin motivo claro / nombre genérico
Frankie 400,Sin motivo claro / nombre genérico
Frano,Sin motivo claro / nombre genérico
Fraterno,Sin motivo claro / nombre genérico
Fraterno,Sin motivo claro / nombre genérico
Freda,Sin motivo claro / nombre genérico
Fredy,Sin motivo claro / nombre genérico
Fresca,Sin motivo claro / nombre genérico
Fresh Kitchen Bar,Sin motivo claro / nombre genérico
Frida,Sin motivo claro / nombre genérico
Fritz,Sin motivo claro / nombre genérico
Fruto - Café de Especialidad,Sin motivo claro / nombre genérico
Fuego Pizza del Mundo,Sin motivo claro / nombre genérico
Fuegos y Vinos,Sin motivo claro / nombre genérico
Fuerza Bruta,Sin motivo claro / nombre genérico
Fugazi,Sin motivo claro / nombre genérico
Fukuro Noodle bar,Sin motivo claro / nombre genérico
Fulgor Café,Sin motivo claro / nombre genérico
Full,Sin motivo claro / nombre genérico
Full,Sin motivo claro / nombre genérico
Full City Coffeehouse,Sin motivo claro / nombre genérico
Funny,Sin motivo claro / nombre genérico
Fuoco,Sin motivo claro / nombre genérico
Furchi,Sin motivo claro / nombre genérico
Furia,Sin motivo claro / nombre genérico
Fábrica de Café,Sin motivo claro / nombre genérico
Fábrica de Pizzas,Sin motivo claro / nombre genérico
Féca,Sin motivo claro / nombre genérico
Féca,Sin motivo claro / nombre genérico
Félix,Sin motivo claro / nombre genérico
GITAN Café,Sin motivo claro / nombre genérico
Gabriel Libros,Sin motivo claro / nombre genérico
Gaby,Sin motivo claro / nombre genérico
Gala,Sin motivo claro / nombre genérico
Galerna,Sin motivo claro / nombre genérico
Galerna,Sin motivo claro / nombre genérico
Galia,Sin motivo claro / nombre genérico
Gallego,Sin motivo claro / nombre genérico
Galpon Plaza,Sin motivo claro / nombre genérico
Galpon de Guevara,Sin motivo claro / nombre genérico
Gamas,Sin motivo claro / nombre genérico
Gamas,Sin motivo claro / nombre genérico
Gamas,Sin motivo claro / nombre genérico
Gambito de Alfil,Sin motivo claro / nombre genérico
Gandalf,Sin motivo claro / nombre genérico
Gandhi,Sin motivo claro / nombre genérico
Ganesha - Arts & Pizza,Sin motivo claro / nombre genérico
Garage Bar,Sin motivo claro / nombre genérico
Garbis,Sin motivo claro / nombre genérico
Garcia,Sin motivo claro / nombre genérico
Garcia Castro,Sin motivo claro / nombre genérico
Gardel,Sin motivo claro / nombre genérico
Garibaldi,Sin motivo claro / nombre genérico
Gavilan,Sin motivo claro / nombre genérico
Gayena,Sin motivo claro / nombre genérico
Gello,Sin motivo claro / nombre genérico
Genk,Sin motivo claro / nombre genérico
Gepetto,Sin motivo claro / nombre genérico
Ghirardelli Café | Café de Especialidad,Sin motivo claro / nombre genérico
Gian D,Sin motivo claro / nombre genérico
Gibraltar,Sin motivo claro / nombre genérico
Gigi Pappy,Sin motivo claro / nombre genérico
Gijon,Sin motivo claro / nombre genérico
Gilmour Bar,Sin motivo claro / nombre genérico
Ginko,Sin motivo claro / nombre genérico
Giusseppe Vicenti,Sin motivo claro / nombre genérico
Glumy,Sin motivo claro / nombre genérico
Go Bar,Sin motivo claro / nombre genérico
Go in!,Sin motivo claro / nombre genérico
Gontran Cherrier,Sin motivo claro / nombre genérico
Gonzalez,Sin motivo claro / nombre genérico
Gonzalo,Sin motivo claro / nombre genérico
Gordo Chanta,Sin motivo claro / nombre genérico
Gorgias,Sin motivo claro / nombre genérico
Gota,Sin motivo claro / nombre genérico
Gott,Sin motivo claro / nombre genérico
Gout,Sin motivo claro / nombre genérico
Goya,Sin motivo claro / nombre genérico
Gracias Madre,Sin motivo claro / nombre genérico
Gran Bar Danzón,Sin motivo claro / nombre genérico
Gran Dabbang,Sin motivo claro / nombre genérico
Gran Norte,Sin motivo claro / nombre genérico
Grand Café,Sin motivo claro / nombre genérico
Grandi,Sin motivo claro / nombre genérico
Granja y Fiambreria,Sin motivo claro / nombre genérico
Gratto,Sin motivo claro / nombre genérico
Graziano,Sin motivo claro / nombre genérico
Greta,Sin motivo claro / nombre genérico
Gros Café,Sin motivo claro / nombre genérico
Growlers,Sin motivo claro / nombre genérico
Growlers,Sin motivo claro / nombre genérico
Growlers craft beer,Sin motivo claro / nombre genérico
Gualicho,Sin motivo claro / nombre genérico
Guber,Sin motivo claro / nombre genérico
Gusto,Sin motivo claro / nombre genérico
Gustó Café,Sin motivo claro / nombre genérico
Génesis,Sin motivo claro / nombre genérico
Gökotta,Sin motivo claro / nombre genérico
Güerrín,Sin motivo claro / nombre genérico
HANA Poke & Bar,Sin motivo claro / nombre genérico
HD Libros,Sin motivo claro / nombre genérico
HIT,Sin motivo claro / nombre genérico
Hache,Sin motivo claro / nombre genérico
Haiku,Sin motivo claro / nombre genérico
Hakka,Sin motivo claro / nombre genérico
Haku Mikhuq,Sin motivo claro / nombre genérico
Halina,Sin motivo claro / nombre genérico
Harmony Bar & Restaurante,Sin motivo claro / nombre genérico
Hasta Trilce,Sin motivo claro / nombre genérico
Hasta la Masa,Sin motivo claro / nombre genérico
Havana,Sin motivo claro / nombre genérico
Havana,Sin motivo claro / nombre genérico
Havanna,Sin motivo claro / nombre genérico
Havanna,Sin motivo claro / nombre genérico
Havanna,Sin motivo claro / nombre genérico
Havanna,Sin motivo claro / nombre genérico
Havanna,Sin motivo claro / nombre genérico
Havanna,Sin motivo claro / nombre genérico
Havanna,Sin motivo claro / nombre genérico
Havanna,Sin motivo claro / nombre genérico
Havanna,Sin motivo claro / nombre genérico
Havanna,Sin motivo claro / nombre genérico
Havanna,Sin motivo claro / nombre genérico
Havanna,Sin motivo claro / nombre genérico
Havanna,Sin motivo claro / nombre genérico
Havanna,Sin motivo claro / nombre genérico
Havanna,Sin motivo claro / nombre genérico
Havanna,Sin motivo claro / nombre genérico
Havanna,Sin motivo claro / nombre genérico
Havanna,Sin motivo claro / nombre genérico
Havanna,Sin motivo claro / nombre genérico
Havanna,Sin motivo claro / nombre genérico
Havanna,Sin motivo claro / nombre genérico
Havanna,Sin motivo claro / nombre genérico
Havanna,Sin motivo claro / nombre genérico
Havanna,Sin motivo claro / nombre genérico
Havanna,Sin motivo claro / nombre genérico
Havanna,Sin motivo claro / nombre genérico
Havanna,Sin motivo claro / nombre genérico
Havanna,Sin motivo claro / nombre genérico
Havanna,Sin motivo claro / nombre genérico
Havanna,Sin motivo claro / nombre genérico
Havanna,Sin motivo claro / nombre genérico
Havanna,Sin motivo claro / nombre genérico
Havanna,Sin motivo claro / nombre genérico
Havanna,Sin motivo claro / nombre genérico
Havanna,Sin motivo claro / nombre genérico
Havanna,Sin motivo claro / nombre genérico
Havanna,Sin motivo claro / nombre genérico
Havanna,Sin motivo claro / nombre genérico
Havanna,Sin motivo claro / nombre genérico
Havanna,Sin motivo claro / nombre genérico
Havanna,Sin motivo claro / nombre genérico
Havanna,Sin motivo claro / nombre genérico
Havanna,Sin motivo claro / nombre genérico
Havanna,Sin motivo claro / nombre genérico
Havanna,Sin motivo claro / nombre genérico
Havanna,Sin motivo claro / nombre genérico
Havanna,Sin motivo claro / nombre genérico
Havanna,Sin motivo claro / nombre genérico
Havanna,Sin motivo claro / nombre genérico
Havanna,Sin motivo claro / nombre genérico
Havanna,Sin motivo claro / nombre genérico
Havanna,Sin motivo claro / nombre genérico
Havanna,Sin motivo claro / nombre genérico
Havanna,Sin motivo claro / nombre genérico
Havanna,Sin motivo claro / nombre genérico
Havanna,Sin motivo claro / nombre genérico
Havanna,Sin motivo claro / nombre genérico
Havanna,Sin motivo claro / nombre genérico
Havanna,Sin motivo claro / nombre genérico
Havanna,Sin motivo claro / nombre genérico
Havanna,Sin motivo claro / nombre genérico
Havanna,Sin motivo claro / nombre genérico
Havanna,Sin motivo claro / nombre genérico
Havanna,Sin motivo claro / nombre genérico
Havanna,Sin motivo claro / nombre genérico
Havanna,Sin motivo claro / nombre genérico
Havanna,Sin motivo claro / nombre genérico
Havanna,Sin motivo claro / nombre genérico
Havanna,Sin motivo claro / nombre genérico
Hawaii Love Bar,Sin motivo claro / nombre genérico
Heladería Artesanal Premium,Sin motivo claro / nombre genérico
"Heladería y Cafetería ""Fausto""",Sin motivo claro / nombre genérico
Helados & Cafe,Sin motivo claro / nombre genérico
Helka wine bar,Sin motivo claro / nombre genérico
Hercules,Sin motivo claro / nombre genérico
Hereford,Sin motivo claro / nombre genérico
Hereford,Sin motivo claro / nombre genérico
Herman,Sin motivo claro / nombre genérico
Hernández,Sin motivo claro / nombre genérico
Hierbabuena,Sin motivo claro / nombre genérico
Hierro,Sin motivo claro / nombre genérico
Hipólito,Sin motivo claro / nombre genérico
Hiro,Sin motivo claro / nombre genérico
Hispano,Sin motivo claro / nombre genérico
Hobby,Sin motivo claro / nombre genérico
Hobby,Sin motivo claro / nombre genérico
Hoboken,Sin motivo claro / nombre genérico
Holm Bar,Sin motivo claro / nombre genérico
Honorio,Sin motivo claro / nombre genérico
Horacio,Sin motivo claro / nombre genérico
Horus,Sin motivo claro / nombre genérico
Hot,Sin motivo claro / nombre genérico
Hoyts,Sin motivo claro / nombre genérico
Huacho,Sin motivo claro / nombre genérico
Huacho Fuegos,Sin motivo claro / nombre genérico
"Humboldt 2266, 1A",Sin motivo claro / nombre genérico
Hunter Bier,Sin motivo claro / nombre genérico
Hygge Café,Sin motivo claro / nombre genérico
Hábito Café,Sin motivo claro / nombre genérico
Härlig,Sin motivo claro / nombre genérico
Hönecker boutique de chocolates,Sin motivo claro / nombre genérico
I.P.A.,Sin motivo claro / nombre genérico
IDL,Sin motivo claro / nombre genérico
IPA Cervecería,Sin motivo claro / nombre genérico
ITACA complejo teatral,Sin motivo claro / nombre genérico
Iberia,Sin motivo claro / nombre genérico
Ibérica,Sin motivo claro / nombre genérico
Ibérico,Sin motivo claro / nombre genérico
Iceland,Sin motivo claro / nombre genérico
Iceland,Sin motivo claro / nombre genérico
Ifigenia Café Literario,Sin motivo claro / nombre genérico
Impala,Sin motivo claro / nombre genérico
Imperial II,Sin motivo claro / nombre genérico
Imperio,Sin motivo claro / nombre genérico
Infekted,Sin motivo claro / nombre genérico
Instancopy,Sin motivo claro / nombre genérico
Intanto,Sin motivo claro / nombre genérico
Ioshek,Sin motivo claro / nombre genérico
Ipolitina pizza,Sin motivo claro / nombre genérico
Irifune,Sin motivo claro / nombre genérico
Iris,Sin motivo claro / nombre genérico
Irish,Sin motivo claro / nombre genérico
Irish Bakers,Sin motivo claro / nombre genérico
Iru Vermu,Sin motivo claro / nombre genérico
Iruya,Sin motivo claro / nombre genérico
Isabella,Sin motivo claro / nombre genérico
Isidro Mercadito y Picoteo,Sin motivo claro / nombre genérico
Isla de Capri,Sin motivo claro / nombre genérico
Ispica,Sin motivo claro / nombre genérico
Itati,Sin motivo claro / nombre genérico
J.W. Bradley,Sin motivo claro / nombre genérico
JC,Sin motivo claro / nombre genérico
Jack the Ripper,Sin motivo claro / nombre genérico
Jamonería y Quesería del Virrey,Sin motivo claro / nombre genérico
Jamuy Kayman,Sin motivo claro / nombre genérico
Jamón del Medio,Sin motivo claro / nombre genérico
Janio,Sin motivo claro / nombre genérico
Jasmin,Sin motivo claro / nombre genérico
Jeju,Sin motivo claro / nombre genérico
Jekyll,Sin motivo claro / nombre genérico
Jerome,Sin motivo claro / nombre genérico
Jerome,Sin motivo claro / nombre genérico
Jerome - The Beer Republic,Sin motivo claro / nombre genérico
Jerome Palermo Hollywood,Sin motivo claro / nombre genérico
Jimbo,Sin motivo claro / nombre genérico
Jimena Fuster,Sin motivo claro / nombre genérico
Jiro,Sin motivo claro / nombre genérico
Jisu,Sin motivo claro / nombre genérico
Johann,Sin motivo claro / nombre genérico
Johnatan,Sin motivo claro / nombre genérico
Jornal,Sin motivo claro / nombre genérico
Josefa,Sin motivo claro / nombre genérico
Josefina,Sin motivo claro / nombre genérico
Juan Pablo Refetto,Sin motivo claro / nombre genérico
Juan Pedro Caballero,Sin motivo claro / nombre genérico
Juan S.,Sin motivo claro / nombre genérico
Juan Salvador,Sin motivo claro / nombre genérico
Juan Valdez Café,Sin motivo claro / nombre genérico
Juan Valdéz Café,Sin motivo claro / nombre genérico
Juani Café,Sin motivo claro / nombre genérico
Juanito,Sin motivo claro / nombre genérico
Judhi,Sin motivo claro / nombre genérico
Junin,Sin motivo claro / nombre genérico
Juntos Hasta El Final,Sin motivo claro / nombre genérico
Jussto,Sin motivo claro / nombre genérico
Júcaro,Sin motivo claro / nombre genérico
KEK pastelería & co.,Sin motivo claro / nombre genérico
KEL Ediciones,Sin motivo claro / nombre genérico
KEL Ediciones,Sin motivo claro / nombre genérico
KEL Ediciones,Sin motivo claro / nombre genérico
KEL Ediciones,Sin motivo claro / nombre genérico
KIF,Sin motivo claro / nombre genérico
Kaido,Sin motivo claro / nombre genérico
Kainos,Sin motivo claro / nombre genérico
Kainos,Sin motivo claro / nombre genérico
Kaiteki,Sin motivo claro / nombre genérico
Kajue Café,Sin motivo claro / nombre genérico
Kalimera Kafes,Sin motivo claro / nombre genérico
Kalimnnos,Sin motivo claro / nombre genérico
Kalimnos,Sin motivo claro / nombre genérico
Kalimnos,Sin motivo claro / nombre genérico
Kansas,Sin motivo claro / nombre genérico
Katsu,Sin motivo claro / nombre genérico
Kefi,Sin motivo claro / nombre genérico
Kekomemos,Sin motivo claro / nombre genérico
Keller,Sin motivo claro / nombre genérico
Keller Bier,Sin motivo claro / nombre genérico
Keller Serrano,Sin motivo claro / nombre genérico
Kellers,Sin motivo claro / nombre genérico
Kenitos,Sin motivo claro / nombre genérico
Kentuchy,Sin motivo claro / nombre genérico
Kentuky,Sin motivo claro / nombre genérico
Keops,Sin motivo claro / nombre genérico
Kersen,Sin motivo claro / nombre genérico
Kika,Sin motivo claro / nombre genérico
Kiku,Sin motivo claro / nombre genérico
Kilo Gourmet,Sin motivo claro / nombre genérico
Kipimax,Sin motivo claro / nombre genérico
Kismet,Sin motivo claro / nombre genérico
Klawer,Sin motivo claro / nombre genérico
Konu,Sin motivo claro / nombre genérico
Kooperation BAs,Sin motivo claro / nombre genérico
Kopi,Sin motivo claro / nombre genérico
Kopi,Sin motivo claro / nombre genérico
Kopi,Sin motivo claro / nombre genérico
Kopi,Sin motivo claro / nombre genérico
Kopi Cafe,Sin motivo claro / nombre genérico
Kosten Suess,Sin motivo claro / nombre genérico
Kowloon,Sin motivo claro / nombre genérico
Kraken Bar,Sin motivo claro / nombre genérico
Krill,Sin motivo claro / nombre genérico
Krishna Veggie,Sin motivo claro / nombre genérico
Krop,Sin motivo claro / nombre genérico
Kumo,Sin motivo claro / nombre genérico
Kuro Kuma,Sin motivo claro / nombre genérico
Kyodo,Sin motivo claro / nombre genérico
Küne,Sin motivo claro / nombre genérico
L'Abeille,Sin motivo claro / nombre genérico
L'Artigiano,Sin motivo claro / nombre genérico
LABA café,Sin motivo claro / nombre genérico
LTA,Sin motivo claro / nombre genérico
La Academia,Sin motivo claro / nombre genérico
La Alacena,Sin motivo claro / nombre genérico
La Alacena Pastificio,Sin motivo claro / nombre genérico
La Aldea,Sin motivo claro / nombre genérico
La Americana,Sin motivo claro / nombre genérico
La Americana,Sin motivo claro / nombre genérico
La Americana,Sin motivo claro / nombre genérico
La Americana,Sin motivo claro / nombre genérico
La Amistad,Sin motivo claro / nombre genérico
La Armonia,Sin motivo claro / nombre genérico
La Artesana,Sin motivo claro / nombre genérico
La Artesanal,Sin motivo claro / nombre genérico
La Atenas de Cuba,Sin motivo claro / nombre genérico
La Aurora,Sin motivo claro / nombre genérico
La Azulada,Sin motivo claro / nombre genérico
La Baita,Sin motivo claro / nombre genérico
La Bambola,Sin motivo claro / nombre genérico
La Bandurria,Sin motivo claro / nombre genérico
La Barcelonesa,Sin motivo claro / nombre genérico
La Barcelonesa,Sin motivo claro / nombre genérico
La Barcelonesa,Sin motivo claro / nombre genérico
La Barcelonesa,Sin motivo claro / nombre genérico
La Barra,Sin motivo claro / nombre genérico
La Bartola de Barracas,Sin motivo claro / nombre genérico
La Bartola de Barracas,Sin motivo claro / nombre genérico
La Bataraza,Sin motivo claro / nombre genérico
La Bistecca,Sin motivo claro / nombre genérico
La Blanquita (Nacional y Popular),Sin motivo claro / nombre genérico
La Bohemia,Sin motivo claro / nombre genérico
La Bohemia,Sin motivo claro / nombre genérico
La Bonita,Sin motivo claro / nombre genérico
La Boqueria,Sin motivo claro / nombre genérico
La Buena Cocina,Sin motivo claro / nombre genérico
La Buena Nueva,Sin motivo claro / nombre genérico
La Caballeriza,Sin motivo claro / nombre genérico
La Caballeriza,Sin motivo claro / nombre genérico
La Cabaña,Sin motivo claro / nombre genérico
La Cabaña Sorianita,Sin motivo claro / nombre genérico
La Cabrera,Sin motivo claro / nombre genérico
La Cabrera,Sin motivo claro / nombre genérico
La Cabrera Norte,Sin motivo claro / nombre genérico
La Cacerola de Monserrat,Sin motivo claro / nombre genérico
La Cafería,Sin motivo claro / nombre genérico
La Calle,Sin motivo claro / nombre genérico
La Camorra,Sin motivo claro / nombre genérico
La Camorra,Sin motivo claro / nombre genérico
La Canasta de Juan,Sin motivo claro / nombre genérico
La Canastita,Sin motivo claro / nombre genérico
La Cantona,Sin motivo claro / nombre genérico
La Capital,Sin motivo claro / nombre genérico
La Capital,Sin motivo claro / nombre genérico
La Capital,Sin motivo claro / nombre genérico
La Carmela,Sin motivo claro / nombre genérico
La Carnicería,Sin motivo claro / nombre genérico
La Cason,Sin motivo claro / nombre genérico
La Casona de Guss,Sin motivo claro / nombre genérico
La Casona de L' Abuela,Sin motivo claro / nombre genérico
La Catalana,Sin motivo claro / nombre genérico
La Catedra,Sin motivo claro / nombre genérico
La Causa Nikkei,Sin motivo claro / nombre genérico
La Cava Jufre,Sin motivo claro / nombre genérico
La Cañada,Sin motivo claro / nombre genérico
La Cañita,Sin motivo claro / nombre genérico
La Celeste,Sin motivo claro / nombre genérico
La Central Chacabuco,Sin motivo claro / nombre genérico
La Cerrajeria,Sin motivo claro / nombre genérico
La Chaca,Sin motivo claro / nombre genérico
La Chispa,Sin motivo claro / nombre genérico
La Choppería de Palermo,Sin motivo claro / nombre genérico
La Choza,Sin motivo claro / nombre genérico
La Cigüeña,Sin motivo claro / nombre genérico
La Cocina,Sin motivo claro / nombre genérico
La Cocina de Virrey,Sin motivo claro / nombre genérico
La Colmena,Sin motivo claro / nombre genérico
La Colonia,Sin motivo claro / nombre genérico
La Colonial,Sin motivo claro / nombre genérico
La Colorada,Sin motivo claro / nombre genérico
La Comarca,Sin motivo claro / nombre genérico
La Comarca,Sin motivo claro / nombre genérico
La Comedia,Sin motivo claro / nombre genérico
La Continental,Sin motivo claro / nombre genérico
La Continental,Sin motivo claro / nombre genérico
La Continental,Sin motivo claro / nombre genérico
La Continental,Sin motivo claro / nombre genérico
La Continental,Sin motivo claro / nombre genérico
La Continental,Sin motivo claro / nombre genérico
La Coqueta,Sin motivo claro / nombre genérico
La Coqueta,Sin motivo claro / nombre genérico
La Coqueta,Sin motivo claro / nombre genérico
La Corona,Sin motivo claro / nombre genérico
La Crespo,Sin motivo claro / nombre genérico
La Cueva,Sin motivo claro / nombre genérico
La Cueva,Sin motivo claro / nombre genérico
La De Toto,Sin motivo claro / nombre genérico
La Delicia,Sin motivo claro / nombre genérico
La Dignidas,Sin motivo claro / nombre genérico
La Dolfina,Sin motivo claro / nombre genérico
La Dolly,Sin motivo claro / nombre genérico
La Dorita,Sin motivo claro / nombre genérico
La Dorita,Sin motivo claro / nombre genérico
La Dorita,Sin motivo claro / nombre genérico
La Dorita,Sin motivo claro / nombre genérico
La Dulzura,Sin motivo claro / nombre genérico
La Embajada,Sin motivo claro / nombre genérico
La Emiliana,Sin motivo claro / nombre genérico
La Entrerriana,Sin motivo claro / nombre genérico
La Escondida,Sin motivo claro / nombre genérico
La Escuela,Sin motivo claro / nombre genérico
La Esmeralda,Sin motivo claro / nombre genérico
La Española,Sin motivo claro / nombre genérico
La Estación,Sin motivo claro / nombre genérico
La Estación de Facturas,Sin motivo claro / nombre genérico
La Estancia,Sin motivo claro / nombre genérico
La Estancia,Sin motivo claro / nombre genérico
La Estancia,Sin motivo claro / nombre genérico
La Exposicion,Sin motivo claro / nombre genérico
La Exposición,Sin motivo claro / nombre genérico
La Exposición,Sin motivo claro / nombre genérico
La Fachada,Sin motivo claro / nombre genérico
La Fachada,Sin motivo claro / nombre genérico
La Faina,Sin motivo claro / nombre genérico
La Familiar,Sin motivo claro / nombre genérico
La Favorita,Sin motivo claro / nombre genérico
La Favorita,Sin motivo claro / nombre genérico
La Fira,Sin motivo claro / nombre genérico
La Florida,Sin motivo claro / nombre genérico
La Fonte De Oro,Sin motivo claro / nombre genérico
La Francesa,Sin motivo claro / nombre genérico
La Francizka,Sin motivo claro / nombre genérico
La Fuccinalta,Sin motivo claro / nombre genérico
La Galera,Sin motivo claro / nombre genérico
La Garage,Sin motivo claro / nombre genérico
La Germinadora,Sin motivo claro / nombre genérico
La Gioconda,Sin motivo claro / nombre genérico
La Giralda Cafetería,Sin motivo claro / nombre genérico
La Gironda,Sin motivo claro / nombre genérico
La Gran Flauta,Sin motivo claro / nombre genérico
La Gran Flauta,Sin motivo claro / nombre genérico
La Gran Flauta,Sin motivo claro / nombre genérico
La Gran Nuñez,Sin motivo claro / nombre genérico
La Gran Pocha,Sin motivo claro / nombre genérico
La Gran Via,Sin motivo claro / nombre genérico
La Greco,Sin motivo claro / nombre genérico
La Helvetica,Sin motivo claro / nombre genérico
La Herradura,Sin motivo claro / nombre genérico
La Huichula,Sin motivo claro / nombre genérico
La Ideal,Sin motivo claro / nombre genérico
La Jalapeña,Sin motivo claro / nombre genérico
La Juana,Sin motivo claro / nombre genérico
La Juvenil,Sin motivo claro / nombre genérico
La Kitchen,Sin motivo claro / nombre genérico
La Kitchen,Sin motivo claro / nombre genérico
La Lengua Absuelta,Sin motivo claro / nombre genérico
La Libre,Sin motivo claro / nombre genérico
La Librería de Avila,Sin motivo claro / nombre genérico
La Licoreria Del Mercado,Sin motivo claro / nombre genérico
La Lonja,Sin motivo claro / nombre genérico
La Madonnina,Sin motivo claro / nombre genérico
La Mala Pub,Sin motivo claro / nombre genérico
La Mantequería,Sin motivo claro / nombre genérico
La Martona de Arenales,Sin motivo claro / nombre genérico
La Maza,Sin motivo claro / nombre genérico
La Mini,Sin motivo claro / nombre genérico
La Moderna,Sin motivo claro / nombre genérico
La Moderna,Sin motivo claro / nombre genérico
La Moja,Sin motivo claro / nombre genérico
La Molienda,Sin motivo claro / nombre genérico
La Morada,Sin motivo claro / nombre genérico
La Morena,Sin motivo claro / nombre genérico
La Morena,Sin motivo claro / nombre genérico
La Mulita,Sin motivo claro / nombre genérico
La Mundial,Sin motivo claro / nombre genérico
La Nacional,Sin motivo claro / nombre genérico
La Napolitana,Sin motivo claro / nombre genérico
La Negra Cata,Sin motivo claro / nombre genérico
La Neurona,Sin motivo claro / nombre genérico
La Nochera,Sin motivo claro / nombre genérico
La Nueva Almendra,Sin motivo claro / nombre genérico
La Nueva Almendra,Sin motivo claro / nombre genérico
La Nueva Buenos Aires,Sin motivo claro / nombre genérico
La Nueva Capital,Sin motivo claro / nombre genérico
La Nueva Entre Rios,Sin motivo claro / nombre genérico
La Nueva Esmeralda,Sin motivo claro / nombre genérico
La Nueva Esmeralda,Sin motivo claro / nombre genérico
La Nueva Ola,Sin motivo claro / nombre genérico
La Nueva Pompeya,Sin motivo claro / nombre genérico
La Opera,Sin motivo claro / nombre genérico
La Orquidea,Sin motivo claro / nombre genérico
La Paceña,Sin motivo claro / nombre genérico
La Paceña,Sin motivo claro / nombre genérico
La Palermo,Sin motivo claro / nombre genérico
La Palita,Sin motivo claro / nombre genérico
La Palita,Sin motivo claro / nombre genérico
La Palita,Sin motivo claro / nombre genérico
La Panadería,Sin motivo claro / nombre genérico
La Panem,Sin motivo claro / nombre genérico
La Panera,Sin motivo claro / nombre genérico
La Panera Rosa,Sin motivo claro / nombre genérico
La Panera Rosa,Sin motivo claro / nombre genérico
La Panera Rosa,Sin motivo claro / nombre genérico
La Panera Rosa,Sin motivo claro / nombre genérico
La Panera Rosa,Sin motivo claro / nombre genérico
La Panera Rosa,Sin motivo claro / nombre genérico
La Panotteca,Sin motivo claro / nombre genérico
La Parolacha,Sin motivo claro / nombre genérico
La Parraca,Sin motivo claro / nombre genérico
La Parri,Sin motivo claro / nombre genérico
La Particular,Sin motivo claro / nombre genérico
La Pascana,Sin motivo claro / nombre genérico
La Pastora,Sin motivo claro / nombre genérico
La Paz,Sin motivo claro / nombre genérico
La Paz,Sin motivo claro / nombre genérico
La Paz,Sin motivo claro / nombre genérico
La Paz,Sin motivo claro / nombre genérico
La Peca,Sin motivo claro / nombre genérico
La Pecera,Sin motivo claro / nombre genérico
La Pedrera,Sin motivo claro / nombre genérico
La Pereanta,Sin motivo claro / nombre genérico
La Perla,Sin motivo claro / nombre genérico
La Perlita,Sin motivo claro / nombre genérico
La Pescadorita,Sin motivo claro / nombre genérico
La Pesceria,Sin motivo claro / nombre genérico
La Piazza,Sin motivo claro / nombre genérico
La Piedad,Sin motivo claro / nombre genérico
La Pilarica,Sin motivo claro / nombre genérico
La Pipeta,Sin motivo claro / nombre genérico
La Plaza,Sin motivo claro / nombre genérico
La Ponderosa,Sin motivo claro / nombre genérico
La Porta Nera,Sin motivo claro / nombre genérico
La Porteñita,Sin motivo claro / nombre genérico
La Posada,Sin motivo claro / nombre genérico
La Posta,Sin motivo claro / nombre genérico
La Posta de Los Tucu,Sin motivo claro / nombre genérico
La Primavera,Sin motivo claro / nombre genérico
La Primavera,Sin motivo claro / nombre genérico
La Puerta Roja,Sin motivo claro / nombre genérico
La Puerto Rico,Sin motivo claro / nombre genérico
La Pureza,Sin motivo claro / nombre genérico
La Pécora Nera,Sin motivo claro / nombre genérico
La Querencia,Sin motivo claro / nombre genérico
La Quinta,Sin motivo claro / nombre genérico
La Quintana Parque Patricios,Sin motivo claro / nombre genérico
La Rambla,Sin motivo claro / nombre genérico
La Recova,Sin motivo claro / nombre genérico
La Recova de Soldati,Sin motivo claro / nombre genérico
La Reggina,Sin motivo claro / nombre genérico
La Reina,Sin motivo claro / nombre genérico
La Reina,Sin motivo claro / nombre genérico
La Reina Kunti,Sin motivo claro / nombre genérico
La Renaciente,Sin motivo claro / nombre genérico
La Replica,Sin motivo claro / nombre genérico
La Republiqueta de Acracia,Sin motivo claro / nombre genérico
La Reverde Parilla Vegana,Sin motivo claro / nombre genérico
La Revistería,Sin motivo claro / nombre genérico
La Rica Vicky,Sin motivo claro / nombre genérico
La Rinconada,Sin motivo claro / nombre genérico
La Robla,Sin motivo claro / nombre genérico
La Robla,Sin motivo claro / nombre genérico
La Robla Cooperativa,Sin motivo claro / nombre genérico
La Rosa,Sin motivo claro / nombre genérico
La Rosa,Sin motivo claro / nombre genérico
La Rosadita,Sin motivo claro / nombre genérico
La Rossi Maniera,Sin motivo claro / nombre genérico
La Rueda,Sin motivo claro / nombre genérico
La Rumba,Sin motivo claro / nombre genérico
La Sandwicherie,Sin motivo claro / nombre genérico
La Siesta,Sin motivo claro / nombre genérico
La Simbólica,Sin motivo claro / nombre genérico
La Sonada,Sin motivo claro / nombre genérico
La Sonámbula,Sin motivo claro / nombre genérico
La Sorellina Pizza Bar,Sin motivo claro / nombre genérico
La Stampa,Sin motivo claro / nombre genérico
La Stampa,Sin motivo claro / nombre genérico
La Strega,Sin motivo claro / nombre genérico
La Super Boquense,Sin motivo claro / nombre genérico
La Tacita,Sin motivo claro / nombre genérico
La Tercera,Sin motivo claro / nombre genérico
La Tolva,Sin motivo claro / nombre genérico
La Tolva,Sin motivo claro / nombre genérico
La Tolva,Sin motivo claro / nombre genérico
La Tolva,Sin motivo claro / nombre genérico
La Tolva,Sin motivo claro / nombre genérico
La Torre de Retiro,Sin motivo claro / nombre genérico
La Tranquera,Sin motivo claro / nombre genérico
La Tranquera,Sin motivo claro / nombre genérico
La Trastienda Club,Sin motivo claro / nombre genérico
La Tribu,Sin motivo claro / nombre genérico
La Tábola,Sin motivo claro / nombre genérico
La U de Palermo,Sin motivo claro / nombre genérico
La Ultima Porcion,Sin motivo claro / nombre genérico
La Varita,Sin motivo claro / nombre genérico
La Vasca,Sin motivo claro / nombre genérico
La Ve,Sin motivo claro / nombre genérico
La Vegana,Sin motivo claro / nombre genérico
La Ventana,Sin motivo claro / nombre genérico
La Ventanita,Sin motivo claro / nombre genérico
La Ventanita,Sin motivo claro / nombre genérico
La Ventanita,Sin motivo claro / nombre genérico
La Viaja Rotiseria,Sin motivo claro / nombre genérico
La Vicca,Sin motivo claro / nombre genérico
La Viruta,Sin motivo claro / nombre genérico
La Voluntad,Sin motivo claro / nombre genérico
La Zarpada,Sin motivo claro / nombre genérico
La blonde,Sin motivo claro / nombre genérico
La blonde,Sin motivo claro / nombre genérico
La buena pizza,Sin motivo claro / nombre genérico
La colonial,Sin motivo claro / nombre genérico
La muzzicata,Sin motivo claro / nombre genérico
La nueva España,Sin motivo claro / nombre genérico
La nueva Ugarte,Sin motivo claro / nombre genérico
La nueva embajada,Sin motivo claro / nombre genérico
La palita,Sin motivo claro / nombre genérico
La panera rosa,Sin motivo claro / nombre genérico
La parri,Sin motivo claro / nombre genérico
La salsera,Sin motivo claro / nombre genérico
La tornería,Sin motivo claro / nombre genérico
La ventana,Sin motivo claro / nombre genérico
Lab Sucre,Sin motivo claro / nombre genérico
Laberinto Espacial,Sin motivo claro / nombre genérico
Lado Dulce,Sin motivo claro / nombre genérico
Lado V,Sin motivo claro / nombre genérico
Ladobueno,Sin motivo claro / nombre genérico
Ladobueno,Sin motivo claro / nombre genérico
Lady Madrid,Sin motivo claro / nombre genérico
Lagerhaus,Sin motivo claro / nombre genérico
Lalo de Buenos Aires,Sin motivo claro / nombre genérico
Lardito,Sin motivo claro / nombre genérico
Larense,Sin motivo claro / nombre genérico
Larreta,Sin motivo claro / nombre genérico
Las 2 Hermanas,Sin motivo claro / nombre genérico
Las Breñas,Sin motivo claro / nombre genérico
Las Cañas,Sin motivo claro / nombre genérico
Las Chicas,Sin motivo claro / nombre genérico
Las Delicias,Sin motivo claro / nombre genérico
Las Delicias,Sin motivo claro / nombre genérico
Las Delicias,Sin motivo claro / nombre genérico
Las Delicias,Sin motivo claro / nombre genérico
Las Delicias,Sin motivo claro / nombre genérico
Las Esclavas,Sin motivo claro / nombre genérico
Las Familias,Sin motivo claro / nombre genérico
Las Lenas,Sin motivo claro / nombre genérico
Las Leñas,Sin motivo claro / nombre genérico
Las Marinas,Sin motivo claro / nombre genérico
Las Marías,Sin motivo claro / nombre genérico
Las Mellizas,Sin motivo claro / nombre genérico
Las Moradas,Sin motivo claro / nombre genérico
Las Nazarenas,Sin motivo claro / nombre genérico
Las Nenas,Sin motivo claro / nombre genérico
Las Palmas,Sin motivo claro / nombre genérico
Las Palmeras,Sin motivo claro / nombre genérico
Las Pizarras,Sin motivo claro / nombre genérico
Las Reinas,Sin motivo claro / nombre genérico
Las Tinas,Sin motivo claro / nombre genérico
Las Totoras,Sin motivo claro / nombre genérico
Las Violetas,Sin motivo claro / nombre genérico
Las Violetas,Sin motivo claro / nombre genérico
Las Violetas,Sin motivo claro / nombre genérico
Las espigas,Sin motivo claro / nombre genérico
Lasalle,Sin motivo claro / nombre genérico
Latino,Sin motivo claro / nombre genérico
Latino sandwich,Sin motivo claro / nombre genérico
Lattentate,Sin motivo claro / nombre genérico
Lattente,Sin motivo claro / nombre genérico
Lattente,Sin motivo claro / nombre genérico
Lattente,Sin motivo claro / nombre genérico
Latter,Sin motivo claro / nombre genérico
Lauren Pastelleria,Sin motivo claro / nombre genérico
Lazy Dog,Sin motivo claro / nombre genérico
Lbreria,Sin motivo claro / nombre genérico
Lemón,Sin motivo claro / nombre genérico
Lepa,Sin motivo claro / nombre genérico
Lepes,Sin motivo claro / nombre genérico
Lepi,Sin motivo claro / nombre genérico
Levando despacho de Pan,Sin motivo claro / nombre genérico
Levitar,Sin motivo claro / nombre genérico
Lezama,Sin motivo claro / nombre genérico
Liangliang Barbecue,Sin motivo claro / nombre genérico
Liber cafe,Sin motivo claro / nombre genérico
Liberia BBM,Sin motivo claro / nombre genérico
Libertad,Sin motivo claro / nombre genérico
Libertad Exquiciteses,Sin motivo claro / nombre genérico
Libertador,Sin motivo claro / nombre genérico
Librería,Sin motivo claro / nombre genérico
Librería,Sin motivo claro / nombre genérico
Librería,Sin motivo claro / nombre genérico
Librería,Sin motivo claro / nombre genérico
Librería,Sin motivo claro / nombre genérico
Librería,Sin motivo claro / nombre genérico
Librería,Sin motivo claro / nombre genérico
Librería,Sin motivo claro / nombre genérico
Librería,Sin motivo claro / nombre genérico
Librería Biblos,Sin motivo claro / nombre genérico
Librería Corneja,Sin motivo claro / nombre genérico
Librería Cristiana,Sin motivo claro / nombre genérico
Librería Helena de Buenos Aires,Sin motivo claro / nombre genérico
Librería Hernandez,Sin motivo claro / nombre genérico
Librería Jugetería,Sin motivo claro / nombre genérico
Librería La Cátedra,Sin motivo claro / nombre genérico
Librería Legenda,Sin motivo claro / nombre genérico
Librería LibrosRef,Sin motivo claro / nombre genérico
Librería Lorraine,Sin motivo claro / nombre genérico
Librería Lyris,Sin motivo claro / nombre genérico
Librería Marista,Sin motivo claro / nombre genérico
Librería Mayo,Sin motivo claro / nombre genérico
Librería Platero,Sin motivo claro / nombre genérico
Librería Textos,Sin motivo claro / nombre genérico
Librería del Alumno,Sin motivo claro / nombre genérico
Librerías Levalle,Sin motivo claro / nombre genérico
Librolandia,Sin motivo claro / nombre genérico
Libros,Sin motivo claro / nombre genérico
Libros,Sin motivo claro / nombre genérico
Libros Bonitos,Sin motivo claro / nombre genérico
Libros Casares,Sin motivo claro / nombre genérico
Libros Del Mundo,Sin motivo claro / nombre genérico
Libros El Arca de Noé,Sin motivo claro / nombre genérico
Libros Libre,Sin motivo claro / nombre genérico
Liceo,Sin motivo claro / nombre genérico
Licuados Cafe,Sin motivo claro / nombre genérico
Lidoro,Sin motivo claro / nombre genérico
Lievito madre,Sin motivo claro / nombre genérico
Ligure,Sin motivo claro / nombre genérico
Limbo,Sin motivo claro / nombre genérico
Limbo Restaurant,Sin motivo claro / nombre genérico
Lions Bar Cafe,Sin motivo claro / nombre genérico
Lisandro,Sin motivo claro / nombre genérico
Literal,Sin motivo claro / nombre genérico
Liz Cafe,Sin motivo claro / nombre genérico
Llao Llao,Sin motivo claro / nombre genérico
Lo Del Bachicha,Sin motivo claro / nombre genérico
Lo Rafael,Sin motivo claro / nombre genérico
Lo d Luis,Sin motivo claro / nombre genérico
Lo del Francés,Sin motivo claro / nombre genérico
Lo del Gordo,Sin motivo claro / nombre genérico
Lola Mora,Sin motivo claro / nombre genérico
Lolo,Sin motivo claro / nombre genérico
Lomeli,Sin motivo claro / nombre genérico
London City,Sin motivo claro / nombre genérico
Londra,Sin motivo claro / nombre genérico
Lorenzo,Sin motivo claro / nombre genérico
Loriga,Sin motivo claro / nombre genérico
Los 3 Reyes Magos,Sin motivo claro / nombre genérico
Los 36 Billares,Sin motivo claro / nombre genérico
Los 7 Locos,Sin motivo claro / nombre genérico
Los Almendros,Sin motivo claro / nombre genérico
Los Angeles,Sin motivo claro / nombre genérico
Los Angeles,Sin motivo claro / nombre genérico
Los Arcos,Sin motivo claro / nombre genérico
Los Boulevares,Sin motivo claro / nombre genérico
Los Cabritos,Sin motivo claro / nombre genérico
Los Chapas,Sin motivo claro / nombre genérico
Los Cocos,Sin motivo claro / nombre genérico
Los Corrales,Sin motivo claro / nombre genérico
Los Cuatro,Sin motivo claro / nombre genérico
Los Floristas,Sin motivo claro / nombre genérico
Los Girasoles (Bar Pool Café),Sin motivo claro / nombre genérico
Los Inmortales,Sin motivo claro / nombre genérico
Los Inmortales,Sin motivo claro / nombre genérico
Los Inmortales,Sin motivo claro / nombre genérico
Los Inmortales - Corrientes,Sin motivo claro / nombre genérico
Los Luiggis II,Sin motivo claro / nombre genérico
Los Maestros,Sin motivo claro / nombre genérico
Los Maestros,Sin motivo claro / nombre genérico
Los Manjares,Sin motivo claro / nombre genérico
Los Mejores Sandwiches,Sin motivo claro / nombre genérico
Los Muditos Book,Sin motivo claro / nombre genérico
Los Nonos de Barracas,Sin motivo claro / nombre genérico
Los Orientales,Sin motivo claro / nombre genérico
Los Patricios,Sin motivo claro / nombre genérico
Los Pinos,Sin motivo claro / nombre genérico
Los Remanseros,Sin motivo claro / nombre genérico
Los Remolinos,Sin motivo claro / nombre genérico
Los Sabios Restaurante Vegetariano,Sin motivo claro / nombre genérico
Los Talentos,Sin motivo claro / nombre genérico
Los Tatas,Sin motivo claro / nombre genérico
Los Tulumbanos,Sin motivo claro / nombre genérico
Los campeones,Sin motivo claro / nombre genérico
Los gigantes de la pizza,Sin motivo claro / nombre genérico
Los Ángeles,Sin motivo claro / nombre genérico
Losada,Sin motivo claro / nombre genérico
Lotos,Sin motivo claro / nombre genérico
Lourdes,Sin motivo claro / nombre genérico
Loving hunt,Sin motivo claro / nombre genérico
Lua Café,Sin motivo claro / nombre genérico
Lucca Heladería Boutique,Sin motivo claro / nombre genérico
Lucio,Sin motivo claro / nombre genérico
Lucky,Sin motivo claro / nombre genérico
Lucky Dragon,Sin motivo claro / nombre genérico
Lupita,Sin motivo claro / nombre genérico
Luqet,Sin motivo claro / nombre genérico
Lutero Bar,Sin motivo claro / nombre genérico
Luxushi,Sin motivo claro / nombre genérico
Lyon,Sin motivo claro / nombre genérico
L´Aperó,Sin motivo claro / nombre genérico
M,Sin motivo claro / nombre genérico
M Street Bar,Sin motivo claro / nombre genérico
M.O.D,Sin motivo claro / nombre genérico
M24,Sin motivo claro / nombre genérico
MAGA,Sin motivo claro / nombre genérico
MARAL,Sin motivo claro / nombre genérico
MARQUES DE RISCAL,Sin motivo claro / nombre genérico
MARTI barra,Sin motivo claro / nombre genérico
MC Nor,Sin motivo claro / nombre genérico
MCL Records,Sin motivo claro / nombre genérico
MIGUEL Café,Sin motivo claro / nombre genérico
MOLA,Sin motivo claro / nombre genérico
Ma La Tang,Sin motivo claro / nombre genérico
Ma La Tang,Sin motivo claro / nombre genérico
Mabra,Sin motivo claro / nombre genérico
Macarella,Sin motivo claro / nombre genérico
Macarella,Sin motivo claro / nombre genérico
Macarro,Sin motivo claro / nombre genérico
Macha,Sin motivo claro / nombre genérico
Macondo,Sin motivo claro / nombre genérico
Macondo Bar,Sin motivo claro / nombre genérico
Madero,Sin motivo claro / nombre genérico
Madre,Sin motivo claro / nombre genérico
Madre Natura Café,Sin motivo claro / nombre genérico
Madrid,Sin motivo claro / nombre genérico
Maga,Sin motivo claro / nombre genérico
Maga,Sin motivo claro / nombre genérico
Magari,Sin motivo claro / nombre genérico
Magazzino,Sin motivo claro / nombre genérico
Magnolias,Sin motivo claro / nombre genérico
Mago,Sin motivo claro / nombre genérico
Magu Librería,Sin motivo claro / nombre genérico
Mahjong,Sin motivo claro / nombre genérico
Maja,Sin motivo claro / nombre genérico
Maja,Sin motivo claro / nombre genérico
Makena Cantina Club,Sin motivo claro / nombre genérico
Mala Cara,Sin motivo claro / nombre genérico
Mala Testa,Sin motivo claro / nombre genérico
Mala Vida,Sin motivo claro / nombre genérico
Malabra,Sin motivo claro / nombre genérico
Malavuena,Sin motivo claro / nombre genérico
Malcriada Café,Sin motivo claro / nombre genérico
Maldini,Sin motivo claro / nombre genérico
Malevo,Sin motivo claro / nombre genérico
Malparido,Sin motivo claro / nombre genérico
Malvón,Sin motivo claro / nombre genérico
Mamly,Sin motivo claro / nombre genérico
Mamushka,Sin motivo claro / nombre genérico
Mancini,Sin motivo claro / nombre genérico
Mandarín,Sin motivo claro / nombre genérico
Mandi Cafe,Sin motivo claro / nombre genérico
Mandy,Sin motivo claro / nombre genérico
Manfred,Sin motivo claro / nombre genérico
Manfred,Sin motivo claro / nombre genérico
Manger,Sin motivo claro / nombre genérico
Mangiare,Sin motivo claro / nombre genérico
Mangini,Sin motivo claro / nombre genérico
Mangini,Sin motivo claro / nombre genérico
Mango,Sin motivo claro / nombre genérico
Manifiesto por el Café,Sin motivo claro / nombre genérico
Maná,Sin motivo claro / nombre genérico
MarSushi,Sin motivo claro / nombre genérico
Maratona Café Club,Sin motivo claro / nombre genérico
Maraxe,Sin motivo claro / nombre genérico
Marcelina & García,Sin motivo claro / nombre genérico
Marcelona Pizza,Sin motivo claro / nombre genérico
Margal,Sin motivo claro / nombre genérico
Maria,Sin motivo claro / nombre genérico
Maria Mia,Sin motivo claro / nombre genérico
Maricafé,Sin motivo claro / nombre genérico
Maricel,Sin motivo claro / nombre genérico
Maricel,Sin motivo claro / nombre genérico
Marité,Sin motivo claro / nombre genérico
Marjos,Sin motivo claro / nombre genérico
Marlene,Sin motivo claro / nombre genérico
Marlon,Sin motivo claro / nombre genérico
Marroco SII,Sin motivo claro / nombre genérico
Marrocos,Sin motivo claro / nombre genérico
Martina,Sin motivo claro / nombre genérico
Martina,Sin motivo claro / nombre genérico
Martinelli,Sin motivo claro / nombre genérico
Martinelli Café,Sin motivo claro / nombre genérico
Martinez,Sin motivo claro / nombre genérico
Martinez,Sin motivo claro / nombre genérico
Martinez,Sin motivo claro / nombre genérico
Martinez,Sin motivo claro / nombre genérico
Martinez,Sin motivo claro / nombre genérico
Martinique,Sin motivo claro / nombre genérico
Martycer,Sin motivo claro / nombre genérico
Martínez,Sin motivo claro / nombre genérico
Maru Botana,Sin motivo claro / nombre genérico
Maru Botana,Sin motivo claro / nombre genérico
Maru Botana,Sin motivo claro / nombre genérico
Maru Botana,Sin motivo claro / nombre genérico
Maru Botana,Sin motivo claro / nombre genérico
Marula,Sin motivo claro / nombre genérico
Mary y Grace,Sin motivo claro / nombre genérico
María de Bambi,Sin motivo claro / nombre genérico
Mason,Sin motivo claro / nombre genérico
Massaro,Sin motivo claro / nombre genérico
Massaro,Sin motivo claro / nombre genérico
Matilda,Sin motivo claro / nombre genérico
Mauer,Sin motivo claro / nombre genérico
Mauro.it,Sin motivo claro / nombre genérico
Maxikiosco Sushy,Sin motivo claro / nombre genérico
Maximus,Sin motivo claro / nombre genérico
Mc Nor,Sin motivo claro / nombre genérico
McCafé,Sin motivo claro / nombre genérico
McCafé,Sin motivo claro / nombre genérico
McCafé,Sin motivo claro / nombre genérico
Me We,Sin motivo claro / nombre genérico
Medialinadas,Sin motivo claro / nombre genérico
Medialunas,Sin motivo claro / nombre genérico
Medialunas Express,Sin motivo claro / nombre genérico
Medialunas Point,Sin motivo claro / nombre genérico
Medialunas Point,Sin motivo claro / nombre genérico
Medialunas Point,Sin motivo claro / nombre genérico
Medio y Medio,Sin motivo claro / nombre genérico
Medusa,Sin motivo claro / nombre genérico
Megs Librería,Sin motivo claro / nombre genérico
Melaza,Sin motivo claro / nombre genérico
Melina,Sin motivo claro / nombre genérico
Melo,Sin motivo claro / nombre genérico
Memo Café,Sin motivo claro / nombre genérico
Mendel,Sin motivo claro / nombre genérico
Mendieta,Sin motivo claro / nombre genérico
Menjunjes,Sin motivo claro / nombre genérico
Mercado del Centro,Sin motivo claro / nombre genérico
Merengue,Sin motivo claro / nombre genérico
Meridiano 58,Sin motivo claro / nombre genérico
Merienda,Sin motivo claro / nombre genérico
Meriendas,Sin motivo claro / nombre genérico
Mero,Sin motivo claro / nombre genérico
Metaphora,Sin motivo claro / nombre genérico
Metro,Sin motivo claro / nombre genérico
Mezcal,Sin motivo claro / nombre genérico
Mi Cocina,Sin motivo claro / nombre genérico
Mi Consuelo,Sin motivo claro / nombre genérico
Mi Cuñado,Sin motivo claro / nombre genérico
Mi Gusto,Sin motivo claro / nombre genérico
Mi Rey,Sin motivo claro / nombre genérico
Mi Rey,Sin motivo claro / nombre genérico
Mi esperanza,Sin motivo claro / nombre genérico
Mian,Sin motivo claro / nombre genérico
Michi,Sin motivo claro / nombre genérico
Microteatro,Sin motivo claro / nombre genérico
Midi Gourmet,Sin motivo claro / nombre genérico
Mil Grullas Libros,Sin motivo claro / nombre genérico
Mil Nueve Ochenta,Sin motivo claro / nombre genérico
Mil80 Teatro,Sin motivo claro / nombre genérico
Milena,Sin motivo claro / nombre genérico
Milion,Sin motivo claro / nombre genérico
Mill,Sin motivo claro / nombre genérico
Miller,Sin motivo claro / nombre genérico
Mimí,Sin motivo claro / nombre genérico
Min Min,Sin motivo claro / nombre genérico
Mino,Sin motivo claro / nombre genérico
Miramar,Sin motivo claro / nombre genérico
Miramar,Sin motivo claro / nombre genérico
Miriam,Sin motivo claro / nombre genérico
Miriam,Sin motivo claro / nombre genérico
Miro,Sin motivo claro / nombre genérico
Miro,Sin motivo claro / nombre genérico
Miro,Sin motivo claro / nombre genérico
Modelo,Sin motivo claro / nombre genérico
Mojo,Sin motivo claro / nombre genérico
Moksha,Sin motivo claro / nombre genérico
Moksha café & vermú,Sin motivo claro / nombre genérico
Mole,Sin motivo claro / nombre genérico
Molina,Sin motivo claro / nombre genérico
Molina,Sin motivo claro / nombre genérico
Molina,Sin motivo claro / nombre genérico
Molina,Sin motivo claro / nombre genérico
Molina,Sin motivo claro / nombre genérico
Momanata,Sin motivo claro / nombre genérico
Mondo,Sin motivo claro / nombre genérico
Monserrat lee libros,Sin motivo claro / nombre genérico
Montañeses,Sin motivo claro / nombre genérico
Monti,Sin motivo claro / nombre genérico
Monti,Sin motivo claro / nombre genérico
Monti Bar de Pastas - Boedo,Sin motivo claro / nombre genérico
Montserrat,Sin motivo claro / nombre genérico
Monzú Pizzeria Bar,Sin motivo claro / nombre genérico
Mooi,Sin motivo claro / nombre genérico
Mooi,Sin motivo claro / nombre genérico
Mooi,Sin motivo claro / nombre genérico
Moonay,Sin motivo claro / nombre genérico
Moratín,Sin motivo claro / nombre genérico
Morbx,Sin motivo claro / nombre genérico
Morelia,Sin motivo claro / nombre genérico
Morena,Sin motivo claro / nombre genérico
Morena,Sin motivo claro / nombre genérico
Moretti,Sin motivo claro / nombre genérico
Morillo,Sin motivo claro / nombre genérico
Morris,Sin motivo claro / nombre genérico
Morro,Sin motivo claro / nombre genérico
Mos,Sin motivo claro / nombre genérico
Mostachole,Sin motivo claro / nombre genérico
Mozarella,Sin motivo claro / nombre genérico
Mr. Ho,Sin motivo claro / nombre genérico
Mr. Miga,Sin motivo claro / nombre genérico
Mr. Pedro,Sin motivo claro / nombre genérico
Mr. Sandwich,Sin motivo claro / nombre genérico
Muelle 33,Sin motivo claro / nombre genérico
Muffins,Sin motivo claro / nombre genérico
Muley Muley,Sin motivo claro / nombre genérico
Multiteatro Comafi,Sin motivo claro / nombre genérico
Mumbai Mahal,Sin motivo claro / nombre genérico
Mundo Alucinante,Sin motivo claro / nombre genérico
Muntama,Sin motivo claro / nombre genérico
Muralla,Sin motivo claro / nombre genérico
Musel,Sin motivo claro / nombre genérico
Museo del jamón,Sin motivo claro / nombre genérico
Musetta,Sin motivo claro / nombre genérico
Muy Heladobar,Sin motivo claro / nombre genérico
Más de 35 años al servicio de la cultura,Sin motivo claro / nombre genérico
Méli Mélo,Sin motivo claro / nombre genérico
Möoi,Sin motivo claro / nombre genérico
Möoi,Sin motivo claro / nombre genérico
Müsa,Sin motivo claro / nombre genérico
NOLA,Sin motivo claro / nombre genérico
NYC,Sin motivo claro / nombre genérico
Nacha,Sin motivo claro / nombre genérico
Nacional,Sin motivo claro / nombre genérico
Naima,Sin motivo claro / nombre genérico
Namida,Sin motivo claro / nombre genérico
Napulé,Sin motivo claro / nombre genérico
Naranjo,Sin motivo claro / nombre genérico
Narnia,Sin motivo claro / nombre genérico
Nataria Portuguesa,Sin motivo claro / nombre genérico
Natgen,Sin motivo claro / nombre genérico
Nativa,Sin motivo claro / nombre genérico
Nativo,Sin motivo claro / nombre genérico
Natural Buenos Aires,Sin motivo claro / nombre genérico
Negro,Sin motivo claro / nombre genérico
Negro,Sin motivo claro / nombre genérico
Negro Cueva de Café,Sin motivo claro / nombre genérico
Nekofi,Sin motivo claro / nombre genérico
Nemoral,Sin motivo claro / nombre genérico
Nerea,Sin motivo claro / nombre genérico
Nerón,Sin motivo claro / nombre genérico
Nica,Sin motivo claro / nombre genérico
Nica,Sin motivo claro / nombre genérico
Nice café/bakery,Sin motivo claro / nombre genérico
Niceto Bar,Sin motivo claro / nombre genérico
Nicky Harrison,Sin motivo claro / nombre genérico
Nicolo Helados,Sin motivo claro / nombre genérico
Nila,Sin motivo claro / nombre genérico
Ninina,Sin motivo claro / nombre genérico
Ninina,Sin motivo claro / nombre genérico
Ninina Malba,Sin motivo claro / nombre genérico
Niza,Sin motivo claro / nombre genérico
Niña Bonita,Sin motivo claro / nombre genérico
Niño Gordo,Sin motivo claro / nombre genérico
Noble y Natural,Sin motivo claro / nombre genérico
Nomade,Sin motivo claro / nombre genérico
Nora,Sin motivo claro / nombre genérico
Noris,Sin motivo claro / nombre genérico
Norte,Sin motivo claro / nombre genérico
Noticias del Dia,Sin motivo claro / nombre genérico
Novo,Sin motivo claro / nombre genérico
Nucha,Sin motivo claro / nombre genérico
Nucha,Sin motivo claro / nombre genérico
Nucha,Sin motivo claro / nombre genérico
Nucha,Sin motivo claro / nombre genérico
Nucha,Sin motivo claro / nombre genérico
Nucha,Sin motivo claro / nombre genérico
Nucha,Sin motivo claro / nombre genérico
Nucha,Sin motivo claro / nombre genérico
Nucha,Sin motivo claro / nombre genérico
Nucha,Sin motivo claro / nombre genérico
Nuestra América,Sin motivo claro / nombre genérico
Nuevo Callao,Sin motivo claro / nombre genérico
Nuevo Extremo S.A.,Sin motivo claro / nombre genérico
Nuevo Guise,Sin motivo claro / nombre genérico
Nuna & Co,Sin motivo claro / nombre genérico
Nutra,Sin motivo claro / nombre genérico
Nível D10S,Sin motivo claro / nombre genérico
Nódica Smørrebrød,Sin motivo claro / nombre genérico
Nómada Pan,Sin motivo claro / nombre genérico
Núvola Centro,Sin motivo claro / nombre genérico
OK Food,Sin motivo claro / nombre genérico
Obel Libros,Sin motivo claro / nombre genérico
Obra,Sin motivo claro / nombre genérico
Obrador,Sin motivo claro / nombre genérico
Obrador,Sin motivo claro / nombre genérico
Obrador Las Damas,Sin motivo claro / nombre genérico
Obrador de Panes,Sin motivo claro / nombre genérico
Ocio,Sin motivo claro / nombre genérico
Oggi,Sin motivo claro / nombre genérico
Oggi,Sin motivo claro / nombre genérico
Ogham,Sin motivo claro / nombre genérico
Oh! Brothers,Sin motivo claro / nombre genérico
Ohana,Sin motivo claro / nombre genérico
Oh’No! Lulu,Sin motivo claro / nombre genérico
Okaeri,Sin motivo claro / nombre genérico
Ol'days,Sin motivo claro / nombre genérico
Olazabar,Sin motivo claro / nombre genérico
Oli Café,Sin motivo claro / nombre genérico
Olimpo,Sin motivo claro / nombre genérico
Olinda,Sin motivo claro / nombre genérico
Olinda,Sin motivo claro / nombre genérico
Olivetti,Sin motivo claro / nombre genérico
Olivo,Sin motivo claro / nombre genérico
Olleros,Sin motivo claro / nombre genérico
Olympo Sky Bar,Sin motivo claro / nombre genérico
On Tap,Sin motivo claro / nombre genérico
On Tap,Sin motivo claro / nombre genérico
On Tap Craft Beer,Sin motivo claro / nombre genérico
Onno,Sin motivo claro / nombre genérico
Onze,Sin motivo claro / nombre genérico
Opera Allianz,Sin motivo claro / nombre genérico
Orange Bar,Sin motivo claro / nombre genérico
Orange Madero,Sin motivo claro / nombre genérico
Organ&co,Sin motivo claro / nombre genérico
Orgullo Restaurante Goyena,Sin motivo claro / nombre genérico
Origen Cafe,Sin motivo claro / nombre genérico
Orno,Sin motivo claro / nombre genérico
Orso Cafe,Sin motivo claro / nombre genérico
Orzo,Sin motivo claro / nombre genérico
Osa Negra,Sin motivo claro / nombre genérico
Oski,Sin motivo claro / nombre genérico
Oslo,Sin motivo claro / nombre genérico
Oss,Sin motivo claro / nombre genérico
Oszadia,Sin motivo claro / nombre genérico
Other Side,Sin motivo claro / nombre genérico
Otra Pasta,Sin motivo claro / nombre genérico
Otra Vuelta,Sin motivo claro / nombre genérico
Ouro Preto,Sin motivo claro / nombre genérico
Ovidio,Sin motivo claro / nombre genérico
Oviedo,Sin motivo claro / nombre genérico
Owl,Sin motivo claro / nombre genérico
P&E,Sin motivo claro / nombre genérico
PANE,Sin motivo claro / nombre genérico
PELUFO,Sin motivo claro / nombre genérico
PICSA,Sin motivo claro / nombre genérico
PIN-PUN,Sin motivo claro / nombre genérico
PLTZ,Sin motivo claro / nombre genérico
POLLOS CAMPEON,Sin motivo claro / nombre genérico
Pablos,Sin motivo claro / nombre genérico
Paidos del Fondo,Sin motivo claro / nombre genérico
Paladar Negro,Sin motivo claro / nombre genérico
Palermo,Sin motivo claro / nombre genérico
Palermo Cantina,Sin motivo claro / nombre genérico
Palermo Vecchio,Sin motivo claro / nombre genérico
Palita,Sin motivo claro / nombre genérico
Palita,Sin motivo claro / nombre genérico
Palitos,Sin motivo claro / nombre genérico
Paluchino,Sin motivo claro / nombre genérico
Pampero,Sin motivo claro / nombre genérico
Pan y Teatro,Sin motivo claro / nombre genérico
Panaderia,Sin motivo claro / nombre genérico
"Panaderia Confitería, Las Orquideas de Lula",Sin motivo claro / nombre genérico
Panadería,Sin motivo claro / nombre genérico
Panadería,Sin motivo claro / nombre genérico
Panadería,Sin motivo claro / nombre genérico
Panadería,Sin motivo claro / nombre genérico
Panadería,Sin motivo claro / nombre genérico
Panadería,Sin motivo claro / nombre genérico
Panadería,Sin motivo claro / nombre genérico
Panadería ''Dulce María''.,Sin motivo claro / nombre genérico
Panadería ''La Barrera'',Sin motivo claro / nombre genérico
Panadería Abdul,Sin motivo claro / nombre genérico
Panadería Cande,Sin motivo claro / nombre genérico
Panadería Confitería '' Charrúa '',Sin motivo claro / nombre genérico
Panadería Confitería Giovanina,Sin motivo claro / nombre genérico
Panadería Confitería Las Delicias,Sin motivo claro / nombre genérico
Panadería Cortina,Sin motivo claro / nombre genérico
Panadería Florencia,Sin motivo claro / nombre genérico
Panadería Gustados,Sin motivo claro / nombre genérico
Panadería Las 3,Sin motivo claro / nombre genérico
Panadería Saludable,Sin motivo claro / nombre genérico
Panadería Saludable,Sin motivo claro / nombre genérico
Panadería Sandwichería,Sin motivo claro / nombre genérico
Panadería Victoria,Sin motivo claro / nombre genérico
Panadería confitería,Sin motivo claro / nombre genérico
"Panadería y Confiteria ""La Excelencia""",Sin motivo claro / nombre genérico
Panadería y Confitería Lourdes,Sin motivo claro / nombre genérico
Panaderías del Pueblo,Sin motivo claro / nombre genérico
Panch 8,Sin motivo claro / nombre genérico
Pandanes,Sin motivo claro / nombre genérico
Pandanes,Sin motivo claro / nombre genérico
Pandanés,Sin motivo claro / nombre genérico
Pandanés,Sin motivo claro / nombre genérico
Pandanés,Sin motivo claro / nombre genérico
Pandanés,Sin motivo claro / nombre genérico
Pandanés,Sin motivo claro / nombre genérico
Pandanés,Sin motivo claro / nombre genérico
Pandanés,Sin motivo claro / nombre genérico
Pandanés,Sin motivo claro / nombre genérico
Panera Rosa,Sin motivo claro / nombre genérico
Panera Rosa Corrientes,Sin motivo claro / nombre genérico
Panga,Sin motivo claro / nombre genérico
Pani,Sin motivo claro / nombre genérico
Pani,Sin motivo claro / nombre genérico
Pani,Sin motivo claro / nombre genérico
Pani,Sin motivo claro / nombre genérico
Paniti,Sin motivo claro / nombre genérico
Papipo,Sin motivo claro / nombre genérico
Paquito,Sin motivo claro / nombre genérico
Parada Honorio,Sin motivo claro / nombre genérico
Paradis,Sin motivo claro / nombre genérico
Parador 40,Sin motivo claro / nombre genérico
Parador 40,Sin motivo claro / nombre genérico
Paraje Kue,Sin motivo claro / nombre genérico
Parecchio,Sin motivo claro / nombre genérico
Pariilla al Carbon,Sin motivo claro / nombre genérico
Parilla,Sin motivo claro / nombre genérico
Parilla,Sin motivo claro / nombre genérico
"Parilla ""La Original """,Sin motivo claro / nombre genérico
Parilla Totin,Sin motivo claro / nombre genérico
Parilla al Carbon,Sin motivo claro / nombre genérico
Paris,Sin motivo claro / nombre genérico
Paris,Sin motivo claro / nombre genérico
Parque Bar Botanico,Sin motivo claro / nombre genérico
ParrilhaSecreTITO,Sin motivo claro / nombre genérico
Paru,Sin motivo claro / nombre genérico
Paru Deli,Sin motivo claro / nombre genérico
Pasadena,Sin motivo claro / nombre genérico
Pascale,Sin motivo claro / nombre genérico
Paseo Colon,Sin motivo claro / nombre genérico
Paseo de Las Luces,Sin motivo claro / nombre genérico
Passagem Oculta,Sin motivo claro / nombre genérico
Pasta,Sin motivo claro / nombre genérico
Pastas Artesanales,Sin motivo claro / nombre genérico
Pastas Frescas Artesanales,Sin motivo claro / nombre genérico
Pastas Savori,Sin motivo claro / nombre genérico
Patagones,Sin motivo claro / nombre genérico
Patios,Sin motivo claro / nombre genérico
Pau,Sin motivo claro / nombre genérico
Pau Pei,Sin motivo claro / nombre genérico
Pausar,Sin motivo claro / nombre genérico
Pecar,Sin motivo claro / nombre genérico
Peches Magda,Sin motivo claro / nombre genérico
Pedro 94,Sin motivo claro / nombre genérico
Pedro Telmo,Sin motivo claro / nombre genérico
Pentos,Sin motivo claro / nombre genérico
Pepito,Sin motivo claro / nombre genérico
Peppino,Sin motivo claro / nombre genérico
Per-Noi Cafe,Sin motivo claro / nombre genérico
Perez-H,Sin motivo claro / nombre genérico
Pertutti,Sin motivo claro / nombre genérico
Perutti,Sin motivo claro / nombre genérico
Pes,Sin motivo claro / nombre genérico
Peñon Cervecería,Sin motivo claro / nombre genérico
Philo,Sin motivo claro / nombre genérico
Philo,Sin motivo claro / nombre genérico
Phuket,Sin motivo claro / nombre genérico
Piani,Sin motivo claro / nombre genérico
Piazza Luro,Sin motivo claro / nombre genérico
Pica & Vamos,Sin motivo claro / nombre genérico
Picadas,Sin motivo claro / nombre genérico
Picake,Sin motivo claro / nombre genérico
Picarón,Sin motivo claro / nombre genérico
Piccolina,Sin motivo claro / nombre genérico
Pichin Bar,Sin motivo claro / nombre genérico
Pick & Go Café,Sin motivo claro / nombre genérico
Piedimonte,Sin motivo claro / nombre genérico
Piedimonte Full,Sin motivo claro / nombre genérico
Pierino,Sin motivo claro / nombre genérico
Pinal,Sin motivo claro / nombre genérico
Pinal,Sin motivo claro / nombre genérico
Pinocho,Sin motivo claro / nombre genérico
Pinocho,Sin motivo claro / nombre genérico
Pinot,Sin motivo claro / nombre genérico
Pinuccio,Sin motivo claro / nombre genérico
Pinuccio,Sin motivo claro / nombre genérico
Piola,Sin motivo claro / nombre genérico
Pippo,Sin motivo claro / nombre genérico
Pipí-Cucú,Sin motivo claro / nombre genérico
Pista Urbana,Sin motivo claro / nombre genérico
Pit Deli,Sin motivo claro / nombre genérico
Pito Cuatro,Sin motivo claro / nombre genérico
Piur Disco,Sin motivo claro / nombre genérico
Pizado,Sin motivo claro / nombre genérico
Pizerria Los Leños,Sin motivo claro / nombre genérico
Pizza Al Corte,Sin motivo claro / nombre genérico
Pizza Bar,Sin motivo claro / nombre genérico
Pizza Bum!,Sin motivo claro / nombre genérico
Pizza Cero,Sin motivo claro / nombre genérico
Pizza Factory,Sin motivo claro / nombre genérico
Pizza Forte,Sin motivo claro / nombre genérico
Pizza King,Sin motivo claro / nombre genérico
Pizza Libre,Sin motivo claro / nombre genérico
Pizza Napolitana Furore,Sin motivo claro / nombre genérico
Pizza Nova,Sin motivo claro / nombre genérico
Pizza Pepe,Sin motivo claro / nombre genérico
Pizza Pet,Sin motivo claro / nombre genérico
Pizza RRO,Sin motivo claro / nombre genérico
Pizza Todos,Sin motivo claro / nombre genérico
Pizza Viva,Sin motivo claro / nombre genérico
Pizza vegana,Sin motivo claro / nombre genérico
Pizza vegana,Sin motivo claro / nombre genérico
Pizza vegana,Sin motivo claro / nombre genérico
Pizzardone,Sin motivo claro / nombre genérico
Pizzelar,Sin motivo claro / nombre genérico
Pizzeria,Sin motivo claro / nombre genérico
Pizzeria Angelín,Sin motivo claro / nombre genérico
Pizzeria El Principito,Sin motivo claro / nombre genérico
Pizzeria Guardalajuana,Sin motivo claro / nombre genérico
Pizzeria Mr. Mago,Sin motivo claro / nombre genérico
Pizzeria Sabi,Sin motivo claro / nombre genérico
Pizzeria Telmita,Sin motivo claro / nombre genérico
Pizzeria Victuria,Sin motivo claro / nombre genérico
Pizzería,Sin motivo claro / nombre genérico
"Pizzería ""La Gran Vía""",Sin motivo claro / nombre genérico
Pizzería El Barba,Sin motivo claro / nombre genérico
Pizzería Hawaian Love,Sin motivo claro / nombre genérico
Pizzería La Continental,Sin motivo claro / nombre genérico
Pizzería Tagliata,Sin motivo claro / nombre genérico
Pizzería Tuñin,Sin motivo claro / nombre genérico
Pizzicato,Sin motivo claro / nombre genérico
Pizzo Tek,Sin motivo claro / nombre genérico
Placebo,Sin motivo claro / nombre genérico
Placere,Sin motivo claro / nombre genérico
Placeres del Pan,Sin motivo claro / nombre genérico
Placeres del Pan,Sin motivo claro / nombre genérico
Places,Sin motivo claro / nombre genérico
Plan B,Sin motivo claro / nombre genérico
Planeta,Sin motivo claro / nombre genérico
Playas del Carmen,Sin motivo claro / nombre genérico
Plaz,Sin motivo claro / nombre genérico
Plaza Asturias,Sin motivo claro / nombre genérico
Plaza Irlanda,Sin motivo claro / nombre genérico
Plaza Mayor,Sin motivo claro / nombre genérico
Plaza serrano,Sin motivo claro / nombre genérico
Plazoleta Dos,Sin motivo claro / nombre genérico
Plazoleta Uno,Sin motivo claro / nombre genérico
Plus Ultra,Sin motivo claro / nombre genérico
Pochis,Sin motivo claro / nombre genérico
Podesta,Sin motivo claro / nombre genérico
Podestá,Sin motivo claro / nombre genérico
Podio,Sin motivo claro / nombre genérico
Poe,Sin motivo claro / nombre genérico
Poema 20,Sin motivo claro / nombre genérico
Point,Sin motivo claro / nombre genérico
Point,Sin motivo claro / nombre genérico
Polaco,Sin motivo claro / nombre genérico
Politeama,Sin motivo claro / nombre genérico
Pollos Al Spiedo,Sin motivo claro / nombre genérico
Polvorín,Sin motivo claro / nombre genérico
Pompeya,Sin motivo claro / nombre genérico
Poolish,Sin motivo claro / nombre genérico
Porongo,Sin motivo claro / nombre genérico
Poroto Colorado,Sin motivo claro / nombre genérico
Portela,Sin motivo claro / nombre genérico
Porto - Night Stadium,Sin motivo claro / nombre genérico
Porto Bello,Sin motivo claro / nombre genérico
Porto Pirata,Sin motivo claro / nombre genérico
Posada de Virreyes,Sin motivo claro / nombre genérico
Positano,Sin motivo claro / nombre genérico
Positano,Sin motivo claro / nombre genérico
Post Street Bar,Sin motivo claro / nombre genérico
Posta,Sin motivo claro / nombre genérico
Pousser,Sin motivo claro / nombre genérico
Praana,Sin motivo claro / nombre genérico
Praga,Sin motivo claro / nombre genérico
Pranzo,Sin motivo claro / nombre genérico
Prensa Café,Sin motivo claro / nombre genérico
Preto,Sin motivo claro / nombre genérico
Preto,Sin motivo claro / nombre genérico
Priamo,Sin motivo claro / nombre genérico
Prida,Sin motivo claro / nombre genérico
Primalera,Sin motivo claro / nombre genérico
Primavera Trujillana,Sin motivo claro / nombre genérico
Pronto Pizza,Sin motivo claro / nombre genérico
Proper restaurant,Sin motivo claro / nombre genérico
Prospero Velazco,Sin motivo claro / nombre genérico
Provence,Sin motivo claro / nombre genérico
Proviamo,Sin motivo claro / nombre genérico
Prólogo,Sin motivo claro / nombre genérico
Próspero Velazco,Sin motivo claro / nombre genérico
Pub,Sin motivo claro / nombre genérico
PublicBar,Sin motivo claro / nombre genérico
Pucará,Sin motivo claro / nombre genérico
Puente Gran Bar,Sin motivo claro / nombre genérico
Puerta Uno Bar,Sin motivo claro / nombre genérico
Puerta del Inca,Sin motivo claro / nombre genérico
Puerte Lopez,Sin motivo claro / nombre genérico
Puerto,Sin motivo claro / nombre genérico
Puerto Café,Sin motivo claro / nombre genérico
Puerto Cristal,Sin motivo claro / nombre genérico
Puerto Deseado,Sin motivo claro / nombre genérico
Puerto Viejo,Sin motivo claro / nombre genérico
Pulso,Sin motivo claro / nombre genérico
Punta Carranza,Sin motivo claro / nombre genérico
Punta Serrano,Sin motivo claro / nombre genérico
Punto Ortiz,Sin motivo claro / nombre genérico
Punto de Partida,Sin motivo claro / nombre genérico
Puny,Sin motivo claro / nombre genérico
Puro,Sin motivo claro / nombre genérico
Pérez-H,Sin motivo claro / nombre genérico
Pérez-H,Sin motivo claro / nombre genérico
Pétalo,Sin motivo claro / nombre genérico
Pía Dolce,Sin motivo claro / nombre genérico
Q I Kai,Sin motivo claro / nombre genérico
Q de queso,Sin motivo claro / nombre genérico
Quaystone,Sin motivo claro / nombre genérico
Que Nadie Sepa,Sin motivo claro / nombre genérico
Quereria,Sin motivo claro / nombre genérico
Quesada,Sin motivo claro / nombre genérico
Queseria de Mi sin Ti,Sin motivo claro / nombre genérico
Queso y Fiambres,Sin motivo claro / nombre genérico
Quesos Fiambres,Sin motivo claro / nombre genérico
Quesos Trelau,Sin motivo claro / nombre genérico
Quilla Cafe,Sin motivo claro / nombre genérico
Quimbombó,Sin motivo claro / nombre genérico
Quinta Caraná,Sin motivo claro / nombre genérico
Quo Vadis,Sin motivo claro / nombre genérico
R&R,Sin motivo claro / nombre genérico
RI & K Pizza,Sin motivo claro / nombre genérico
RITA Restaurante,Sin motivo claro / nombre genérico
ROUX,Sin motivo claro / nombre genérico
Rabelais,Sin motivo claro / nombre genérico
Rabia,Sin motivo claro / nombre genérico
Raggio,Sin motivo claro / nombre genérico
Ragnarok,Sin motivo claro / nombre genérico
Rainbow,Sin motivo claro / nombre genérico
Raines,Sin motivo claro / nombre genérico
Ramallo Club,Sin motivo claro / nombre genérico
Rapanui,Sin motivo claro / nombre genérico
Rapanui,Sin motivo claro / nombre genérico
Rapanui,Sin motivo claro / nombre genérico
Rave,Sin motivo claro / nombre genérico
Real Restaurant,Sin motivo claro / nombre genérico
Reale,Sin motivo claro / nombre genérico
Rebelión,Sin motivo claro / nombre genérico
Recreo en Libros,Sin motivo claro / nombre genérico
Recuperador Urbano,Sin motivo claro / nombre genérico
Red Monkey,Sin motivo claro / nombre genérico
Red Resto & Lounge,Sin motivo claro / nombre genérico
Rediscover Cafe,Sin motivo claro / nombre genérico
Reggiani,Sin motivo claro / nombre genérico
Reggina,Sin motivo claro / nombre genérico
Registrado,Sin motivo claro / nombre genérico
Relicioso,Sin motivo claro / nombre genérico
Remember,Sin motivo claro / nombre genérico
Remiseria Bar,Sin motivo claro / nombre genérico
Remo,Sin motivo claro / nombre genérico
Renatta,Sin motivo claro / nombre genérico
República del Fuego,Sin motivo claro / nombre genérico
Rest Apu,Sin motivo claro / nombre genérico
Restaurant,Sin motivo claro / nombre genérico
Restaurant Centro de Graduados,Sin motivo claro / nombre genérico
Restaurant King,Sin motivo claro / nombre genérico
Restaurant Wakayama,Sin motivo claro / nombre genérico
Restaurante Bacán,Sin motivo claro / nombre genérico
Restaurante Bar,Sin motivo claro / nombre genérico
Restaurante Central,Sin motivo claro / nombre genérico
Restaurante Fiestas,Sin motivo claro / nombre genérico
Restaurante Natacha,Sin motivo claro / nombre genérico
Restaurante Norte,Sin motivo claro / nombre genérico
Restaurante Nuevo Candilejas,Sin motivo claro / nombre genérico
Restaurante Tato II,Sin motivo claro / nombre genérico
Restaurante Vicente,Sin motivo claro / nombre genérico
Restaurante Yugane,Sin motivo claro / nombre genérico
Resto Bar,Sin motivo claro / nombre genérico
Resto Golf,Sin motivo claro / nombre genérico
Restorán,Sin motivo claro / nombre genérico
Restó Bar Tolomé,Sin motivo claro / nombre genérico
Retamas,Sin motivo claro / nombre genérico
Retiro,Sin motivo claro / nombre genérico
Revire,Sin motivo claro / nombre genérico
Revolver,Sin motivo claro / nombre genérico
Rey Soho,Sin motivo claro / nombre genérico
Rf Libros,Sin motivo claro / nombre genérico
Rhin,Sin motivo claro / nombre genérico
Rialto lV,Sin motivo claro / nombre genérico
Richard Parker,Sin motivo claro / nombre genérico
Riche,Sin motivo claro / nombre genérico
Riera,Sin motivo claro / nombre genérico
Rimini,Sin motivo claro / nombre genérico
Rimon,Sin motivo claro / nombre genérico
Rincón Hispano,Sin motivo claro / nombre genérico
Rincón Parrillero,Sin motivo claro / nombre genérico
Rinvol,Sin motivo claro / nombre genérico
Rioja,Sin motivo claro / nombre genérico
Rising Sun,Sin motivo claro / nombre genérico
Rita,Sin motivo claro / nombre genérico
Rita,Sin motivo claro / nombre genérico
Rita,Sin motivo claro / nombre genérico
Rita,Sin motivo claro / nombre genérico
Rita Cafe,Sin motivo claro / nombre genérico
Ritornare,Sin motivo claro / nombre genérico
Ritorno,Sin motivo claro / nombre genérico
Rivero,Sin motivo claro / nombre genérico
Rivière,Sin motivo claro / nombre genérico
Roal,Sin motivo claro / nombre genérico
Robledo,Sin motivo claro / nombre genérico
Rodi-Bar,Sin motivo claro / nombre genérico
Rodizio,Sin motivo claro / nombre genérico
Rolaso,Sin motivo claro / nombre genérico
Roldán,Sin motivo claro / nombre genérico
Romario,Sin motivo claro / nombre genérico
Romario,Sin motivo claro / nombre genérico
Romario,Sin motivo claro / nombre genérico
Romario,Sin motivo claro / nombre genérico
Romario Berutti,Sin motivo claro / nombre genérico
Rome,Sin motivo claro / nombre genérico
Romero,Sin motivo claro / nombre genérico
Rondas,Sin motivo claro / nombre genérico
Rondinella,Sin motivo claro / nombre genérico
Rondó Cafe,Sin motivo claro / nombre genérico
Ronzino,Sin motivo claro / nombre genérico
Ronzino,Sin motivo claro / nombre genérico
Rooftop Plaza de Mayo,Sin motivo claro / nombre genérico
Roque,Sin motivo claro / nombre genérico
Rosa Bar,Sin motivo claro / nombre genérico
Rosa Blanca,Sin motivo claro / nombre genérico
Rosa Mari,Sin motivo claro / nombre genérico
Rosatto,Sin motivo claro / nombre genérico
Rosebar,Sin motivo claro / nombre genérico
Roses,Sin motivo claro / nombre genérico
Rosetti,Sin motivo claro / nombre genérico
Rosie,Sin motivo claro / nombre genérico
Rotiseria Bar,Sin motivo claro / nombre genérico
Rotiseria Dany,Sin motivo claro / nombre genérico
Rotiseria Lucy,Sin motivo claro / nombre genérico
Rotisería,Sin motivo claro / nombre genérico
Rotisería,Sin motivo claro / nombre genérico
Rotisería Candela,Sin motivo claro / nombre genérico
Rotisería Mary,Sin motivo claro / nombre genérico
Rotondo,Sin motivo claro / nombre genérico
Rotterdam,Sin motivo claro / nombre genérico
Rox,Sin motivo claro / nombre genérico
Roy Cabrera,Sin motivo claro / nombre genérico
Royal Gourmet,Sin motivo claro / nombre genérico
Royal Mansion,Sin motivo claro / nombre genérico
Rua,Sin motivo claro / nombre genérico
Ruano,Sin motivo claro / nombre genérico
Ruda Bar,Sin motivo claro / nombre genérico
Rus - ti - ko,Sin motivo claro / nombre genérico
Rusticana,Sin motivo claro / nombre genérico
Rusvel,Sin motivo claro / nombre genérico
Ròncole,Sin motivo claro / nombre genérico
Ròncole,Sin motivo claro / nombre genérico
Rómulo,Sin motivo claro / nombre genérico
SBS,Sin motivo claro / nombre genérico
Sabayon,Sin motivo claro / nombre genérico
Sablée,Sin motivo claro / nombre genérico
Sabor Andino,Sin motivo claro / nombre genérico
Saborando,Sin motivo claro / nombre genérico
Sabores Intensos,Sin motivo claro / nombre genérico
Sabores de Urquiza,Sin motivo claro / nombre genérico
Sabores de mi Tierra,Sin motivo claro / nombre genérico
Sacro,Sin motivo claro / nombre genérico
Saeta,Sin motivo claro / nombre genérico
Safari cafe parilla,Sin motivo claro / nombre genérico
Sagardi,Sin motivo claro / nombre genérico
Sala Batato Barea,Sin motivo claro / nombre genérico
Sala C,Sin motivo claro / nombre genérico
Sala CRASH,Sin motivo claro / nombre genérico
Sala caras y caretas,Sin motivo claro / nombre genérico
Salad,Sin motivo claro / nombre genérico
Salad Bar,Sin motivo claro / nombre genérico
Salas LPM,Sin motivo claro / nombre genérico
Salgado,Sin motivo claro / nombre genérico
Salgado Alimentos,Sin motivo claro / nombre genérico
Salgado Alimentos,Sin motivo claro / nombre genérico
Salon Canning,Sin motivo claro / nombre genérico
Salsa Mia,Sin motivo claro / nombre genérico
Saltanapoli,Sin motivo claro / nombre genérico
Salteñas Oruro,Sin motivo claro / nombre genérico
Salvador,Sin motivo claro / nombre genérico
Salvador,Sin motivo claro / nombre genérico
Salvaje Backery,Sin motivo claro / nombre genérico
Salve Cocina,Sin motivo claro / nombre genérico
Salón Comedor,Sin motivo claro / nombre genérico
Salón Marabú,Sin motivo claro / nombre genérico
Sam Jorge,Sin motivo claro / nombre genérico
Sampa,Sin motivo claro / nombre genérico
Sandanzas Hostel,Sin motivo claro / nombre genérico
Sando de América,Sin motivo claro / nombre genérico
Sanguche,Sin motivo claro / nombre genérico
Sanno,Sin motivo claro / nombre genérico
Sans,Sin motivo claro / nombre genérico
Sans,Sin motivo claro / nombre genérico
Santafesino,Sin motivo claro / nombre genérico
Santal,Sin motivo claro / nombre genérico
Santillo,Sin motivo claro / nombre genérico
Santorino,Sin motivo claro / nombre genérico
Sanwicheria,Sin motivo claro / nombre genérico
Sao Paolo,Sin motivo claro / nombre genérico
Sargantana,Sin motivo claro / nombre genérico
Sasha Pasteles,Sin motivo claro / nombre genérico
Sattva,Sin motivo claro / nombre genérico
Sattva,Sin motivo claro / nombre genérico
Sauces,Sin motivo claro / nombre genérico
Saudade,Sin motivo claro / nombre genérico
Saujil,Sin motivo claro / nombre genérico
Schuster,Sin motivo claro / nombre genérico
Schwartz & Berg,Sin motivo claro / nombre genérico
Segundo,Sin motivo claro / nombre genérico
Selema,Sin motivo claro / nombre genérico
Selena Café,Sin motivo claro / nombre genérico
Selena Cocina,Sin motivo claro / nombre genérico
Sempre,Sin motivo claro / nombre genérico
Sensu,Sin motivo claro / nombre genérico
Serafin,Sin motivo claro / nombre genérico
Serendipity,Sin motivo claro / nombre genérico
Sesto,Sin motivo claro / nombre genérico
Seta Bar,Sin motivo claro / nombre genérico
Seventys,Sin motivo claro / nombre genérico
Señor Café,Sin motivo claro / nombre genérico
Shami,Sin motivo claro / nombre genérico
Shangai Express,Sin motivo claro / nombre genérico
Shell Select,Sin motivo claro / nombre genérico
Shell Select,Sin motivo claro / nombre genérico
Showcase Cinemas,Sin motivo claro / nombre genérico
Siamo Nel Forno,Sin motivo claro / nombre genérico
Sid cafe,Sin motivo claro / nombre genérico
Siempre Verde,Sin motivo claro / nombre genérico
Sienmesage,Sin motivo claro / nombre genérico
Siete,Sin motivo claro / nombre genérico
Simon,Sin motivo claro / nombre genérico
Simona,Sin motivo claro / nombre genérico
Simona,Sin motivo claro / nombre genérico
Simona,Sin motivo claro / nombre genérico
Simona,Sin motivo claro / nombre genérico
Simona Café,Sin motivo claro / nombre genérico
Simone,Sin motivo claro / nombre genérico
Simonetta,Sin motivo claro / nombre genérico
Simple,Sin motivo claro / nombre genérico
Simão,Sin motivo claro / nombre genérico
Sippin Cafe,Sin motivo claro / nombre genérico
Sirop-Folie,Sin motivo claro / nombre genérico
Sivela 465,Sin motivo claro / nombre genérico
Sláinte Irish Pub,Sin motivo claro / nombre genérico
Snackbar,Sin motivo claro / nombre genérico
Sobek Bowling & Drinks,Sin motivo claro / nombre genérico
Social,Sin motivo claro / nombre genérico
Sofa,Sin motivo claro / nombre genérico
Soho Club,Sin motivo claro / nombre genérico
Sole,Sin motivo claro / nombre genérico
Solomia,Sin motivo claro / nombre genérico
Sophia,Sin motivo claro / nombre genérico
Sopressata,Sin motivo claro / nombre genérico
Soraya,Sin motivo claro / nombre genérico
Sorrento,Sin motivo claro / nombre genérico
Sorrento,Sin motivo claro / nombre genérico
Sorrento,Sin motivo claro / nombre genérico
Sotovoce cafe,Sin motivo claro / nombre genérico
Spangher,Sin motivo claro / nombre genérico
Sparaw,Sin motivo claro / nombre genérico
Spazzio,Sin motivo claro / nombre genérico
Speed,Sin motivo claro / nombre genérico
Spiedo,Sin motivo claro / nombre genérico
Spiga,Sin motivo claro / nombre genérico
Spiga,Sin motivo claro / nombre genérico
Spot,Sin motivo claro / nombre genérico
Spot,Sin motivo claro / nombre genérico
Spring Brezee,Sin motivo claro / nombre genérico
Squzi,Sin motivo claro / nombre genérico
Sr. Telmo,Sin motivo claro / nombre genérico
Stark,Sin motivo claro / nombre genérico
Stayhome,Sin motivo claro / nombre genérico
Stella Maris,Sin motivo claro / nombre genérico
Stracqua,Sin motivo claro / nombre genérico
Strange Brewing,Sin motivo claro / nombre genérico
Su Restaurant,Sin motivo claro / nombre genérico
Sucre,Sin motivo claro / nombre genérico
Sucre Restorán,Sin motivo claro / nombre genérico
Suevia,Sin motivo claro / nombre genérico
Suevia,Sin motivo claro / nombre genérico
Suevia,Sin motivo claro / nombre genérico
Suevia,Sin motivo claro / nombre genérico
Suevia,Sin motivo claro / nombre genérico
Suevia,Sin motivo claro / nombre genérico
Suevia,Sin motivo claro / nombre genérico
Sueña,Sin motivo claro / nombre genérico
Sugar,Sin motivo claro / nombre genérico
Suit Suit,Sin motivo claro / nombre genérico
Sur Latino,Sin motivo claro / nombre genérico
SushiClub,Sin motivo claro / nombre genérico
SushiClub,Sin motivo claro / nombre genérico
SushiLife,Sin motivo claro / nombre genérico
Sushiclub,Sin motivo claro / nombre genérico
Suship,Sin motivo claro / nombre genérico
Suárez,Sin motivo claro / nombre genérico
Sweet,Sin motivo claro / nombre genérico
Sweety,Sin motivo claro / nombre genérico
Sálvame,Sin motivo claro / nombre genérico
Sánchez & Sánchez,Sin motivo claro / nombre genérico
"Sí, Pastrón",Sin motivo claro / nombre genérico
Sónoman,Sin motivo claro / nombre genérico
Süss,Sin motivo claro / nombre genérico
Tabaris,Sin motivo claro / nombre genérico
Taberna Baska,Sin motivo claro / nombre genérico
Taberna Calle Fresca,Sin motivo claro / nombre genérico
Taberna Odín,Sin motivo claro / nombre genérico
Taco Box,Sin motivo claro / nombre genérico
Taco Box,Sin motivo claro / nombre genérico
Taco Box,Sin motivo claro / nombre genérico
Taco God,Sin motivo claro / nombre genérico
Taco N Todo,Sin motivo claro / nombre genérico
Taco box,Sin motivo claro / nombre genérico
Taconeando,Sin motivo claro / nombre genérico
Tacos Express,Sin motivo claro / nombre genérico
Taj Mahal,Sin motivo claro / nombre genérico
Take & Caffee,Sin motivo claro / nombre genérico
Take Away,Sin motivo claro / nombre genérico
Take Away,Sin motivo claro / nombre genérico
Take al paso,Sin motivo claro / nombre genérico
Takumi,Sin motivo claro / nombre genérico
Tallarica,Sin motivo claro / nombre genérico
Tals,Sin motivo claro / nombre genérico
Tancat,Sin motivo claro / nombre genérico
Tancat,Sin motivo claro / nombre genérico
Tandoor,Sin motivo claro / nombre genérico
Tanoira,Sin motivo claro / nombre genérico
Tanta,Sin motivo claro / nombre genérico
Tanti,Sin motivo claro / nombre genérico
Tapas De Lucía,Sin motivo claro / nombre genérico
TaqueGusta,Sin motivo claro / nombre genérico
Taquería Diaz,Sin motivo claro / nombre genérico
Tarzan,Sin motivo claro / nombre genérico
Taré,Sin motivo claro / nombre genérico
Tauro,Sin motivo claro / nombre genérico
Tavern,Sin motivo claro / nombre genérico
Taxi Bar,Sin motivo claro / nombre genérico
Tayaki,Sin motivo claro / nombre genérico
Tazz,Sin motivo claro / nombre genérico
Tazz,Sin motivo claro / nombre genérico
Te Llamaré Viernes,Sin motivo claro / nombre genérico
Te adoro García,Sin motivo claro / nombre genérico
Teaconnetion,Sin motivo claro / nombre genérico
Teatro,Sin motivo claro / nombre genérico
Teatro Astral,Sin motivo claro / nombre genérico
Teatro Avenida,Sin motivo claro / nombre genérico
Teatro Cabildo,Sin motivo claro / nombre genérico
Teatro Ciego,Sin motivo claro / nombre genérico
Teatro Coliseo,Sin motivo claro / nombre genérico
Teatro Colonial,Sin motivo claro / nombre genérico
Teatro El Alep,Sin motivo claro / nombre genérico
Teatro El Desguace,Sin motivo claro / nombre genérico
Teatro El Piccolino,Sin motivo claro / nombre genérico
Teatro La Casona,Sin motivo claro / nombre genérico
Teatro Margarita Xirgu,Sin motivo claro / nombre genérico
Teatro Paseo La Plaza,Sin motivo claro / nombre genérico
Teatro Popular,Sin motivo claro / nombre genérico
Teatro Regina,Sin motivo claro / nombre genérico
Teatro Sony,Sin motivo claro / nombre genérico
Teatro Tercer Acto,Sin motivo claro / nombre genérico
Teatro del Picadero,Sin motivo claro / nombre genérico
Teatro del Pueblo,Sin motivo claro / nombre genérico
Teatro del Pueblo,Sin motivo claro / nombre genérico
Teatro del Viejo Mercado,Sin motivo claro / nombre genérico
Teatro del Ángel,Sin motivo claro / nombre genérico
Tecnica Artistica,Sin motivo claro / nombre genérico
Teglia,Sin motivo claro / nombre genérico
Teglia,Sin motivo claro / nombre genérico
Tegui,Sin motivo claro / nombre genérico
Tekeditos,Sin motivo claro / nombre genérico
Telmo Deli,Sin motivo claro / nombre genérico
Templar,Sin motivo claro / nombre genérico
Temple,Sin motivo claro / nombre genérico
Temple,Sin motivo claro / nombre genérico
Temple,Sin motivo claro / nombre genérico
Temple,Sin motivo claro / nombre genérico
Temple,Sin motivo claro / nombre genérico
Temple,Sin motivo claro / nombre genérico
Temple,Sin motivo claro / nombre genérico
Temple Craft Soho,Sin motivo claro / nombre genérico
Teodelina,Sin motivo claro / nombre genérico
Tequila,Sin motivo claro / nombre genérico
Tercera Docena,Sin motivo claro / nombre genérico
Terminal Krakovia Bar,Sin motivo claro / nombre genérico
Terranova,Sin motivo claro / nombre genérico
Terrazas,Sin motivo claro / nombre genérico
Terrazas Cafe,Sin motivo claro / nombre genérico
Terrazo,Sin motivo claro / nombre genérico
Textos,Sin motivo claro / nombre genérico
Thelonious Club,Sin motivo claro / nombre genérico
Theodor,Sin motivo claro / nombre genérico
They Bronx,Sin motivo claro / nombre genérico
Thiago,Sin motivo claro / nombre genérico
Thomas,Sin motivo claro / nombre genérico
Tiberio,Sin motivo claro / nombre genérico
Tibidabo,Sin motivo claro / nombre genérico
Tiempo,Sin motivo claro / nombre genérico
Tiempo Extra,Sin motivo claro / nombre genérico
Tiempos Modernos,Sin motivo claro / nombre genérico
Tiempos Tiambre,Sin motivo claro / nombre genérico
Tiempos de Café,Sin motivo claro / nombre genérico
Tiempos de Reencuentro,Sin motivo claro / nombre genérico
Tienda,Sin motivo claro / nombre genérico
Tienda De Café,Sin motivo claro / nombre genérico
Tienda de Cafe,Sin motivo claro / nombre genérico
Tienda de Cafe,Sin motivo claro / nombre genérico
Tienda de Cafe,Sin motivo claro / nombre genérico
Tienda de Cafe,Sin motivo claro / nombre genérico
Tienda de Café,Sin motivo claro / nombre genérico
Tienda de Café,Sin motivo claro / nombre genérico
Tienda de Café,Sin motivo claro / nombre genérico
Tienda de Café,Sin motivo claro / nombre genérico
Tienda de Café,Sin motivo claro / nombre genérico
Tienda de Café,Sin motivo claro / nombre genérico
Tienda de Café,Sin motivo claro / nombre genérico
Tienda de Café,Sin motivo claro / nombre genérico
Tienda de Café,Sin motivo claro / nombre genérico
Tienda de Café,Sin motivo claro / nombre genérico
Tienda de Café,Sin motivo claro / nombre genérico
Tienda de Café,Sin motivo claro / nombre genérico
Tienda de Café,Sin motivo claro / nombre genérico
Tienda de Café,Sin motivo claro / nombre genérico
Tienda de Café,Sin motivo claro / nombre genérico
Tienda de Café,Sin motivo claro / nombre genérico
Tienda de Delicias,Sin motivo claro / nombre genérico
Tienda de café,Sin motivo claro / nombre genérico
Tienda de café,Sin motivo claro / nombre genérico
Tienda de delicias,Sin motivo claro / nombre genérico
Tienda nova,Sin motivo claro / nombre genérico
Tierra de Héroes,Sin motivo claro / nombre genérico
Tierra de Indios,Sin motivo claro / nombre genérico
Tierra de Libros,Sin motivo claro / nombre genérico
Tilo,Sin motivo claro / nombre genérico
Tilo,Sin motivo claro / nombre genérico
Tilo,Sin motivo claro / nombre genérico
Tino,Sin motivo claro / nombre genérico
Tintico,Sin motivo claro / nombre genérico
Tinto,Sin motivo claro / nombre genérico
Tipo Siete,Sin motivo claro / nombre genérico
Tirrenia,Sin motivo claro / nombre genérico
Titanio,Sin motivo claro / nombre genérico
To Go,Sin motivo claro / nombre genérico
Tobas Café,Sin motivo claro / nombre genérico
Tobias,Sin motivo claro / nombre genérico
Todo Brasas,Sin motivo claro / nombre genérico
Todo Kiosco,Sin motivo claro / nombre genérico
Todo Mundo,Sin motivo claro / nombre genérico
Todo Pasta,Sin motivo claro / nombre genérico
Todo Rico,Sin motivo claro / nombre genérico
Todo Tartas,Sin motivo claro / nombre genérico
Todo Tartas,Sin motivo claro / nombre genérico
Toki,Sin motivo claro / nombre genérico
Toledo,Sin motivo claro / nombre genérico
Toledo,Sin motivo claro / nombre genérico
Toledo,Sin motivo claro / nombre genérico
Toller kaffeë,Sin motivo claro / nombre genérico
Tolón,Sin motivo claro / nombre genérico
Tomasso,Sin motivo claro / nombre genérico
Tomate,Sin motivo claro / nombre genérico
Tomate,Sin motivo claro / nombre genérico
Tomatitos,Sin motivo claro / nombre genérico
Tomato,Sin motivo claro / nombre genérico
Tomato Libros,Sin motivo claro / nombre genérico
Tonico,Sin motivo claro / nombre genérico
Torcuato & Regina,Sin motivo claro / nombre genérico
Torcuato & Regina,Sin motivo claro / nombre genérico
Tori Tori,Sin motivo claro / nombre genérico
Torija,Sin motivo claro / nombre genérico
Torre Paris,Sin motivo claro / nombre genérico
Tostado,Sin motivo claro / nombre genérico
Tostado,Sin motivo claro / nombre genérico
Tostado,Sin motivo claro / nombre genérico
Tostado,Sin motivo claro / nombre genérico
Tostado,Sin motivo claro / nombre genérico
Tostado,Sin motivo claro / nombre genérico
Tostado,Sin motivo claro / nombre genérico
Tostado,Sin motivo claro / nombre genérico
Tostado,Sin motivo claro / nombre genérico
Tostado,Sin motivo claro / nombre genérico
Tostado,Sin motivo claro / nombre genérico
Tostado,Sin motivo claro / nombre genérico
Tostado,Sin motivo claro / nombre genérico
Tostado Cafe Club,Sin motivo claro / nombre genérico
Tostado Cafe Club,Sin motivo claro / nombre genérico
Tostado Cafe Club,Sin motivo claro / nombre genérico
Totem,Sin motivo claro / nombre genérico
Toust,Sin motivo claro / nombre genérico
Tower,Sin motivo claro / nombre genérico
Trade Sky Bar,Sin motivo claro / nombre genérico
Traiano,Sin motivo claro / nombre genérico
Traiano,Sin motivo claro / nombre genérico
Traiano,Sin motivo claro / nombre genérico
Trama,Sin motivo claro / nombre genérico
Trapabar,Sin motivo claro / nombre genérico
Trappola,Sin motivo claro / nombre genérico
Tres,Sin motivo claro / nombre genérico
Tres Esquinas,Sin motivo claro / nombre genérico
Tres Quarts,Sin motivo claro / nombre genérico
Trianon,Sin motivo claro / nombre genérico
Tribu,Sin motivo claro / nombre genérico
Tribuna Oficial,Sin motivo claro / nombre genérico
Trigal,Sin motivo claro / nombre genérico
Trigopan,Sin motivo claro / nombre genérico
Trionfale,Sin motivo claro / nombre genérico
Trippin,Sin motivo claro / nombre genérico
Triskel,Sin motivo claro / nombre genérico
Trixie,Sin motivo claro / nombre genérico
Trocca,Sin motivo claro / nombre genérico
Troche,Sin motivo claro / nombre genérico
Trois,Sin motivo claro / nombre genérico
Tropical,Sin motivo claro / nombre genérico
Truffa,Sin motivo claro / nombre genérico
Trybe,Sin motivo claro / nombre genérico
Tucson,Sin motivo claro / nombre genérico
Tucson,Sin motivo claro / nombre genérico
Tulio,Sin motivo claro / nombre genérico
Tullo Pane,Sin motivo claro / nombre genérico
Tutto Pane,Sin motivo claro / nombre genérico
Tutto Pane,Sin motivo claro / nombre genérico
Tutto Panne,Sin motivo claro / nombre genérico
Tyta,Sin motivo claro / nombre genérico
Tícaro,Sin motivo claro / nombre genérico
Tótem,Sin motivo claro / nombre genérico
UCO,Sin motivo claro / nombre genérico
UOCRA Cultura,Sin motivo claro / nombre genérico
Ukelele,Sin motivo claro / nombre genérico
Ultramarinos,Sin motivo claro / nombre genérico
Ulúa,Sin motivo claro / nombre genérico
Umai Gourmet,Sin motivo claro / nombre genérico
Un Dulce Permiso,Sin motivo claro / nombre genérico
Una Pausa,Sin motivo claro / nombre genérico
Undici,Sin motivo claro / nombre genérico
Uniclub,Sin motivo claro / nombre genérico
Unico,Sin motivo claro / nombre genérico
Unplug Bar,Sin motivo claro / nombre genérico
Untertürkheim,Sin motivo claro / nombre genérico
Upa,Sin motivo claro / nombre genérico
Urbano,Sin motivo claro / nombre genérico
Urbano,Sin motivo claro / nombre genérico
Urbano Bravo,Sin motivo claro / nombre genérico
Urbe Bar,Sin motivo claro / nombre genérico
Urondo,Sin motivo claro / nombre genérico
Usina,Sin motivo claro / nombre genérico
Usina Cafetera,Sin motivo claro / nombre genérico
Usina Cafetera,Sin motivo claro / nombre genérico
Utilería,Sin motivo claro / nombre genérico
Utilería,Sin motivo claro / nombre genérico
Utopia,Sin motivo claro / nombre genérico
V&R Editoras S.A.,Sin motivo claro / nombre genérico
VALHALLA Bar Vikingo,Sin motivo claro / nombre genérico
Vacalin,Sin motivo claro / nombre genérico
Vacalin,Sin motivo claro / nombre genérico
Vacalin,Sin motivo claro / nombre genérico
Vademecum Café,Sin motivo claro / nombre genérico
Vaffanculo,Sin motivo claro / nombre genérico
Vagabondo,Sin motivo claro / nombre genérico
Vai Avanti,Sin motivo claro / nombre genérico
Valence,Sin motivo claro / nombre genérico
Valenti,Sin motivo claro / nombre genérico
Valenti,Sin motivo claro / nombre genérico
Valentino,Sin motivo claro / nombre genérico
Valentino,Sin motivo claro / nombre genérico
Valentino Bar,Sin motivo claro / nombre genérico
Valerio,Sin motivo claro / nombre genérico
Valk Taproom,Sin motivo claro / nombre genérico
Vallina,Sin motivo claro / nombre genérico
Van Wivh,Sin motivo claro / nombre genérico
Vanshelato,Sin motivo claro / nombre genérico
Varela Varelita,Sin motivo claro / nombre genérico
Vargas,Sin motivo claro / nombre genérico
Varsovia,Sin motivo claro / nombre genérico
Vedra,Sin motivo claro / nombre genérico
Veganius,Sin motivo claro / nombre genérico
Vegetariana,Sin motivo claro / nombre genérico
Veikko,Sin motivo claro / nombre genérico
Veintidós,Sin motivo claro / nombre genérico
Venancio,Sin motivo claro / nombre genérico
Venezolano,Sin motivo claro / nombre genérico
Ventas IGN,Sin motivo claro / nombre genérico
Vera,Sin motivo claro / nombre genérico
Vereda Adentro,Sin motivo claro / nombre genérico
Verico,Sin motivo claro / nombre genérico
Verm y Cheli,Sin motivo claro / nombre genérico
Verne club,Sin motivo claro / nombre genérico
Versalles,Sin motivo claro / nombre genérico
Via 71,Sin motivo claro / nombre genérico
Via Dante,Sin motivo claro / nombre genérico
Via Dolce,Sin motivo claro / nombre genérico
Via Galvan,Sin motivo claro / nombre genérico
Viavenito,Sin motivo claro / nombre genérico
Vicente,Sin motivo claro / nombre genérico
Vickin,Sin motivo claro / nombre genérico
Vico wine bar,Sin motivo claro / nombre genérico
Victoria Urquiza,Sin motivo claro / nombre genérico
Victorica,Sin motivo claro / nombre genérico
Victorioso Pan,Sin motivo claro / nombre genérico
Viejo Agump,Sin motivo claro / nombre genérico
Viejo Alsina,Sin motivo claro / nombre genérico
Viejo Gómez,Sin motivo claro / nombre genérico
Viejo Mundo,Sin motivo claro / nombre genérico
Vieytes & Vieytes,Sin motivo claro / nombre genérico
Viglio,Sin motivo claro / nombre genérico
Villalobos,Sin motivo claro / nombre genérico
Vina,Sin motivo claro / nombre genérico
Vino Tinto,Sin motivo claro / nombre genérico
Violet,Sin motivo claro / nombre genérico
Virgilio,Sin motivo claro / nombre genérico
Vitolo,Sin motivo claro / nombre genérico
Vitto,Sin motivo claro / nombre genérico
Vitto,Sin motivo claro / nombre genérico
Viva Lugano,Sin motivo claro / nombre genérico
Vive Verde,Sin motivo claro / nombre genérico
Volta,Sin motivo claro / nombre genérico
Volviste Clara,Sin motivo claro / nombre genérico
Vrindavan,Sin motivo claro / nombre genérico
VyR Depósito,Sin motivo claro / nombre genérico
Vía Dolce,Sin motivo claro / nombre genérico
Welcome,Sin motivo claro / nombre genérico
Western,Sin motivo claro / nombre genérico
Whoopies,Sin motivo claro / nombre genérico
Whoopies,Sin motivo claro / nombre genérico
Whoopies,Sin motivo claro / nombre genérico
Whoopies,Sin motivo claro / nombre genérico
Whoppies,Sin motivo claro / nombre genérico
Wine Bar Palermo,Sin motivo claro / nombre genérico
Winer,Sin motivo claro / nombre genérico
Winna,Sin motivo claro / nombre genérico
Woke,Sin motivo claro / nombre genérico
Woopies,Sin motivo claro / nombre genérico
Wunderbar,Sin motivo claro / nombre genérico
Xalapa,Sin motivo claro / nombre genérico
Y que sabor!,Sin motivo claro / nombre genérico
YOLO Bar,Sin motivo claro / nombre genérico
Ya Cabron,Sin motivo claro / nombre genérico
Ya-Mi Food,Sin motivo claro / nombre genérico
Yapan,Sin motivo claro / nombre genérico
Yenny,Sin motivo claro / nombre genérico
Yenny,Sin motivo claro / nombre genérico
Yenny,Sin motivo claro / nombre genérico
Yenny,Sin motivo claro / nombre genérico
Yenny,Sin motivo claro / nombre genérico
Yenny,Sin motivo claro / nombre genérico
Yenny,Sin motivo claro / nombre genérico
Yenny,Sin motivo claro / nombre genérico
Yenny,Sin motivo claro / nombre genérico
Yenny café/libros,Sin motivo claro / nombre genérico
York,Sin motivo claro / nombre genérico
You Club,Sin motivo claro / nombre genérico
Yuki,Sin motivo claro / nombre genérico
Yuzu,Sin motivo claro / nombre genérico
Z • T,Sin motivo claro / nombre genérico
Zairis,Sin motivo claro / nombre genérico
Zajo,Sin motivo claro / nombre genérico
Zama Libros,Sin motivo claro / nombre genérico
Zas!,Sin motivo claro / nombre genérico
Zavalia,Sin motivo claro / nombre genérico
Zegre,Sin motivo claro / nombre genérico
Zensató,Sin motivo claro / nombre genérico
Zman,Sin motivo claro / nombre genérico
Zodiaco,Sin motivo claro / nombre genérico
Zoe,Sin motivo claro / nombre genérico
Zoom,Sin motivo claro / nombre genérico
Zoom Resto-Bar,Sin motivo claro / nombre genérico
Zulu Bar,Sin motivo claro / nombre genérico
bule-bar,Sin motivo claro / nombre genérico
centro basque,Sin motivo claro / nombre genérico
debar,Sin motivo claro / nombre genérico
el Nacional,Sin motivo claro / nombre genérico
i Fresh,Sin motivo claro / nombre genérico
i Latina,Sin motivo claro / nombre genérico
imaginario Cultural,Sin motivo claro / nombre genérico
karaoke,Sin motivo claro / nombre genérico
la Aguada,Sin motivo claro / nombre genérico
la casona del nono,Sin motivo claro / nombre genérico
malin head,Sin motivo claro / nombre genérico
pizzeria,Sin motivo claro / nombre genérico
pret a porter,Sin motivo claro / nombre genérico
primavera Trujillana,Sin motivo claro / nombre genérico
puerto cristal,Sin motivo claro / nombre genérico
tealosophy,Sin motivo claro / nombre genérico
urban,Sin motivo claro / nombre genérico
victor Audio Bar,Sin motivo claro / nombre genérico
vive cafe,Sin motivo claro / nombre genérico
whoopies,Sin motivo claro / nombre genérico
Álvarez,Sin motivo claro / nombre genérico
Ñato,Sin motivo claro / nombre genérico
Öss,Sin motivo claro / nombre genérico
