osm_type,osm_id,key,value,name,lat,lon,barrio,comuna,_name_norm,unified_label
node,9576523317,amenity,cafe,Nuestra América,-34.607275,-58.4145124,ALMAGRO,5.0,nuestra america,Culturas latinoamericanas vecinas
node,1109141331,amenity,bar,San Salvador,-34.6016992,-58.3924261,SAN NICOLAS,1.0,san salvador,Religioso / devocional
node,1114122470,amenity,bar,Santa Cebada,-34.599588,-58.3959867,RECOLETA,2.0,santa cebada,Religioso / devocional
node,1513392109,amenity,restaurant,San Fermin,-34.6193471,-58.369142,SAN TELMO,1.0,san fermin,Religioso / devocional
node,1715208875,amenity,restaurant,San Cayetano,-34.5895331,-58.4081047,RECOLETA,2.0,san cayetano,Religioso / devocional
node,1953847234,amenity,restaurant,Milagrito,-34.5718687,-58.431217,PALERMO,14.0,milagrito,Religioso / devocional
node,2025928692,amenity,restaurant,El Mesón de Guadalupe,-34.5959091,-58.4959407,AGRONOMIA,15.0,el meson de guadalupe,Religioso / devocional
node,2175216605,amenity,restaurant,San Cayetano,-34.5623051,-58.4574393,BELGRANO,13.0,san cayetano,Religioso / devocional
node,2330170840,amenity,cafe,Café San Miguel,-34.5926945,-58.4013697,RECOLETA,2.0,cafe san miguel,Religioso / devocional
node,2733105015,amenity,theatre,Auditorio Misericordia,-34.5997985,-58.5078803,VILLA DEVOTO,11.0,auditorio misericordia,Religioso / devocional
node,2950081870,amenity,restaurant,La Madonnina,-34.5386039,-58.4667349,NUÑEZ,13.0,la madonnina,Religioso / devocional
node,3124920368,amenity,cafe,All Saints Café,-34.5608459,-58.4593254,BELGRANO,13.0,all saints cafe,Religioso / devocional
node,3132406810,amenity,cafe,Café Altares,-34.5521612,-58.4707943,NUÑEZ,13.0,cafe altares,Religioso / devocional
node,3188286768,amenity,restaurant,El Gran Paraiso,-34.6394019,-58.3632804,BOCA,4.0,el gran paraiso,Religioso / devocional
node,3522661993,amenity,restaurant,Santo Pizzería,-34.5807347,-58.4268681,PALERMO,14.0,santo pizzeria,Religioso / devocional
node,3805648247,amenity,pub,Temple Craft Soho,-34.588021,-58.4269385,PALERMO,14.0,temple craft soho,Religioso / devocional
node,3879289980,amenity,bar,Santísima Cervecería,-34.5810314,-58.4328846,PALERMO,14.0,santisima cerveceria,Religioso / devocional
node,3968569261,amenity,bar,San Bernardo,-34.5977853,-58.4412741,VILLA CRESPO,15.0,san bernardo,Religioso / devocional
node,4251151893,amenity,restaurant,Santos Manjares,-34.5977111,-58.380313,RETIRO,1.0,santos manjares,Religioso / devocional
node,4261759800,amenity,bar,Sera de Dios,-34.6148022,-58.3711998,MONSERRAT,1.0,sera de dios,Religioso / devocional
node,4318837523,amenity,restaurant,San Jose,-34.6289287,-58.462524,FLORES,7.0,san jose,Religioso / devocional
node,4520034604,amenity,restaurant,San Antonio,-34.6315447,-58.4161492,BOEDO,5.0,san antonio,Religioso / devocional
node,4656998124,amenity,cafe,Cafe Altares,-34.6111225,-58.4644923,VILLA GRAL. MITRE,11.0,cafe altares,Religioso / devocional
node,4658087570,amenity,restaurant,Santa Rita,-34.6118494,-58.4812998,VILLA SANTA RITA,11.0,santa rita,Religioso / devocional
node,4669989798,amenity,restaurant,San Cayetano,-34.5968692,-58.4145457,RECOLETA,2.0,san cayetano,Religioso / devocional
node,4670184638,amenity,restaurant,San Luca,-34.6096122,-58.3637808,PUERTO MADERO,1.0,san luca,Religioso / devocional
node,4673431795,amenity,restaurant,Santo Domingo,-34.6128713,-58.3753693,MONSERRAT,1.0,santo domingo,Religioso / devocional
node,4675203182,amenity,cafe,La Nueva San Agustín,-34.5832443,-58.4022345,PALERMO,14.0,la nueva san agustin,Religioso / devocional
node,4675262363,amenity,cafe,Santa Cafe,-34.6117761,-58.3779396,MONSERRAT,1.0,santa cafe,Religioso / devocional
node,4677312663,amenity,cafe,Cafe San Juan,-34.616121,-58.3728011,SAN TELMO,1.0,cafe san juan,Religioso / devocional
node,4684267349,amenity,restaurant,Santa Teresita,-34.6538759,-58.5191496,MATADEROS,9.0,santa teresita,Religioso / devocional
node,4693050032,amenity,cafe,Las Delicias San Juan,-34.6254233,-58.4148629,BOEDO,5.0,las delicias san juan,Religioso / devocional
node,4698973811,amenity,cafe,Santa Cafe,-34.6116868,-58.3777866,MONSERRAT,1.0,santa cafe,Religioso / devocional
node,4699907320,amenity,restaurant,Las Nazarenas,-34.5947592,-58.3734669,RETIRO,1.0,las nazarenas,Religioso / devocional
node,4704335829,amenity,restaurant,Cafe San Juan,-34.6220044,-58.3721799,SAN TELMO,1.0,cafe san juan,Religioso / devocional
node,4708554092,amenity,restaurant,Misericordia,-34.6320173,-58.4565178,FLORES,7.0,misericordia,Religioso / devocional
node,4764182876,amenity,cafe,CONFITERÍA SAN MIGUEL,-34.6030537,-58.4239913,ALMAGRO,5.0,confiteria san miguel,Religioso / devocional
node,5852321569,amenity,restaurant,No Tan Santos,-34.5753438,-58.4725964,VILLA URQUIZA,12.0,no tan santos,Religioso / devocional
node,6285188285,amenity,restaurant,San Telmo Shokudo,-34.6186552,-58.3715375,SAN TELMO,1.0,san telmo shokudo,Religioso / devocional
node,6477305186,amenity,bar,Temple,-34.6074785,-58.3663042,PUERTO MADERO,1.0,temple,Religioso / devocional
node,6507285682,amenity,restaurant,San Gennaro,-34.5546588,-58.4392168,BELGRANO,13.0,san gennaro,Religioso / devocional
node,7040015287,amenity,theatre,Santos,-34.5886361,-58.4499041,CHACARITA,15.0,santos,Religioso / devocional
node,7040034287,amenity,restaurant,Santa Inés,-34.5927262,-58.4677729,PATERNAL,15.0,santa ines,Religioso / devocional
node,7715441597,amenity,restaurant,Zion,-34.6361174,-58.5227472,LINIERS,9.0,zion,Religioso / devocional
node,7770644195,amenity,cafe,San José,-34.6166393,-58.5282863,VILLA REAL,10.0,san jose,Religioso / devocional
node,9096648447,amenity,bar,Mala Santa,-34.5595961,-58.4434961,BELGRANO,13.0,mala santa,Religioso / devocional
node,9193819717,amenity,restaurant,Sacro,-34.5790226,-58.4393884,PALERMO,14.0,sacro,Religioso / devocional
node,9604056982,amenity,pub,Temple,-34.5589307,-58.448838,BELGRANO,13.0,temple,Religioso / devocional
node,10172642823,amenity,pub,Temple,-34.591048,-58.406131,RECOLETA,2.0,temple,Religioso / devocional
node,10604507731,amenity,cafe,La Pilarica,-34.6428693,-58.5246381,LINIERS,9.0,la pilarica,Religioso / devocional
node,10772051340,amenity,cafe,Lourdes,-34.5814264,-58.380686,RETIRO,1.0,lourdes,Religioso / devocional
node,10817175805,amenity,bar,Temple,-34.6050592,-58.3896712,SAN NICOLAS,1.0,temple,Religioso / devocional
node,11131500547,amenity,cafe,Rita,-34.5522498,-58.4683911,NUÑEZ,13.0,rita,Religioso / devocional
node,11292011469,amenity,restaurant,Cucina de Santo,-34.6031532,-58.3850492,SAN NICOLAS,1.0,cucina de santo,Religioso / devocional
node,11308578352,amenity,restaurant,San Marino,-34.604649,-58.4242465,ALMAGRO,5.0,san marino,Religioso / devocional
node,11339163120,amenity,cafe,San Cayetano,-34.6498202,-58.5150117,LINIERS,9.0,san cayetano,Religioso / devocional
node,11503803691,amenity,restaurant,San Jorge,-34.6173958,-58.4093075,BALVANERA,3.0,san jorge,Religioso / devocional
node,11524591069,amenity,bar,Temple,-34.5841489,-58.4364031,PALERMO,14.0,temple,Religioso / devocional
node,12031997359,amenity,restaurant,4 Angelitos,-34.600975,-58.4402425,VILLA CRESPO,15.0,4 angelitos,Religioso / devocional
node,12387263408,amenity,cafe,Paraiso,-34.5845538,-58.4387941,PALERMO,14.0,paraiso,Religioso / devocional
node,12692172701,amenity,pub,Temple,-34.5886193,-58.3943985,RECOLETA,2.0,temple,Religioso / devocional
node,12706376108,amenity,bar,Temple,-34.5553687,-58.4547867,BELGRANO,13.0,temple,Religioso / devocional
node,12767038501,amenity,restaurant,Bendito Pizza,-34.6091942,-58.5124668,VILLA DEVOTO,11.0,bendito pizza,Religioso / devocional
node,13246498701,amenity,restaurant,Relicioso,-34.6074029,-58.3893072,SAN NICOLAS,1.0,relicioso,Religioso / devocional
node,13254409702,amenity,cafe,Zion,-34.5869073,-58.4077265,RECOLETA,2.0,zion,Religioso / devocional
node,1269223103,shop,bakery,San Rafael,-34.5580002,-58.4497307,BELGRANO,13.0,san rafael,Religioso / devocional
node,1402327980,shop,bakery,La Milagrosa,-34.6224733,-58.4410062,CABALLITO,6.0,la milagrosa,Religioso / devocional
node,1678902590,shop,bakery,Stella Maris,-34.6120991,-58.4408246,CABALLITO,6.0,stella maris,Religioso / devocional
node,2123850888,shop,bakery,San Cristóbal,-34.5597683,-58.4550297,BELGRANO,13.0,san cristobal,Religioso / devocional
node,2533704011,shop,bakery,San Francisco,-34.5531823,-58.4650893,NUÑEZ,13.0,san francisco,Religioso / devocional
node,2604948470,shop,books,Editorial Peniel,-34.6115179,-58.4183935,ALMAGRO,5.0,editorial peniel,Religioso / devocional
node,2625794368,shop,bakery,La Piedad,-34.6076351,-58.3748809,SAN NICOLAS,1.0,la piedad,Religioso / devocional
node,3060448833,shop,bakery,Guadalupe,-34.5899939,-58.4150072,PALERMO,14.0,guadalupe,Religioso / devocional
node,3173862994,shop,bakery,María de Bambi,-34.5942018,-58.3803653,RETIRO,1.0,maria de bambi,Religioso / devocional
node,3611214341,shop,bakery,Panadería La Milagrosa,-34.6366891,-58.4024027,PARQUE PATRICIOS,4.0,panaderia la milagrosa,Religioso / devocional
node,3884605742,shop,bakery,San Cayetano,-34.6317886,-58.5250656,VERSALLES,10.0,san cayetano,Religioso / devocional
node,4309172337,shop,deli,Estancia San Francisco,-34.6129851,-58.4205162,ALMAGRO,5.0,estancia san francisco,Religioso / devocional
node,4318837522,shop,bakery,San Cayetano,-34.6272605,-58.4600931,FLORES,7.0,san cayetano,Religioso / devocional
node,4591595904,shop,books,Librería Santa Fe,-34.5707,-58.4430038,PALERMO,14.0,libreria santa fe,Religioso / devocional
node,4601941745,shop,bakery,Santa Clara,-34.5443989,-58.4611842,NUÑEZ,13.0,santa clara,Religioso / devocional
node,4604226681,shop,bakery,Belén,-34.6546829,-58.3998826,BARRACAS,4.0,belen,Religioso / devocional
node,4653448446,shop,bakery,La Guadalupe,-34.5779079,-58.4886181,VILLA URQUIZA,12.0,la guadalupe,Religioso / devocional
node,4658080737,shop,deli,San Benedetto 2,-34.6147519,-58.4789743,VILLA SANTA RITA,11.0,san benedetto 2,Religioso / devocional
node,4660242559,shop,deli,San Jorge,-34.6067364,-58.5059271,VILLA DEVOTO,11.0,san jorge,Religioso / devocional
node,4661175397,shop,deli,San Benedetto,-34.6102069,-58.482165,VILLA SANTA RITA,11.0,san benedetto,Religioso / devocional
node,4672944838,shop,books,Librería Marista,-34.6065404,-58.3923389,BALVANERA,3.0,libreria marista,Religioso / devocional
node,4676986600,shop,bakery,Santa Maria,-34.615649,-58.3716671,MONSERRAT,1.0,santa maria,Religioso / devocional
node,4677423851,shop,bakery,Santa Maria,-34.6184605,-58.3744792,SAN TELMO,1.0,santa maria,Religioso / devocional
node,4698076624,shop,deli,Granja San Jose,-34.6650662,-58.4910549,MATADEROS,9.0,granja san jose,Religioso / devocional
node,4698094012,shop,deli,Santa Rosa,-34.6720438,-58.4891606,VILLA LUGANO,8.0,santa rosa,Religioso / devocional
node,4701797415,shop,bakery,San Ceferino,-34.6251456,-58.4672709,FLORES,7.0,san ceferino,Religioso / devocional
node,4708763306,shop,bakery,San Ceferino,-34.6247761,-58.423777,BOEDO,5.0,san ceferino,Religioso / devocional
node,4746260866,shop,bakery,San Francisco,-34.6398673,-58.5211006,LINIERS,9.0,san francisco,Religioso / devocional
node,4923221123,shop,bakery,San José de Liniers,-34.6382218,-58.526842,LINIERS,9.0,san jose de liniers,Religioso / devocional
node,4935690921,shop,bakery,San Carmelo,-34.6001495,-58.4425089,VILLA CRESPO,15.0,san carmelo,Religioso / devocional
node,4986870553,shop,books,Librería San Luis,-34.5774315,-58.4817819,VILLA URQUIZA,12.0,libreria san luis,Religioso / devocional
node,5624972960,shop,books,Libros El Arca de Noé,-34.572454,-58.4408994,PALERMO,14.0,libros el arca de noe,Religioso / devocional
node,5631245883,shop,bakery,San Patricio,-34.5719736,-58.4731963,VILLA URQUIZA,12.0,san patricio,Religioso / devocional
node,6005803977,shop,bakery,Santa María,-34.6013233,-58.4391586,VILLA CRESPO,15.0,santa maria,Religioso / devocional
node,6173816286,shop,bakery,Santa Elena,-34.5800316,-58.4239032,PALERMO,14.0,santa elena,Religioso / devocional
node,6181094113,shop,books,Librería Cristiana,-34.6404055,-58.5262024,LINIERS,9.0,libreria cristiana,Religioso / devocional
node,6503189409,shop,bakery,Panadería y Confitería Lourdes,-34.6283176,-58.4965854,VELEZ SARSFIELD,10.0,panaderia y confiteria lourdes,Religioso / devocional
node,6728548222,shop,bakery,Del Rosario,-34.6206936,-58.4401354,CABALLITO,6.0,del rosario,Religioso / devocional
node,6762286201,shop,deli,San Francisco,-34.5857941,-58.4172533,PALERMO,14.0,san francisco,Religioso / devocional
node,8187745584,shop,bakery,San Isidro,-34.5439093,-58.4736993,SAAVEDRA,12.0,san isidro,Religioso / devocional
node,10131372097,shop,bakery,Santa Rita,-34.6113603,-58.3963285,BALVANERA,3.0,santa rita,Religioso / devocional
node,10736143499,shop,bakery,Confitería San Lorenzo,-34.6221811,-58.4151056,BOEDO,5.0,confiteria san lorenzo,Religioso / devocional
node,10960658228,shop,bakery,Maná,-34.5610613,-58.4620801,BELGRANO,13.0,mana,Religioso / devocional
node,11414667124,shop,bakery,El Maná,-34.607341,-58.3893666,SAN NICOLAS,1.0,el mana,Religioso / devocional
node,11702622008,shop,bakery,Los 3 Reyes Magos,-34.591315,-58.5128056,VILLA DEVOTO,11.0,los 3 reyes magos,Religioso / devocional
node,11773398001,shop,bakery,Panadería San Marcos,-34.5946712,-58.4038241,RECOLETA,2.0,panaderia san marcos,Religioso / devocional
node,11873895207,shop,bakery,PANADERIA CONFITERIA SAN CAYETANO,-34.626363,-58.4215279,BOEDO,5.0,panaderia confiteria san cayetano,Religioso / devocional
node,11873915015,shop,bakery,Panaderia San Julian,-34.62622,-58.4225461,BOEDO,5.0,panaderia san julian,Religioso / devocional
node,12077448669,shop,bakery,San Cayetano,-34.589624,-58.4025328,RECOLETA,2.0,san cayetano,Religioso / devocional
node,12307356706,shop,bakery,San Agustin,-34.5832704,-58.4023357,PALERMO,14.0,san agustin,Religioso / devocional
node,12392904404,shop,bakery,Santa Elena,-34.5925888,-58.4415189,VILLA CRESPO,15.0,santa elena,Religioso / devocional
node,12980365201,shop,bakery,San Cayetano,-34.6305192,-58.423343,BOEDO,5.0,san cayetano,Religioso / devocional
node,13254940626,shop,bakery,San Carlos,-34.5681746,-58.4515759,COLEGIALES,13.0,san carlos,Religioso / devocional
node,454548621,amenity,theatre,Teatro Sarmiento,-34.5796697,-58.4189848,PALERMO,14.0,teatro sarmiento,Próceres nacionales y símbolos patrios
node,479740354,amenity,restaurant,Alberdi Minutas,-34.6292529,-58.455728,FLORES,7.0,alberdi minutas,Próceres nacionales y símbolos patrios
node,615558789,amenity,nightclub,La Catedral,-34.6050078,-58.4213427,ALMAGRO,5.0,la catedral,Próceres nacionales y símbolos patrios
node,1134250774,amenity,bar,Lavalle,-34.6029674,-58.3910396,SAN NICOLAS,1.0,lavalle,Próceres nacionales y símbolos patrios
node,2052117948,amenity,cinema,"Belgrano Multiplex - Salas 4, 5 y 6",-34.5602821,-58.4568655,BELGRANO,13.0,"belgrano multiplex - salas 4, 5 y 6",Próceres nacionales y símbolos patrios
node,2052119841,amenity,cinema,Belgrano Multiplex,-34.5605432,-58.4562868,BELGRANO,13.0,belgrano multiplex,Próceres nacionales y símbolos patrios
node,2075595513,amenity,cafe,Bar Dorrego,-34.620613,-58.371309,SAN TELMO,1.0,bar dorrego,Próceres nacionales y símbolos patrios
node,2111523234,amenity,restaurant,La Farola de Saavedra,-34.5430272,-58.472411,NUÑEZ,13.0,la farola de saavedra,Próceres nacionales y símbolos patrios
node,2187204372,amenity,theatre,Teatro Cabildo,-34.5412602,-58.4742697,SAAVEDRA,12.0,teatro cabildo,Próceres nacionales y símbolos patrios
node,2665183488,amenity,cafe,Cabildo de Buenos Aires,-34.6090577,-58.3747462,MONSERRAT,1.0,cabildo de buenos aires,Próceres nacionales y símbolos patrios
node,2711424197,amenity,restaurant,La esquina de Güemes,-34.5978516,-58.4216401,ALMAGRO,5.0,la esquina de guemes,Próceres nacionales y símbolos patrios
node,2727006188,amenity,bar,Club Independencia,-34.6174096,-58.3740421,SAN TELMO,1.0,club independencia,Próceres nacionales y símbolos patrios
node,2876235001,amenity,cinema,Atlas Lavalle,-34.6020545,-58.3762708,SAN NICOLAS,1.0,atlas lavalle,Próceres nacionales y símbolos patrios
node,2923386401,amenity,restaurant,La Catedral,-34.6077792,-58.3746193,SAN NICOLAS,1.0,la catedral,Próceres nacionales y símbolos patrios
node,3128864731,amenity,restaurant,1810,-34.5894063,-58.4194069,PALERMO,14.0,1810,Próceres nacionales y símbolos patrios
node,3260927096,amenity,restaurant,Lezama,-34.6252542,-58.3705946,SAN TELMO,1.0,lezama,Próceres nacionales y símbolos patrios
node,3641671993,amenity,cafe,Congreso Plaza,-34.6101568,-58.3876745,MONSERRAT,1.0,congreso plaza,Próceres nacionales y símbolos patrios
node,3723287625,amenity,restaurant,1810,-34.5965326,-58.3793784,RETIRO,1.0,1810,Próceres nacionales y símbolos patrios
node,3979721653,amenity,cafe,La Junta de 1810,-34.6084991,-58.3755556,MONSERRAT,1.0,la junta de 1810,Próceres nacionales y símbolos patrios
node,4185980991,amenity,restaurant,La Farola de Dorrego,-34.5919087,-58.4475844,CHACARITA,15.0,la farola de dorrego,Próceres nacionales y símbolos patrios
node,4251110489,amenity,restaurant,Aramburu Restó,-34.6204466,-58.3828873,CONSTITUCION,1.0,aramburu resto,Próceres nacionales y símbolos patrios
node,4564115731,amenity,restaurant,Roca & Pizza,-34.6284614,-58.3812915,CONSTITUCION,1.0,roca & pizza,Próceres nacionales y símbolos patrios
node,4564365506,amenity,restaurant,Malvinas Argentinas,-34.6251739,-58.392439,SAN CRISTOBAL,3.0,malvinas argentinas,Próceres nacionales y símbolos patrios
node,4589988142,amenity,nightclub,Azucar Belgrano,-34.5965738,-58.4257504,PALERMO,14.0,azucar belgrano,Próceres nacionales y símbolos patrios
node,4600632038,amenity,restaurant,Los Patricios,-34.6394994,-58.4050409,PARQUE PATRICIOS,4.0,los patricios,Próceres nacionales y símbolos patrios
node,4669090038,amenity,restaurant,Cornelio Saavedra,-34.5497669,-58.4825171,SAAVEDRA,12.0,cornelio saavedra,Próceres nacionales y símbolos patrios
node,4710799088,amenity,restaurant,Patria Grande,-34.6159809,-58.4197681,ALMAGRO,5.0,patria grande,Próceres nacionales y símbolos patrios
node,4730055290,amenity,restaurant,Nacional,-34.6179333,-58.3743351,SAN TELMO,1.0,nacional,Próceres nacionales y símbolos patrios
node,5457915521,amenity,restaurant,La Cava del Querandi,-34.6117668,-58.3746636,MONSERRAT,1.0,la cava del querandi,Próceres nacionales y símbolos patrios
node,6194935151,amenity,cafe,Café Plaza Dorrego,-34.6205689,-58.3713785,SAN TELMO,1.0,cafe plaza dorrego,Próceres nacionales y símbolos patrios
node,6259580270,amenity,restaurant,El Dorrego,-34.5821109,-58.4435461,PALERMO,14.0,el dorrego,Próceres nacionales y símbolos patrios
node,9319943041,amenity,pub,La Estrella Federal,-34.5696675,-58.4338174,PALERMO,14.0,la estrella federal,Próceres nacionales y símbolos patrios
node,9352660717,amenity,restaurant,Querandi,-34.6115294,-58.3747087,MONSERRAT,1.0,querandi,Próceres nacionales y símbolos patrios
node,9548541820,amenity,restaurant,Bodegon Alvear,-34.5823913,-58.4080766,PALERMO,14.0,bodegon alvear,Próceres nacionales y símbolos patrios
node,10724765989,amenity,bar,Federal Bar,-34.6121916,-58.3860645,MONSERRAT,1.0,federal bar,Próceres nacionales y símbolos patrios
node,11514775769,amenity,restaurant,Rooftop Plaza de Mayo,-34.6088747,-58.3741386,MONSERRAT,1.0,rooftop plaza de mayo,Próceres nacionales y símbolos patrios
node,11809776443,amenity,restaurant,Pizzería Sarmiento,-34.6087573,-58.4062525,BALVANERA,3.0,pizzeria sarmiento,Próceres nacionales y símbolos patrios
node,11950923792,amenity,cafe,Café de los Patriotas,-34.6011919,-58.4607674,PATERNAL,15.0,cafe de los patriotas,Próceres nacionales y símbolos patrios
node,12094032635,amenity,restaurant,Cafe-Bar Sol de Mayo,-34.6629785,-58.438706,VILLA SOLDATI,8.0,cafe-bar sol de mayo,Próceres nacionales y símbolos patrios
node,12110708056,amenity,restaurant,Moreno Food Station,-34.6522985,-58.4642614,FLORES,7.0,moreno food station,Próceres nacionales y símbolos patrios
node,12175588701,amenity,cinema,Multiplex Monumental Lavalle,-34.6024224,-58.3777896,SAN NICOLAS,1.0,multiplex monumental lavalle,Próceres nacionales y símbolos patrios
node,12376253001,amenity,cafe,Viejo Alsina Bodegón,-34.6104612,-58.3776033,MONSERRAT,1.0,viejo alsina bodegon,Próceres nacionales y símbolos patrios
node,12710790308,amenity,restaurant,La Parrillita de Roca,-34.6656416,-58.4399789,VILLA SOLDATI,8.0,la parrillita de roca,Próceres nacionales y símbolos patrios
node,2179910165,shop,bakery,Nueva Belgrano,-34.5643253,-58.4550124,BELGRANO,13.0,nueva belgrano,Próceres nacionales y símbolos patrios
node,2253882193,shop,bakery,Montañeses,-34.5512282,-58.4539711,BELGRANO,13.0,montaneses,Próceres nacionales y símbolos patrios
node,4551458433,shop,books,Libertador,-34.5925956,-58.3761043,RETIRO,1.0,libertador,Próceres nacionales y símbolos patrios
node,4602966429,shop,deli,Colon,-34.6497607,-58.3809613,BARRACAS,4.0,colon,Próceres nacionales y símbolos patrios
node,4645718189,shop,bakery,Antigua Belgrano,-34.562157,-58.4562946,BELGRANO,13.0,antigua belgrano,Próceres nacionales y símbolos patrios
node,4661192722,shop,books,Librería Mayo,-34.6095927,-58.4826597,VILLA SANTA RITA,11.0,libreria mayo,Próceres nacionales y símbolos patrios
node,4700488866,shop,ice_cream,Las Malvinas,-34.6028419,-58.4334004,CABALLITO,6.0,las malvinas,Próceres nacionales y símbolos patrios
node,7830639299,shop,bakery,La Primera de Saavedra,-34.5552119,-58.4791998,SAAVEDRA,12.0,la primera de saavedra,Próceres nacionales y símbolos patrios
node,9270989935,shop,bakery,La Nacional,-34.6160482,-58.4046525,BALVANERA,3.0,la nacional,Próceres nacionales y símbolos patrios
node,1678485810,amenity,theatre,Teatro General San Martín,-34.6045409,-58.3885267,SAN NICOLAS,1.0,teatro general san martin,Próceres nacionales y símbolos patrios
node,3153491562,amenity,bar,San Martín,-34.597933,-58.4007825,RECOLETA,2.0,san martin,Próceres nacionales y símbolos patrios
node,4708701468,amenity,restaurant,San Martín,-34.5870341,-58.4133993,PALERMO,14.0,san martin,Próceres nacionales y símbolos patrios
node,1261495657,amenity,restaurant,Como en Casa,-34.5942988,-58.3943468,RECOLETA,2.0,como en casa,Personal / familiar
node,2011852969,amenity,restaurant,La Familia,-34.5659997,-58.4945784,VILLA URQUIZA,12.0,la familia,Personal / familiar
node,2020723432,amenity,restaurant,El Viejo Tucho,-34.5550168,-58.4843614,SAAVEDRA,12.0,el viejo tucho,Personal / familiar
node,2139763560,amenity,restaurant,El Pobre Luis,-34.5553037,-58.4522898,BELGRANO,13.0,el pobre luis,Personal / familiar
node,2179910427,amenity,restaurant,Mimí,-34.5609648,-58.453147,BELGRANO,13.0,mimi,Personal / familiar
node,2211874248,amenity,cafe,Lo de Guille,-34.5549628,-58.4511459,BELGRANO,13.0,lo de guille,Personal / familiar
node,2253881074,amenity,restaurant,Lo de Lalo,-34.5533661,-58.4587165,NUÑEZ,13.0,lo de lalo,Personal / familiar
node,2265496083,amenity,restaurant,Don Hilario,-34.5893317,-58.3993902,RECOLETA,2.0,don hilario,Personal / familiar
node,2330051493,amenity,cafe,Como en Casa,-34.5893122,-58.4020772,RECOLETA,2.0,como en casa,Personal / familiar
node,2472971036,amenity,restaurant,Lo de Carlitos,-34.6160445,-58.3708952,SAN TELMO,1.0,lo de carlitos,Personal / familiar
node,2511119712,amenity,restaurant,Venancio,-34.6329389,-58.4838758,VELEZ SARSFIELD,10.0,venancio,Personal / familiar
node,2596173918,amenity,restaurant,Lo de Coki,-34.5767897,-58.4395786,PALERMO,14.0,lo de coki,Personal / familiar
node,2711078140,amenity,restaurant,Tío Titi,-34.5976463,-58.4200576,PALERMO,14.0,tio titi,Personal / familiar
node,2724403380,amenity,restaurant,Manolo,-34.6230961,-58.3728257,SAN TELMO,1.0,manolo,Personal / familiar
node,2791599776,amenity,restaurant,La Josefina Parrilla Resto Bar,-34.5804068,-58.4145411,PALERMO,14.0,la josefina parrilla resto bar,Personal / familiar
node,2791678440,amenity,cafe,Simona,-34.5815947,-58.4139042,PALERMO,14.0,simona,Personal / familiar
node,2791687038,amenity,restaurant,Massey Familia,-34.5786636,-58.413085,PALERMO,14.0,massey familia,Personal / familiar
node,3032823991,amenity,restaurant,Matilda,-34.5697622,-58.4444735,PALERMO,14.0,matilda,Personal / familiar
node,3062527033,amenity,cafe,Casa,-34.5937454,-58.4128765,RECOLETA,2.0,casa,Personal / familiar
node,3129487989,amenity,restaurant,Lo de Carlitos,-34.5881461,-58.4172787,PALERMO,14.0,lo de carlitos,Personal / familiar
node,3173864885,amenity,cafe,Simona Café,-34.5940079,-58.3805435,RETIRO,1.0,simona cafe,Personal / familiar
node,3175785361,amenity,restaurant,Como en Casa,-34.5927375,-58.3846454,RETIRO,1.0,como en casa,Personal / familiar
node,3178674461,amenity,restaurant,Don Julio,-34.5862916,-58.4242774,PALERMO,14.0,don julio,Personal / familiar
node,3240205569,amenity,restaurant,Lo de Cholo,-34.6105082,-58.4522072,CABALLITO,6.0,lo de cholo,Personal / familiar
node,3275071361,amenity,restaurant,Doña Bocas de Fuego,-34.5824131,-58.4322943,PALERMO,14.0,dona bocas de fuego,Personal / familiar
node,3310836061,amenity,theatre,E. C. Mi Casa,-34.600803,-58.410896,BALVANERA,3.0,e. c. mi casa,Personal / familiar
node,3522260601,amenity,restaurant,Don Benito,-34.5846792,-58.4239756,PALERMO,14.0,don benito,Personal / familiar
node,3605442946,amenity,restaurant,Lupita,-34.6104892,-58.3636749,PUERTO MADERO,1.0,lupita,Personal / familiar
node,3641671997,amenity,cafe,Las medialunas del Abuelo,-34.6098946,-58.3863117,MONSERRAT,1.0,las medialunas del abuelo,Personal / familiar
node,3663548635,amenity,restaurant,Lo de Carlitos,-34.6343899,-58.4324862,PARQUE CHACABUCO,7.0,lo de carlitos,Personal / familiar
node,3675631547,amenity,restaurant,Doña Lila,-34.559997,-58.4568195,BELGRANO,13.0,dona lila,Personal / familiar
node,3726208196,amenity,restaurant,Torcuato & Regina,-34.5952038,-58.3779322,RETIRO,1.0,torcuato & regina,Personal / familiar
node,3751761641,amenity,cafe,Don Blanco,-34.6277517,-58.5203525,VERSALLES,10.0,don blanco,Personal / familiar
node,3892102623,amenity,restaurant,Lo de Ruben,-34.6228241,-58.4611166,FLORES,7.0,lo de ruben,Personal / familiar
node,4072678578,amenity,restaurant,La Tía Zelmira,-34.5869938,-58.4054976,RECOLETA,2.0,la tia zelmira,Personal / familiar
node,4209830092,amenity,restaurant,Parrilla La Luli,-34.5923163,-58.440481,VILLA CRESPO,15.0,parrilla la luli,Personal / familiar
node,4214670730,amenity,restaurant,Simão,-34.5970516,-58.4415758,VILLA CRESPO,15.0,simao,Personal / familiar
node,4250121289,amenity,restaurant,Don Zoilo,-34.6046996,-58.4480976,VILLA CRESPO,15.0,don zoilo,Personal / familiar
node,4250863793,amenity,restaurant,Don Niceto,-34.5891453,-58.4357206,PALERMO,14.0,don niceto,Personal / familiar
node,4289340910,amenity,restaurant,Serafin,-34.5869316,-58.3855919,RECOLETA,2.0,serafin,Personal / familiar
node,4293492791,amenity,cafe,Don Segundo Fiambrería y Cafetería,-34.6235018,-58.4164531,BOEDO,5.0,don segundo fiambreria y cafeteria,Personal / familiar
node,4311661336,amenity,restaurant,Don Jorge,-34.5932777,-58.4442765,VILLA CRESPO,15.0,don jorge,Personal / familiar
node,4381406360,amenity,restaurant,Lo de Carlitos,-34.5603803,-58.4535878,BELGRANO,13.0,lo de carlitos,Personal / familiar
node,4419576390,amenity,restaurant,la casona del nono,-34.6023462,-58.3784975,SAN NICOLAS,1.0,la casona del nono,Personal / familiar
node,4438536628,amenity,cafe,Torcuato & Regina,-34.5934103,-58.3762436,RETIRO,1.0,torcuato & regina,Personal / familiar
node,4449404389,amenity,restaurant,Lo de bebe parilla,-34.5874391,-58.4182471,PALERMO,14.0,lo de bebe parilla,Personal / familiar
node,4462633489,amenity,restaurant,Los Mellizos,-34.5703512,-58.4315258,PALERMO,14.0,los mellizos,Personal / familiar
node,4490809614,amenity,cafe,Simon,-34.5648916,-58.4365654,PALERMO,14.0,simon,Personal / familiar
node,4543191192,amenity,cafe,La casa de Maga,-34.6339689,-58.5214956,LINIERS,9.0,la casa de maga,Personal / familiar
node,4549999682,amenity,restaurant,Don Juan,-34.58911,-58.4442318,CHACARITA,15.0,don juan,Personal / familiar
node,4557746621,amenity,cafe,La Esquina de Goyo,-34.5639689,-58.4364942,PALERMO,14.0,la esquina de goyo,Personal / familiar
node,4564115736,amenity,restaurant,Don Rolo,-34.6309458,-58.3825232,CONSTITUCION,1.0,don rolo,Personal / familiar
node,4569776791,amenity,restaurant,Club El Don Steak House,-34.5814539,-58.4369605,PALERMO,14.0,club el don steak house,Personal / familiar
node,4575480167,amenity,restaurant,Don Carlos,-34.6360936,-58.3636502,BOCA,4.0,don carlos,Personal / familiar
node,4591711870,amenity,restaurant,El Tata,-34.6389639,-58.4537913,FLORES,7.0,el tata,Personal / familiar
node,4602032820,amenity,restaurant,Don Roberto,-34.6862068,-58.4736094,VILLA RIACHUELO,8.0,don roberto,Personal / familiar
node,4604136518,amenity,restaurant,Parrilla Angelito,-34.6547213,-58.3853568,BARRACAS,4.0,parrilla angelito,Personal / familiar
node,4604905202,amenity,restaurant,La Familia,-34.6541577,-58.4144841,NUEVA POMPEYA,4.0,la familia,Personal / familiar
node,4612968434,amenity,restaurant,Lo de José,-34.5501232,-58.4760134,SAAVEDRA,12.0,lo de jose,Personal / familiar
node,4635674111,amenity,restaurant,Mr. Pedro,-34.565896,-58.4370616,PALERMO,14.0,mr. pedro,Personal / familiar
node,4648582500,amenity,cafe,Tío Tempo,-34.5543287,-58.4640016,NUÑEZ,13.0,tio tempo,Personal / familiar
node,4656685108,amenity,restaurant,Thomas,-34.5816554,-58.4481975,CHACARITA,15.0,thomas,Personal / familiar
node,4657359335,amenity,restaurant,Pizzeria Don Pepe,-34.6091974,-58.4634364,VILLA GRAL. MITRE,11.0,pizzeria don pepe,Personal / familiar
node,4670216280,amenity,restaurant,Simone,-34.6160619,-58.3630432,PUERTO MADERO,1.0,simone,Personal / familiar
node,4676959930,amenity,restaurant,Pizzeria Tio Felipe,-34.6164579,-58.37036,SAN TELMO,1.0,pizzeria tio felipe,Personal / familiar
node,4676986610,amenity,restaurant,Don Corsini,-34.6144407,-58.3717547,MONSERRAT,1.0,don corsini,Personal / familiar
node,4677273403,amenity,restaurant,Don Hugo,-34.6139663,-58.3774305,MONSERRAT,1.0,don hugo,Personal / familiar
node,4678723277,amenity,restaurant,Mi Tio,-34.6184178,-58.3715072,SAN TELMO,1.0,mi tio,Personal / familiar
node,4683973955,amenity,restaurant,Tio Juan,-34.6473116,-58.5057926,LINIERS,9.0,tio juan,Personal / familiar
node,4689807363,amenity,restaurant,Maricel,-34.6222935,-58.4460116,CABALLITO,6.0,maricel,Personal / familiar
node,4691240833,amenity,restaurant,Maricel,-34.6071551,-58.4455305,VILLA CRESPO,15.0,maricel,Personal / familiar
node,4693050506,amenity,restaurant,Lo de Beto,-34.6252757,-58.4134056,BOEDO,5.0,lo de beto,Personal / familiar
node,4695983653,amenity,restaurant,Lo de Mario,-34.6087266,-58.4231533,ALMAGRO,5.0,lo de mario,Personal / familiar
node,4696741484,amenity,restaurant,Don Hugo Pizzeria,-34.6180664,-58.393309,BALVANERA,3.0,don hugo pizzeria,Personal / familiar
node,4704111463,amenity,restaurant,Las Medialunes del Abuelo,-34.6342541,-58.4843723,VELEZ SARSFIELD,10.0,las medialunes del abuelo,Personal / familiar
node,4708771047,amenity,restaurant,Lo de D' Antonio,-34.6379428,-58.4747349,FLORESTA,10.0,lo de d' antonio,Personal / familiar
node,4709300993,amenity,restaurant,Don Battaglia,-34.5962232,-58.4333598,VILLA CRESPO,15.0,don battaglia,Personal / familiar
node,4710099293,amenity,restaurant,Lucio,-34.5859266,-58.4174432,PALERMO,14.0,lucio,Personal / familiar
node,4710890652,amenity,restaurant,Don Hugo,-34.6134805,-58.3849441,MONSERRAT,1.0,don hugo,Personal / familiar
node,5165797921,amenity,restaurant,"Parrilla ""Lo de Jimena""",-34.5931382,-58.4372264,VILLA CRESPO,15.0,"parrilla ""lo de jimena""",Personal / familiar
node,5267784523,amenity,restaurant,Abuela Pan,-34.616083,-58.3733959,SAN TELMO,1.0,abuela pan,Personal / familiar
node,5313071655,amenity,restaurant,Los Hermanos,-34.6655257,-58.4705931,VILLA LUGANO,8.0,los hermanos,Personal / familiar
node,5548324420,amenity,restaurant,Vicente,-34.6327467,-58.5012391,VILLA LURO,10.0,vicente,Personal / familiar
node,5731453521,amenity,restaurant,Lo de Frida,-34.5808919,-58.4847123,VILLA URQUIZA,12.0,lo de frida,Personal / familiar
node,5784561055,amenity,restaurant,Lo de Juan,-34.5514982,-58.464956,NUÑEZ,13.0,lo de juan,Personal / familiar
node,5878638539,amenity,restaurant,Lo de Ale 2901,-34.5577201,-58.4671436,NUÑEZ,13.0,lo de ale 2901,Personal / familiar
node,5923963086,amenity,bar,Casa Colombo,-34.602838,-58.4128118,BALVANERA,3.0,casa colombo,Personal / familiar
node,6100703412,amenity,restaurant,Lo De Victor,-34.6017578,-58.4036524,BALVANERA,3.0,lo de victor,Personal / familiar
node,6111914089,amenity,restaurant,Lo de Fede,-34.5969407,-58.4421534,VILLA CRESPO,15.0,lo de fede,Personal / familiar
node,6251797236,amenity,restaurant,Miriam,-34.640682,-58.5264387,LINIERS,9.0,miriam,Personal / familiar
node,6275372886,amenity,bar,El Boliche de Roberto,-34.6070477,-58.4186119,ALMAGRO,5.0,el boliche de roberto,Personal / familiar
node,6317038172,amenity,restaurant,Lo de rosendo,-34.6176896,-58.419484,ALMAGRO,5.0,lo de rosendo,Personal / familiar
node,6346209270,amenity,restaurant,Lo De Abelardo,-34.6282591,-58.4452419,CABALLITO,6.0,lo de abelardo,Personal / familiar
node,6388408801,amenity,restaurant,Miriam,-34.641761,-58.5271182,LINIERS,9.0,miriam,Personal / familiar
node,6394057586,amenity,restaurant,Lo de Facundo,-34.6254919,-58.4776674,FLORESTA,10.0,lo de facundo,Personal / familiar
node,6764042644,amenity,restaurant,Jaimito,-34.6198681,-58.4140491,ALMAGRO,5.0,jaimito,Personal / familiar
node,6770452364,amenity,restaurant,Bar Tia Rosa,-34.5824668,-58.3768135,RETIRO,1.0,bar tia rosa,Personal / familiar
node,7022794187,amenity,restaurant,Parrilla Nico,-34.6011786,-58.4169638,ALMAGRO,5.0,parrilla nico,Personal / familiar
node,7099100685,amenity,restaurant,Doña,-34.602092,-58.4180019,ALMAGRO,5.0,dona,Personal / familiar
node,7917692703,amenity,restaurant,Don Ignacio,-34.6106289,-58.4149826,ALMAGRO,5.0,don ignacio,Personal / familiar
node,9187459317,amenity,cafe,La casa de Greta,-34.5866862,-58.395598,RECOLETA,2.0,la casa de greta,Personal / familiar
node,9313246217,amenity,restaurant,Casa Munay,-34.5819771,-58.4413846,PALERMO,14.0,casa munay,Personal / familiar
node,9548541819,amenity,restaurant,La parrilla de Rolo,-34.5737922,-58.4469586,COLEGIALES,13.0,la parrilla de rolo,Personal / familiar
node,9879773217,amenity,restaurant,Doña Tota,-34.5895393,-58.4250408,PALERMO,14.0,dona tota,Personal / familiar
node,10179946518,amenity,restaurant,Lo de Mary,-34.6020325,-58.4222644,ALMAGRO,5.0,lo de mary,Personal / familiar
node,10736149171,amenity,restaurant,Lo de Fran,-34.6071651,-58.4200645,ALMAGRO,5.0,lo de fran,Personal / familiar
node,11002490979,amenity,restaurant,Don Chicho,-34.5786422,-58.4671871,VILLA ORTUZAR,15.0,don chicho,Personal / familiar
node,11225380837,amenity,restaurant,El Patio de Mingo,-34.610122,-58.4226481,ALMAGRO,5.0,el patio de mingo,Personal / familiar
node,11400011271,amenity,restaurant,El Rebenque de Omar,-34.6102352,-58.4003753,BALVANERA,3.0,el rebenque de omar,Personal / familiar
node,11445157817,amenity,restaurant,Don Alberti,-34.6281518,-58.4001421,SAN CRISTOBAL,3.0,don alberti,Personal / familiar
node,11540053119,amenity,restaurant,La Tía Meche,-34.5856784,-58.4782613,PARQUE CHAS,15.0,la tia meche,Personal / familiar
node,11635315600,amenity,cafe,Don Blanco,-34.5678481,-58.4460352,PALERMO,14.0,don blanco,Personal / familiar
node,11787809795,amenity,cafe,Simonetta,-34.5903801,-58.4002769,RECOLETA,2.0,simonetta,Personal / familiar
node,11867145392,amenity,pub,Doña Malta,-34.6210566,-58.4158575,BOEDO,5.0,dona malta,Personal / familiar
node,11988278869,amenity,cafe,Martina,-34.5898347,-58.4045052,RECOLETA,2.0,martina,Personal / familiar
node,12023837069,amenity,bar,Bar Don Juan,-34.6112085,-58.478108,VILLA SANTA RITA,11.0,bar don juan,Personal / familiar
node,12055317507,amenity,restaurant,Don Benito,-34.6392331,-58.3620998,BOCA,4.0,don benito,Personal / familiar
node,12060206458,amenity,restaurant,Parrilla del Seba,-34.6693339,-58.4348011,VILLA SOLDATI,8.0,parrilla del seba,Personal / familiar
node,12236913001,amenity,restaurant,Don Shawarma,-34.6004601,-58.3867145,SAN NICOLAS,1.0,don shawarma,Personal / familiar
node,12244688701,amenity,restaurant,Tulio,-34.5788209,-58.4647145,VILLA ORTUZAR,15.0,tulio,Personal / familiar
node,12253763402,amenity,restaurant,Parrilla Jose Luis,-34.5528175,-58.4240817,PALERMO,14.0,parrilla jose luis,Personal / familiar
node,12310256961,amenity,restaurant,Parrilla ''El Tata'',-34.6639739,-58.4385323,VILLA SOLDATI,8.0,parrilla ''el tata'',Personal / familiar
node,12392890801,amenity,restaurant,Parrilla Lo de Susy,-34.5893272,-58.4451722,CHACARITA,15.0,parrilla lo de susy,Personal / familiar
node,12401044900,amenity,cafe,El Café de la Abuela,-34.6016877,-58.4944818,VILLA DEL PARQUE,11.0,el cafe de la abuela,Personal / familiar
node,12409891899,amenity,restaurant,Saborcito Casero,-34.5668641,-58.4622289,BELGRANO,13.0,saborcito casero,Personal / familiar
node,12472891132,amenity,restaurant,El Boliche de Nico,-34.579595,-58.4716582,VILLA ORTUZAR,15.0,el boliche de nico,Personal / familiar
node,12779835720,amenity,cafe,La Casa de Maga,-34.5644077,-58.4699816,COGHLAN,12.0,la casa de maga,Personal / familiar
node,12818220534,amenity,restaurant,Casa Luis Taperia,-34.6160083,-58.4491859,CABALLITO,6.0,casa luis taperia,Personal / familiar
node,12880943452,amenity,restaurant,Casa Lucca,-34.601556,-58.5124352,VILLA DEVOTO,11.0,casa lucca,Personal / familiar
node,13269283380,amenity,restaurant,Don Valentín,-34.5691728,-58.4498825,COLEGIALES,13.0,don valentin,Personal / familiar
node,13274156175,amenity,restaurant,Los Jardines De Las Barquin,-34.5906362,-58.3805651,RETIRO,1.0,los jardines de las barquin,Personal / familiar
node,2208153689,shop,bakery,Los Dos Amigos,-34.5586475,-58.4579545,BELGRANO,13.0,los dos amigos,Personal / familiar
node,2470337292,shop,bakery,Lo de Fernanda,-34.5616336,-58.4586668,BELGRANO,13.0,lo de fernanda,Personal / familiar
node,3808483630,shop,books,Yenny,-34.5741761,-58.4274022,PALERMO,14.0,yenny,Personal / familiar
node,3808483632,shop,books,Yenny,-34.6028062,-58.4104581,BALVANERA,3.0,yenny,Personal / familiar
node,3808581693,shop,books,Yenny,-34.5678391,-58.4373951,PALERMO,14.0,yenny,Personal / familiar
node,3810179979,shop,books,Yenny,-34.5750026,-58.4040516,PALERMO,14.0,yenny,Personal / familiar
node,3810179980,shop,books,Yenny,-34.5878113,-58.4097776,PALERMO,14.0,yenny,Personal / familiar
node,3810179981,shop,books,Yenny,-34.589001,-58.3841765,RETIRO,1.0,yenny,Personal / familiar
node,3810179982,shop,books,Yenny,-34.6271306,-58.4582744,FLORES,7.0,yenny,Personal / familiar
node,4553018836,shop,books,Gabriel Libros,-34.580585,-58.4222791,PALERMO,14.0,gabriel libros,Personal / familiar
node,4555621734,shop,books,Yenny,-34.5456606,-58.4881049,SAAVEDRA,12.0,yenny,Personal / familiar
node,4569623144,shop,bakery,Las Medialunas del Abuelo,-34.6274824,-58.3660562,BOCA,4.0,las medialunas del abuelo,Personal / familiar
node,4601941744,shop,bakery,Simona,-34.5405657,-58.4675502,NUÑEZ,13.0,simona,Personal / familiar
node,4632705231,shop,bakery,La Familiar,-34.5684788,-58.4881019,VILLA URQUIZA,12.0,la familiar,Personal / familiar
node,4645864145,shop,books,Yenny,-34.563319,-58.4558526,BELGRANO,13.0,yenny,Personal / familiar
node,4676809468,shop,deli,Don Vicente,-34.6029326,-58.407255,BALVANERA,3.0,don vicente,Personal / familiar
node,4678737878,shop,bakery,Martina,-34.6280831,-58.5064308,VELEZ SARSFIELD,10.0,martina,Personal / familiar
node,4678875673,shop,deli,Lo de Miguel,-34.6208372,-58.377405,CONSTITUCION,1.0,lo de miguel,Personal / familiar
node,4678989608,shop,bakery,Los Primos,-34.6193979,-58.5182128,VILLA REAL,10.0,los primos,Personal / familiar
node,4683845879,shop,deli,Doña Elena,-34.6443653,-58.5204316,LINIERS,9.0,dona elena,Personal / familiar
node,4693828282,shop,ice_cream,Tino,-34.6088584,-58.4307082,CABALLITO,6.0,tino,Personal / familiar
node,4698255283,shop,deli,Don Fiambrizio,-34.6080813,-58.4440558,CABALLITO,6.0,don fiambrizio,Personal / familiar
node,4700134716,shop,deli,Don Roberto,-34.6218621,-58.4348106,CABALLITO,6.0,don roberto,Personal / familiar
node,4700288671,shop,bakery,Don Armando,-34.6264102,-58.4712645,FLORES,7.0,don armando,Personal / familiar
node,4702320256,shop,bakery,Doña Pancha,-34.5977151,-58.3779397,RETIRO,1.0,dona pancha,Personal / familiar
node,4704027427,shop,deli,Los Primos,-34.6528588,-58.4730438,PARQUE AVELLANEDA,9.0,los primos,Personal / familiar
node,4842882548,shop,bakery,Las Medialunas del abuelo,-34.6132199,-58.3745872,MONSERRAT,1.0,las medialunas del abuelo,Personal / familiar
node,4932498958,shop,bakery,Don Armando,-34.5396523,-58.4749509,NUÑEZ,13.0,don armando,Personal / familiar
node,6283718955,shop,bakery,Don José,-34.605191,-58.4258978,ALMAGRO,5.0,don jose,Personal / familiar
node,6525724185,shop,deli,Lo de Quique,-34.5880416,-58.4015109,RECOLETA,2.0,lo de quique,Personal / familiar
node,7671127382,shop,bakery,Don León,-34.611526,-58.4679305,VILLA GRAL. MITRE,11.0,don leon,Personal / familiar
node,8394720508,shop,bakery,La casa de Maga,-34.615542,-58.4760884,VILLA SANTA RITA,11.0,la casa de maga,Personal / familiar
node,9994007202,shop,bakery,Thiago,-34.6134284,-58.4029201,BALVANERA,3.0,thiago,Personal / familiar
node,10276969147,shop,bakery,Tobias,-34.6153026,-58.4014193,BALVANERA,3.0,tobias,Personal / familiar
node,10840290706,shop,bakery,las Medialunas del Abuelo,-34.5833485,-58.412952,PALERMO,14.0,las medialunas del abuelo,Personal / familiar
node,10960663449,shop,bakery,Las Medialunas del Abuelo,-34.6292999,-58.4701029,FLORES,7.0,las medialunas del abuelo,Personal / familiar
node,10982890305,shop,bakery,Las Medialunas del Abuelo,-34.5640459,-58.4603354,BELGRANO,13.0,las medialunas del abuelo,Personal / familiar
node,11139758306,shop,deli,Don Arturo,-34.5876422,-58.4179452,PALERMO,14.0,don arturo,Personal / familiar
node,11243734219,shop,bakery,Las Medialunas del Abuelo,-34.6276663,-58.5212825,VERSALLES,10.0,las medialunas del abuelo,Personal / familiar
node,11371387570,shop,bakery,del Abuelo,-34.5836758,-58.4227819,PALERMO,14.0,del abuelo,Personal / familiar
node,11432608559,shop,bakery,Las Medialunas Del Abuelo,-34.6209673,-58.4383357,CABALLITO,6.0,las medialunas del abuelo,Personal / familiar
node,11910230338,shop,bakery,Simona,-34.5842752,-58.4005534,PALERMO,14.0,simona,Personal / familiar
node,12156364401,shop,bakery,del Abuelo,-34.5926148,-58.3985834,RECOLETA,2.0,del abuelo,Personal / familiar
node,12344819201,shop,bakery,Vera,-34.5997381,-58.4368981,VILLA CRESPO,15.0,vera,Personal / familiar
node,12386898501,shop,bakery,Simona,-34.5849387,-58.4389846,PALERMO,14.0,simona,Personal / familiar
node,12484272501,shop,bakery,Verico,-34.5832714,-58.4261466,PALERMO,14.0,verico,Personal / familiar
node,3575666513,amenity,cafe,Rita Cafe,-34.590179,-58.428205,PALERMO,14.0,rita cafe,Personal / familiar
node,4672632784,amenity,restaurant,RITA Restaurante,-34.584675,-58.4523858,CHACARITA,15.0,rita restaurante,Personal / familiar
node,5038963323,amenity,restaurant,Lo de Jesús,-34.5905936,-58.4312325,PALERMO,14.0,lo de jesus,Personal / familiar
node,6547896587,amenity,cafe,Rita,-34.5676879,-58.4473472,PALERMO,14.0,rita,Personal / familiar
node,573384983,amenity,restaurant,Los Inmortales,-34.5945045,-58.3884494,RECOLETA,2.0,los inmortales,Nostalgia rioplatense
node,573384990,amenity,restaurant,Los Inmortales,-34.5607476,-58.456803,BELGRANO,13.0,los inmortales,Nostalgia rioplatense
node,573384999,amenity,restaurant,Los Inmortales,-34.6025402,-58.3773658,SAN NICOLAS,1.0,los inmortales,Nostalgia rioplatense
node,668331794,amenity,cafe,Café La Biela,-34.5878729,-58.3908251,RECOLETA,2.0,cafe la biela,Nostalgia rioplatense
node,724692747,amenity,restaurant,Puerto Madero Tango,-34.6237014,-58.3638004,PUERTO MADERO,1.0,puerto madero tango,Nostalgia rioplatense
node,767725550,amenity,theatre,Tabaris,-34.6033691,-58.3786301,SAN NICOLAS,1.0,tabaris,Nostalgia rioplatense
node,1112458251,amenity,cafe,Teatro La Casona,-34.6043595,-58.3946034,BALVANERA,3.0,teatro la casona,Nostalgia rioplatense
node,1164350008,amenity,cafe,Antaño,-34.568147,-58.4465374,PALERMO,14.0,antano,Nostalgia rioplatense
node,1175382668,amenity,restaurant,La Farola,-34.5784344,-58.4607498,VILLA ORTUZAR,15.0,la farola,Nostalgia rioplatense
node,1370961649,amenity,restaurant,Las Cuartetas,-34.6036825,-58.3785546,SAN NICOLAS,1.0,las cuartetas,Nostalgia rioplatense
node,1485388531,amenity,restaurant,El Viejo Almacén,-34.6170505,-58.3700397,SAN TELMO,1.0,el viejo almacen,Nostalgia rioplatense
node,1571824664,amenity,restaurant,Almacén de Pizza,-34.5600427,-58.4526487,BELGRANO,13.0,almacen de pizza,Nostalgia rioplatense
node,1571824670,amenity,restaurant,Almacén de Pizza,-34.5654047,-58.4594255,BELGRANO,13.0,almacen de pizza,Nostalgia rioplatense
node,1643913460,amenity,cafe,Las Violetas,-34.6112744,-58.4209167,ALMAGRO,5.0,las violetas,Nostalgia rioplatense
node,2020723435,amenity,restaurant,La Farola,-34.5547256,-58.4861909,SAAVEDRA,12.0,la farola,Nostalgia rioplatense
node,2038426439,amenity,cafe,El Hipopótamo,-34.6252776,-58.3712379,SAN TELMO,1.0,el hipopotamo,Nostalgia rioplatense
node,2186552526,amenity,restaurant,Boedo Antiguo,-34.6346059,-58.4220406,BOEDO,5.0,boedo antiguo,Nostalgia rioplatense
node,2199807106,amenity,restaurant,La Farola de Nuñez,-34.5554588,-58.4622139,BELGRANO,13.0,la farola de nunez,Nostalgia rioplatense
node,2276892551,amenity,restaurant,La Farola,-34.5574238,-58.4610636,BELGRANO,13.0,la farola,Nostalgia rioplatense
node,2305798535,amenity,restaurant,1893,-34.5971183,-58.4342476,VILLA CRESPO,15.0,1893,Nostalgia rioplatense
node,2354860410,amenity,restaurant,Almacén Bar y Picadas,-34.6239178,-58.3898859,CONSTITUCION,1.0,almacen bar y picadas,Nostalgia rioplatense
node,2377305488,amenity,restaurant,La Farola,-34.6293326,-58.4884102,VELEZ SARSFIELD,10.0,la farola,Nostalgia rioplatense
node,2503280866,amenity,restaurant,El Histórico,-34.6149507,-58.373528,MONSERRAT,1.0,el historico,Nostalgia rioplatense
node,2531559964,amenity,pub,La Academia,-34.6049073,-58.3925032,BALVANERA,3.0,la academia,Nostalgia rioplatense
node,2569029555,amenity,restaurant,Los 36 Billares,-34.6090683,-58.3845122,MONSERRAT,1.0,los 36 billares,Nostalgia rioplatense
node,2643722317,amenity,restaurant,La Gayola,-34.6088158,-58.3804988,MONSERRAT,1.0,la gayola,Nostalgia rioplatense
node,2709811222,amenity,cafe,Café de los Angelitos,-34.6096157,-58.3961548,BALVANERA,3.0,cafe de los angelitos,Nostalgia rioplatense
node,2710180574,amenity,restaurant,La Farola de Villa Crespo,-34.5953169,-58.4434373,VILLA CRESPO,15.0,la farola de villa crespo,Nostalgia rioplatense
node,2715354456,amenity,restaurant,Bar de Cao,-34.6186862,-58.3999166,SAN CRISTOBAL,3.0,bar de cao,Nostalgia rioplatense
node,2722400019,amenity,bar,Bar Sur,-34.6183462,-58.3700905,SAN TELMO,1.0,bar sur,Nostalgia rioplatense
node,2722464229,amenity,restaurant,El Hostal Bodegon,-34.6197304,-58.3744585,SAN TELMO,1.0,el hostal bodegon,Nostalgia rioplatense
node,2722510492,amenity,bar,El Federal,-34.6195938,-58.3741592,SAN TELMO,1.0,el federal,Nostalgia rioplatense
node,2726991875,amenity,bar,Maldita Milonga,-34.6147015,-58.3746945,MONSERRAT,1.0,maldita milonga,Nostalgia rioplatense
node,2824810281,amenity,restaurant,Pulperia El Cotorro,-34.6426492,-58.4090824,PARQUE PATRICIOS,4.0,pulperia el cotorro,Nostalgia rioplatense
node,2832494601,amenity,restaurant,Café Vinilo,-34.5956218,-58.4181568,PALERMO,14.0,cafe vinilo,Nostalgia rioplatense
node,2837034334,amenity,theatre,Piazzolla Tango,-34.6061369,-58.3748453,SAN NICOLAS,1.0,piazzolla tango,Nostalgia rioplatense
node,3150052629,amenity,restaurant,La Farola de Palermo,-34.5940808,-58.4293645,PALERMO,14.0,la farola de palermo,Nostalgia rioplatense
node,3205426280,amenity,restaurant,Pasta Recoleta Bodegon,-34.5887651,-58.3922339,RECOLETA,2.0,pasta recoleta bodegon,Nostalgia rioplatense
node,3295720078,amenity,bar,La Viruta,-34.5909888,-58.4297793,PALERMO,14.0,la viruta,Nostalgia rioplatense
node,3295720082,amenity,nightclub,Salon Canning,-34.5928942,-58.4274896,PALERMO,14.0,salon canning,Nostalgia rioplatense
node,3346064841,amenity,restaurant,La Farola de Caballito,-34.6219048,-58.4276574,ALMAGRO,5.0,la farola de caballito,Nostalgia rioplatense
node,3348580905,amenity,restaurant,La colonial,-34.6102485,-58.3707379,MONSERRAT,1.0,la colonial,Nostalgia rioplatense
node,3725268674,amenity,restaurant,La Farola Express,-34.6367082,-58.4040921,PARQUE PATRICIOS,4.0,la farola express,Nostalgia rioplatense
node,3966680274,amenity,bar,Esquina Libertad,-34.5881187,-58.4328278,PALERMO,14.0,esquina libertad,Nostalgia rioplatense
node,4063640407,amenity,restaurant,La Farola Express,-34.5674877,-58.4549563,BELGRANO,13.0,la farola express,Nostalgia rioplatense
node,4250860090,amenity,restaurant,Pizzeria Angelín,-34.5899152,-58.4369994,VILLA CRESPO,15.0,pizzeria angelin,Nostalgia rioplatense
node,4250872792,amenity,restaurant,La Pulpería de Francisco Empanadas Caseras,-34.5790309,-58.4381001,PALERMO,14.0,la pulperia de francisco empanadas caseras,Nostalgia rioplatense
node,4312146514,amenity,restaurant,Gardel,-34.6179766,-58.3914585,MONSERRAT,1.0,gardel,Nostalgia rioplatense
node,4314955749,amenity,restaurant,La Farola de Pacífico,-34.5785722,-58.4250225,PALERMO,14.0,la farola de pacifico,Nostalgia rioplatense
node,4315225511,amenity,restaurant,La Farola,-34.5715483,-58.4587077,COLEGIALES,13.0,la farola,Nostalgia rioplatense
node,4448558089,amenity,nightclub,La Viruta Tango,-34.591632,-58.430866,PALERMO,14.0,la viruta tango,Nostalgia rioplatense
node,4565468970,amenity,restaurant,El Viejo Volcano,-34.6292277,-58.3722062,BARRACAS,4.0,el viejo volcano,Nostalgia rioplatense
node,4567276443,amenity,restaurant,Estacion Caminito,-34.6392058,-58.3638682,BOCA,4.0,estacion caminito,Nostalgia rioplatense
node,4567331604,amenity,cafe,La Esquina de Omar,-34.6298922,-58.3773504,BARRACAS,4.0,la esquina de omar,Nostalgia rioplatense
node,4653146680,amenity,restaurant,La Farola de Devoto,-34.6129852,-58.5237639,VILLA DEVOTO,11.0,la farola de devoto,Nostalgia rioplatense
node,4654038249,amenity,restaurant,El Viejo,-34.628223,-58.4932197,VELEZ SARSFIELD,10.0,el viejo,Nostalgia rioplatense
node,4675107159,amenity,cafe,El Viejo,-34.6067939,-58.476227,VILLA GRAL. MITRE,11.0,el viejo,Nostalgia rioplatense
node,4675151221,amenity,restaurant,Los Inmortales - Corrientes,-34.6038313,-58.3860258,SAN NICOLAS,1.0,los inmortales - corrientes,Nostalgia rioplatense
node,4676832836,amenity,theatre,Teatro del Viejo Mercado,-34.6021308,-58.4107125,BALVANERA,3.0,teatro del viejo mercado,Nostalgia rioplatense
node,4676959927,amenity,restaurant,Taconeando,-34.6163707,-58.3703549,SAN TELMO,1.0,taconeando,Nostalgia rioplatense
node,4677004847,amenity,restaurant,La Esquina,-34.6031521,-58.4578242,VILLA CRESPO,15.0,la esquina,Nostalgia rioplatense
node,4678917770,amenity,restaurant,Viejo Gómez,-34.6185253,-58.3713254,SAN TELMO,1.0,viejo gomez,Nostalgia rioplatense
node,4683530379,amenity,restaurant,Güerrín,-34.6041048,-58.3859945,SAN NICOLAS,1.0,guerrin,Nostalgia rioplatense
node,4693050021,amenity,restaurant,Esquina Sur,-34.6255905,-58.4162613,BOEDO,5.0,esquina sur,Nostalgia rioplatense
node,4709424716,amenity,bar,Varela Varelita,-34.5876103,-58.4201527,PALERMO,14.0,varela varelita,Nostalgia rioplatense
node,4743961121,amenity,restaurant,Café Rivas,-34.6184968,-58.3702551,SAN TELMO,1.0,cafe rivas,Nostalgia rioplatense
node,4767987227,amenity,cafe,Bar El Coloñal,-34.6125186,-58.3744918,MONSERRAT,1.0,bar el colonal,Nostalgia rioplatense
node,4830907872,amenity,cafe,Confitería de Antaño,-34.6254761,-58.3749586,SAN TELMO,1.0,confiteria de antano,Nostalgia rioplatense
node,4957534708,amenity,restaurant,La Farola de Urquiza,-34.5739951,-58.4855063,VILLA URQUIZA,12.0,la farola de urquiza,Nostalgia rioplatense
node,5230413827,amenity,bar,Viejo Alsina,-34.6103941,-58.3776142,MONSERRAT,1.0,viejo alsina,Nostalgia rioplatense
node,5230590202,amenity,restaurant,El Boliche de Dario,-34.6340145,-58.4969138,VELEZ SARSFIELD,10.0,el boliche de dario,Nostalgia rioplatense
node,5383174722,amenity,restaurant,La Esquina de las Flores,-34.592836,-58.4346845,VILLA CRESPO,15.0,la esquina de las flores,Nostalgia rioplatense
node,5405019131,amenity,restaurant,Michelangelo Tango,-34.6130095,-58.3707015,MONSERRAT,1.0,michelangelo tango,Nostalgia rioplatense
node,5476884228,amenity,restaurant,La Farola,-34.5956957,-58.3938158,RECOLETA,2.0,la farola,Nostalgia rioplatense
node,5479049821,amenity,restaurant,La Farolita de Directorio,-34.6287335,-58.4397824,CABALLITO,6.0,la farolita de directorio,Nostalgia rioplatense
node,5596721321,amenity,cafe,Legado Café,-34.5944822,-58.3798834,RETIRO,1.0,legado cafe,Nostalgia rioplatense
node,5863299675,amenity,restaurant,Tres Esquinas,-34.6531298,-58.3783657,BARRACAS,4.0,tres esquinas,Nostalgia rioplatense
node,6150467785,amenity,cafe,El Banderín,-34.6015984,-58.4154311,ALMAGRO,5.0,el banderin,Nostalgia rioplatense
node,6342218250,amenity,restaurant,Plaza Asturias,-34.6090015,-58.3832798,MONSERRAT,1.0,plaza asturias,Nostalgia rioplatense
node,6375692041,amenity,restaurant,El tropezón,-34.6062484,-58.3923284,BALVANERA,3.0,el tropezon,Nostalgia rioplatense
node,6698399905,amenity,cafe,El Progreso,-34.5924996,-58.4063951,RECOLETA,2.0,el progreso,Nostalgia rioplatense
node,6863805692,amenity,bar,La esquina del Vino y la Birra,-34.6172192,-58.4304833,CABALLITO,6.0,la esquina del vino y la birra,Nostalgia rioplatense
node,7108269686,amenity,bar,Tango,-34.6046799,-58.4220715,ALMAGRO,5.0,tango,Nostalgia rioplatense
node,7233879487,amenity,restaurant,Parrilla 1880,-34.627789,-58.3709241,BARRACAS,4.0,parrilla 1880,Nostalgia rioplatense
node,7247271785,amenity,theatre,Rojo Tango,-34.6137556,-58.3617599,PUERTO MADERO,1.0,rojo tango,Nostalgia rioplatense
node,7338843285,amenity,cafe,Bar Café La Humedad,-34.6210654,-58.4013865,SAN CRISTOBAL,3.0,bar cafe la humedad,Nostalgia rioplatense
node,7935712128,amenity,restaurant,La Posada de 1820,-34.6009175,-58.3740765,SAN NICOLAS,1.0,la posada de 1820,Nostalgia rioplatense
node,8396138420,amenity,restaurant,Arrabal,-34.5886978,-58.4499491,CHACARITA,15.0,arrabal,Nostalgia rioplatense
node,9881608861,amenity,nightclub,Salón Marabú,-34.6038945,-58.3765795,SAN NICOLAS,1.0,salon marabu,Nostalgia rioplatense
node,10315590610,amenity,cafe,La Farola,-34.5962057,-58.4273122,VILLA CRESPO,15.0,la farola,Nostalgia rioplatense
node,10728749705,amenity,restaurant,Bodegón Nuñez,-34.5922886,-58.4288028,PALERMO,14.0,bodegon nunez,Nostalgia rioplatense
node,11493282368,amenity,restaurant,El Viejo Bodegón,-34.6277561,-58.4899084,FLORESTA,10.0,el viejo bodegon,Nostalgia rioplatense
node,11873625122,amenity,cafe,Café Margot,-34.623331,-58.4164714,BOEDO,5.0,cafe margot,Nostalgia rioplatense
node,11976613269,amenity,restaurant,Tango Porteño,-34.6017545,-58.3825423,SAN NICOLAS,1.0,tango porteno,Nostalgia rioplatense
node,12202156507,amenity,pub,Malevo,-34.5894606,-58.40396,RECOLETA,2.0,malevo,Nostalgia rioplatense
node,12377343901,amenity,restaurant,El Inmigrante Parilla Bodegón,-34.620734,-58.3716634,SAN TELMO,1.0,el inmigrante parilla bodegon,Nostalgia rioplatense
node,12513303401,amenity,restaurant,Catulo Tango,-34.6018067,-58.4093802,BALVANERA,3.0,catulo tango,Nostalgia rioplatense
node,12818211228,amenity,restaurant,El viejo Buzon,-34.6159652,-58.449008,CABALLITO,6.0,el viejo buzon,Nostalgia rioplatense
node,13145774402,amenity,cafe,Canillita,-34.5982508,-58.3974545,RECOLETA,2.0,canillita,Nostalgia rioplatense
node,13337486747,amenity,restaurant,Viejo Mundo,-34.597225,-58.4768831,PATERNAL,15.0,viejo mundo,Nostalgia rioplatense
node,331524279,shop,bakery,Las Violetas,-34.6388268,-58.502658,VILLA LURO,10.0,las violetas,Nostalgia rioplatense
node,2011873204,shop,bakery,Las Violetas,-34.5725979,-58.4910352,VILLA URQUIZA,12.0,las violetas,Nostalgia rioplatense
node,2872839909,shop,bakery,La Farolita,-34.6251655,-58.4495657,CABALLITO,6.0,la farolita,Nostalgia rioplatense
node,3695518287,shop,bakery,El Viejo Molino,-34.6502589,-58.5268277,LINIERS,9.0,el viejo molino,Nostalgia rioplatense
node,7693042885,shop,books,Libros del Arrabal,-34.641821,-58.5140658,LINIERS,9.0,libros del arrabal,Nostalgia rioplatense
node,8061280259,shop,bakery,El Progreso,-34.5457465,-58.4621046,NUÑEZ,13.0,el progreso,Nostalgia rioplatense
node,13243408501,shop,bakery,El Progreso,-34.6344955,-58.3704889,BARRACAS,4.0,el progreso,Nostalgia rioplatense
node,738899036,amenity,restaurant,El Encuentro,-34.619794,-58.3786106,CONSTITUCION,1.0,el encuentro,Nombres comunitarios / unión / popular
node,1141415147,amenity,bar,Encuentro Sudeste,-34.6041618,-58.3916967,SAN NICOLAS,1.0,encuentro sudeste,Nombres comunitarios / unión / popular
node,1830096169,amenity,theatre,Teatro del Pueblo,-34.6044404,-58.3799092,SAN NICOLAS,1.0,teatro del pueblo,Nombres comunitarios / unión / popular
node,2452509563,amenity,cafe,La Unión,-34.5630988,-58.4776892,COGHLAN,12.0,la union,Nombres comunitarios / unión / popular
node,2977587501,amenity,restaurant,El Encuentro,-34.6028244,-58.3723562,SAN NICOLAS,1.0,el encuentro,Nombres comunitarios / unión / popular
node,3067226541,amenity,cafe,La Nueva Ola,-34.5968739,-58.4004449,RECOLETA,2.0,la nueva ola,Nombres comunitarios / unión / popular
node,3129731889,amenity,bar,La Tribu,-34.6045475,-58.4303318,ALMAGRO,5.0,la tribu,Nombres comunitarios / unión / popular
node,3260927095,amenity,restaurant,La Popular,-34.6268525,-58.3723163,BARRACAS,4.0,la popular,Nombres comunitarios / unión / popular
node,3319069661,amenity,restaurant,Gran Victoria,-34.609247,-58.3733439,MONSERRAT,1.0,gran victoria,Nombres comunitarios / unión / popular
node,3744222820,amenity,restaurant,El Popular,-34.5833015,-58.4523765,CHACARITA,15.0,el popular,Nombres comunitarios / unión / popular
node,3805736758,amenity,restaurant,Parrilla La Amistad,-34.577533,-58.4225146,PALERMO,14.0,parrilla la amistad,Nombres comunitarios / unión / popular
node,4250979889,amenity,restaurant,El Obrero,-34.6296807,-58.3568343,BOCA,4.0,el obrero,Nombres comunitarios / unión / popular
node,4598693322,amenity,restaurant,Asamblea Plaza,-34.6354176,-58.4389392,PARQUE CHACABUCO,7.0,asamblea plaza,Nombres comunitarios / unión / popular
node,4600429915,amenity,restaurant,El Encuentro,-34.6481424,-58.4163841,NUEVA POMPEYA,4.0,el encuentro,Nombres comunitarios / unión / popular
node,4604337629,amenity,restaurant,Parrilla los Amigos,-34.6564816,-58.398984,BARRACAS,4.0,parrilla los amigos,Nombres comunitarios / unión / popular
node,4678896535,amenity,restaurant,El Refuerzo,-34.6186188,-58.3767648,SAN TELMO,1.0,el refuerzo,Nombres comunitarios / unión / popular
node,4697752955,amenity,restaurant,La Esperanza,-34.6633883,-58.5008928,MATADEROS,9.0,la esperanza,Nombres comunitarios / unión / popular
node,4710697302,amenity,restaurant,Confitería La Union,-34.6129978,-58.3819241,MONSERRAT,1.0,confiteria la union,Nombres comunitarios / unión / popular
node,4868848544,amenity,theatre,Teatro del Pueblo,-34.6003954,-58.4168077,ALMAGRO,5.0,teatro del pueblo,Nombres comunitarios / unión / popular
node,5003962250,amenity,restaurant,La Victoria,-34.6814475,-58.4685484,VILLA LUGANO,8.0,la victoria,Nombres comunitarios / unión / popular
node,5045043629,amenity,restaurant,La nueva embajada,-34.6084861,-58.3752234,MONSERRAT,1.0,la nueva embajada,Nombres comunitarios / unión / popular
node,5055069960,amenity,pub,Almacén Comunal,-34.5867874,-58.4503207,CHACARITA,15.0,almacen comunal,Nombres comunitarios / unión / popular
node,5080422682,amenity,cafe,Juntos Hasta El Final,-34.6296656,-58.5236113,VERSALLES,10.0,juntos hasta el final,Nombres comunitarios / unión / popular
node,5312967613,amenity,restaurant,Los Amigos,-34.6674879,-58.4710955,VILLA LUGANO,8.0,los amigos,Nombres comunitarios / unión / popular
node,5313063781,amenity,restaurant,La Popular de Miguel,-34.665176,-58.4759727,VILLA LUGANO,8.0,la popular de miguel,Nombres comunitarios / unión / popular
node,5353288903,amenity,restaurant,Los amigos,-34.5952725,-58.4109136,RECOLETA,2.0,los amigos,Nombres comunitarios / unión / popular
node,6551271586,amenity,restaurant,Encuentro Nativo,-34.6396744,-58.3624611,BOCA,4.0,encuentro nativo,Nombres comunitarios / unión / popular
node,7085620370,amenity,theatre,Anfiteatro de la Plaza Unidad Nacional,-34.6770007,-58.4764332,VILLA LUGANO,8.0,anfiteatro de la plaza unidad nacional,Nombres comunitarios / unión / popular
node,7630670712,amenity,restaurant,Entre Amigos,-34.6344324,-58.5064026,VILLA LURO,10.0,entre amigos,Nombres comunitarios / unión / popular
node,7992223711,amenity,restaurant,Los Amigos de Siempre,-34.5467632,-58.4722082,SAAVEDRA,12.0,los amigos de siempre,Nombres comunitarios / unión / popular
node,9981821703,amenity,bar,Bar Amigos,-34.6063755,-58.3866228,SAN NICOLAS,1.0,bar amigos,Nombres comunitarios / unión / popular
node,10158745605,amenity,restaurant,La Unión,-34.551792,-58.4661906,NUÑEZ,13.0,la union,Nombres comunitarios / unión / popular
node,10234921740,amenity,cafe,Tribu,-34.5531768,-58.4524262,BELGRANO,13.0,tribu,Nombres comunitarios / unión / popular
node,10925427705,amenity,restaurant,La Blanquita (Nacional y Popular),-34.60689,-58.4187339,ALMAGRO,5.0,la blanquita (nacional y popular),Nombres comunitarios / unión / popular
node,11028490995,amenity,cafe,La Unión,-34.6077573,-58.5208688,VILLA DEVOTO,11.0,la union,Nombres comunitarios / unión / popular
node,11735248569,amenity,restaurant,Parrilla Tiempos de Reencuentro,-34.5913372,-58.4302453,PALERMO,14.0,parrilla tiempos de reencuentro,Nombres comunitarios / unión / popular
node,2734380682,shop,bakery,La Victoria,-34.6183842,-58.3759227,SAN TELMO,1.0,la victoria,Nombres comunitarios / unión / popular
node,4343164892,shop,bakery,La Unión,-34.6304854,-58.4938272,VELEZ SARSFIELD,10.0,la union,Nombres comunitarios / unión / popular
node,4553018845,shop,books,Libros los Amigos,-34.5805986,-58.4222578,PALERMO,14.0,libros los amigos,Nombres comunitarios / unión / popular
node,4668719362,shop,bakery,La Unión,-34.5498623,-58.4633122,NUÑEZ,13.0,la union,Nombres comunitarios / unión / popular
node,4710799601,shop,bakery,Union Personal Panaderias y Afines,-34.6158927,-58.4180853,ALMAGRO,5.0,union personal panaderias y afines,Nombres comunitarios / unión / popular
node,10700515927,shop,bakery,Panaderías del Pueblo,-34.6039797,-58.3952678,BALVANERA,3.0,panaderias del pueblo,Nombres comunitarios / unión / popular
node,11769640556,shop,bakery,La Union,-34.5533715,-58.4522621,BELGRANO,13.0,la union,Nombres comunitarios / unión / popular
node,12179358401,shop,bakery,La Victoria,-34.6269497,-58.4912612,VELEZ SARSFIELD,10.0,la victoria,Nombres comunitarios / unión / popular
node,2745906567,amenity,restaurant,Buda Green,-34.6387916,-58.4016985,PARQUE PATRICIOS,4.0,buda green,New Age / self help
node,2998119683,amenity,cafe,Alma,-34.5909435,-58.3743953,RETIRO,1.0,alma,New Age / self help
node,4683846995,amenity,bar,Aura,-34.6454703,-58.5202664,LINIERS,9.0,aura,New Age / self help
node,4693805158,amenity,restaurant,Triskel,-34.6089229,-58.4362035,CABALLITO,6.0,triskel,New Age / self help
node,4693809410,amenity,restaurant,Hui Yang Yuan,-34.6088995,-58.4340802,CABALLITO,6.0,hui yang yuan,New Age / self help
node,4708710749,amenity,restaurant,Renacer,-34.6147409,-58.4204574,ALMAGRO,5.0,renacer,New Age / self help
node,5250479221,amenity,cafe,Alma,-34.6050593,-58.4210409,ALMAGRO,5.0,alma,New Age / self help
node,5586691821,amenity,cafe,ALMA,-34.6049474,-58.3823167,SAN NICOLAS,1.0,alma,New Age / self help
node,6347100470,amenity,restaurant,Mistica Pizza & Coffee,-34.6186731,-58.399069,SAN CRISTOBAL,3.0,mistica pizza & coffee,New Age / self help
node,6398494485,amenity,cafe,El Secreto de Oro,-34.5795016,-58.4244346,PALERMO,14.0,el secreto de oro,New Age / self help
node,9826455017,amenity,cafe,Tauro,-34.6153239,-58.4524102,CABALLITO,6.0,tauro,New Age / self help
node,10676620790,amenity,restaurant,Alma de Gil,-34.5956366,-58.4955491,AGRONOMIA,15.0,alma de gil,New Age / self help
node,11042851205,amenity,cafe,Chaman,-34.5845179,-58.4134216,PALERMO,14.0,chaman,New Age / self help
node,11205594839,amenity,cafe,Totem,-34.5818505,-58.4074093,PALERMO,14.0,totem,New Age / self help
node,11250962790,amenity,cafe,Alma Canella,-34.6122856,-58.5214582,VILLA DEVOTO,11.0,alma canella,New Age / self help
node,11374843858,amenity,bar,Aura,-34.5864553,-58.4359136,PALERMO,14.0,aura,New Age / self help
node,11525255569,amenity,cafe,Sadhana Garden,-34.5857656,-58.4249969,PALERMO,14.0,sadhana garden,New Age / self help
node,11950916249,amenity,cafe,Sueña,-34.604398,-58.4642224,VILLA GRAL. MITRE,11.0,suena,New Age / self help
node,12107036030,amenity,cafe,Moksha café & vermú,-34.6033801,-58.4406474,VILLA CRESPO,15.0,moksha cafe & vermu,New Age / self help
node,12271831201,amenity,restaurant,Alma,-34.5895465,-58.3840819,RETIRO,1.0,alma,New Age / self help
node,12387264901,amenity,cafe,Moksha,-34.582022,-58.4340169,PALERMO,14.0,moksha,New Age / self help
node,12423598915,amenity,pub,Tótem,-34.5780338,-58.4681703,VILLA ORTUZAR,15.0,totem,New Age / self help
node,3008252776,shop,books,Librería Esotérica Arcángel Rafael,-34.5996077,-58.3894795,SAN NICOLAS,1.0,libreria esoterica arcangel rafael,New Age / self help
node,4553018822,shop,books,Mandala,-34.5807325,-58.4221012,PALERMO,14.0,mandala,New Age / self help
node,4553018823,shop,books,Alma de Bohemio,-34.5808447,-58.4218738,PALERMO,14.0,alma de bohemio,New Age / self help
node,4553018824,shop,books,Arcano,-34.5808305,-58.421896,PALERMO,14.0,arcano,New Age / self help
node,4553018835,shop,books,Energía Libros,-34.5808004,-58.421943,PALERMO,14.0,energia libros,New Age / self help
node,4553018856,shop,books,Solo por Hoy,-34.5808148,-58.4219204,PALERMO,14.0,solo por hoy,New Age / self help
node,4553018861,shop,books,Vibra Positivo,-34.5807259,-58.4220592,PALERMO,14.0,vibra positivo,New Age / self help
node,4692876970,shop,bakery,Praana,-34.6296011,-58.4438467,PARQUE CHACABUCO,7.0,praana,New Age / self help
node,4698221984,shop,bakery,Alma Mia,-34.6506473,-58.4829633,PARQUE AVELLANEDA,9.0,alma mia,New Age / self help
node,4702530769,shop,bakery,Delicias Del Alma,-34.623599,-58.4019728,SAN CRISTOBAL,3.0,delicias del alma,New Age / self help
node,455751723,amenity,restaurant,Babieca,-34.5959761,-58.3945968,RECOLETA,2.0,babieca,Literario / intelectual / artístico
node,479738123,amenity,cinema,Cine Lorca,-34.6041463,-58.3869922,SAN NICOLAS,1.0,cine lorca,Literario / intelectual / artístico
node,479757409,amenity,bar,Macondo Bar,-34.5885084,-58.4302819,PALERMO,14.0,macondo bar,Literario / intelectual / artístico
node,479757410,amenity,bar,Utopia,-34.5886691,-58.4306045,PALERMO,14.0,utopia,Literario / intelectual / artístico
node,479757411,amenity,bar,Prólogo,-34.5887357,-58.4306292,PALERMO,14.0,prologo,Literario / intelectual / artístico
node,669126570,amenity,theatre,Teatro Cervantes,-34.5989638,-58.3834186,RETIRO,1.0,teatro cervantes,Literario / intelectual / artístico
node,915725319,amenity,cinema,Complejo Tita Merello,-34.6031168,-58.3795985,SAN NICOLAS,1.0,complejo tita merello,Literario / intelectual / artístico
node,1114122511,amenity,bar,Kandinsky,-34.5977694,-58.3960798,RECOLETA,2.0,kandinsky,Literario / intelectual / artístico
node,1118036691,amenity,cinema,Espacio INCAA KM 0 - Gaumont,-34.6088882,-58.3896252,SAN NICOLAS,1.0,espacio incaa km 0 - gaumont,Literario / intelectual / artístico
node,1144739980,amenity,restaurant,Monet,-34.5983669,-58.3898192,RECOLETA,2.0,monet,Literario / intelectual / artístico
node,1402332245,amenity,theatre,Teatro El Alep,-34.6319837,-58.45868,FLORES,7.0,teatro el alep,Literario / intelectual / artístico
node,1432335008,amenity,theatre,C. C. Adan Buenos Aires,-34.6336195,-58.4429951,PARQUE CHACABUCO,7.0,c. c. adan buenos aires,Literario / intelectual / artístico
node,1643902714,amenity,cafe,La Poesía,-34.6161286,-58.3732151,SAN TELMO,1.0,la poesia,Literario / intelectual / artístico
node,1953847258,amenity,restaurant,La Guitarrita,-34.5712577,-58.4323145,PALERMO,14.0,la guitarrita,Literario / intelectual / artístico
node,2132671071,amenity,cafe,Trama,-34.5606025,-58.456534,BELGRANO,13.0,trama,Literario / intelectual / artístico
node,2142825902,amenity,restaurant,Foja Cero,-34.6029983,-58.3875702,SAN NICOLAS,1.0,foja cero,Literario / intelectual / artístico
node,2186550258,amenity,restaurant,Pan y Teatro,-34.6359922,-58.4231994,BOEDO,5.0,pan y teatro,Literario / intelectual / artístico
node,2211568531,amenity,cafe,Coppelia,-34.5545687,-58.4515187,BELGRANO,13.0,coppelia,Literario / intelectual / artístico
node,2464813171,amenity,restaurant,Aldonza,-34.5613951,-58.4506143,BELGRANO,13.0,aldonza,Literario / intelectual / artístico
node,2704874881,amenity,cafe,Biblos,-34.5957102,-58.3841707,RETIRO,1.0,biblos,Literario / intelectual / artístico
node,2726049835,amenity,restaurant,Enfundá la mandolina,-34.5937085,-58.4183848,PALERMO,14.0,enfunda la mandolina,Literario / intelectual / artístico
node,2734380683,amenity,theatre,Teatro Margarita Xirgu,-34.6182265,-58.3759293,SAN TELMO,1.0,teatro margarita xirgu,Literario / intelectual / artístico
node,2828217449,amenity,cafe,Café Dalí,-34.6090745,-58.3797667,MONSERRAT,1.0,cafe dali,Literario / intelectual / artístico
node,2948319737,amenity,restaurant,El Teatro,-34.5990432,-58.3842686,RETIRO,1.0,el teatro,Literario / intelectual / artístico
node,3061558889,amenity,cafe,Corto Maltés,-34.5957262,-58.4149295,RECOLETA,2.0,corto maltes,Literario / intelectual / artístico
node,3111486439,amenity,theatre,Código Montesco,-34.5955063,-58.4206232,PALERMO,14.0,codigo montesco,Literario / intelectual / artístico
node,3176053376,amenity,restaurant,Exedra,-34.598865,-58.3810788,RETIRO,1.0,exedra,Literario / intelectual / artístico
node,3189361053,amenity,restaurant,Arepo,-34.5942654,-58.379842,RETIRO,1.0,arepo,Literario / intelectual / artístico
node,3257393473,amenity,theatre,Teatro El Piccolino,-34.5812028,-58.4330788,PALERMO,14.0,teatro el piccolino,Literario / intelectual / artístico
node,3257752191,amenity,bar,En Borges Bar,-34.5887523,-58.4297384,PALERMO,14.0,en borges bar,Literario / intelectual / artístico
node,3259168335,amenity,cafe,Vademecum Café,-34.6058242,-58.4253399,ALMAGRO,5.0,vademecum cafe,Literario / intelectual / artístico
node,3260927117,amenity,restaurant,Barbieca,-34.6255844,-58.3724797,SAN TELMO,1.0,barbieca,Literario / intelectual / artístico
node,4065778791,amenity,theatre,Teatro El Desguace,-34.6199597,-58.4179477,ALMAGRO,5.0,teatro el desguace,Literario / intelectual / artístico
node,4213291589,amenity,restaurant,Los Bohemios,-34.5940268,-58.4469043,VILLA CRESPO,15.0,los bohemios,Literario / intelectual / artístico
node,4293917804,amenity,theatre,Teatro Coliseo,-34.596736,-58.3832768,RETIRO,1.0,teatro coliseo,Literario / intelectual / artístico
node,4374610037,amenity,cafe,Café Libros del Pasaje,-34.5868304,-58.4298158,PALERMO,14.0,cafe libros del pasaje,Literario / intelectual / artístico
node,4442481774,amenity,restaurant,Haiku,-34.5542402,-58.4551361,BELGRANO,13.0,haiku,Literario / intelectual / artístico
node,4535692429,amenity,cafe,Confitera Monet,-34.5893505,-58.3889537,RECOLETA,2.0,confitera monet,Literario / intelectual / artístico
node,4538721908,amenity,cafe,Bar Rayuela,-34.5966484,-58.4862514,AGRONOMIA,15.0,bar rayuela,Literario / intelectual / artístico
node,4564172631,amenity,cafe,Vivaldi,-34.6209479,-58.3842387,CONSTITUCION,1.0,vivaldi,Literario / intelectual / artístico
node,4612043881,amenity,bar,Poe,-34.553202,-58.4575005,BELGRANO,13.0,poe,Literario / intelectual / artístico
node,4675506686,amenity,theatre,La Comedia,-34.5963557,-58.3920227,RECOLETA,2.0,la comedia,Literario / intelectual / artístico
node,4734699126,amenity,nightclub,Rock and Freud,-34.5877872,-58.4102047,PALERMO,14.0,rock and freud,Literario / intelectual / artístico
node,4765764523,amenity,restaurant,La Mil y Una Noches,-34.6043411,-58.3850318,SAN NICOLAS,1.0,la mil y una noches,Literario / intelectual / artístico
node,4772015243,amenity,cinema,"Espacio INCAA Km. 2 - Teatro ""La Máscara""",-34.616532,-58.3773951,SAN TELMO,1.0,"espacio incaa km. 2 - teatro ""la mascara""",Literario / intelectual / artístico
node,4772015244,amenity,cinema,Espacio INCAA Arte Cinema,-34.6271128,-58.3827193,CONSTITUCION,1.0,espacio incaa arte cinema,Literario / intelectual / artístico
node,4898715322,amenity,theatre,ELKAFKA Espacio Teatral,-34.6047777,-58.4305994,ALMAGRO,5.0,elkafka espacio teatral,Literario / intelectual / artístico
node,4925225907,amenity,restaurant,Barba Azul,-34.5749262,-58.4784506,VILLA URQUIZA,12.0,barba azul,Literario / intelectual / artístico
node,4935621523,amenity,restaurant,Borges 1975,-34.5862688,-58.4262638,PALERMO,14.0,borges 1975,Literario / intelectual / artístico
node,5087441121,amenity,restaurant,Cervantes,-34.6068256,-58.3932348,BALVANERA,3.0,cervantes,Literario / intelectual / artístico
node,5247872722,amenity,cafe,Cafe de los artistas,-34.6392701,-58.3635278,BOCA,4.0,cafe de los artistas,Literario / intelectual / artístico
node,5291970825,amenity,restaurant,Moby Dick,-34.5499738,-58.4306693,BELGRANO,13.0,moby dick,Literario / intelectual / artístico
node,5317343864,amenity,pub,Bebop Club,-34.6112028,-58.3713227,MONSERRAT,1.0,bebop club,Literario / intelectual / artístico
node,5383249224,amenity,restaurant,Arte Sano,-34.5955497,-58.4062239,RECOLETA,2.0,arte sano,Literario / intelectual / artístico
node,5435193230,amenity,bar,Trova Bar,-34.5816062,-58.4393733,PALERMO,14.0,trova bar,Literario / intelectual / artístico
node,5498814022,amenity,restaurant,La Republiqueta de Acracia,-34.5472296,-58.4645016,NUÑEZ,13.0,la republiqueta de acracia,Literario / intelectual / artístico
node,5536748041,amenity,bar,Bonnie & Clyde,-34.617601,-58.3831913,MONSERRAT,1.0,bonnie & clyde,Literario / intelectual / artístico
node,5893374258,amenity,restaurant,La Guitarrita,-34.5708495,-58.4758231,VILLA URQUIZA,12.0,la guitarrita,Literario / intelectual / artístico
node,5956078251,amenity,cafe,Café Cortázar,-34.596402,-58.4198001,PALERMO,14.0,cafe cortazar,Literario / intelectual / artístico
node,5968053777,amenity,cafe,A.J.Dulcinea,-34.5816948,-58.4212582,PALERMO,14.0,a.j.dulcinea,Literario / intelectual / artístico
node,6283718943,amenity,cafe,Ateneo,-34.6058205,-58.4250538,ALMAGRO,5.0,ateneo,Literario / intelectual / artístico
node,6333425425,amenity,restaurant,4ta Pared,-34.5939929,-58.5073952,VILLA DEVOTO,11.0,4ta pared,Literario / intelectual / artístico
node,6407907885,amenity,theatre,El Teatrito,-34.6056897,-58.3916853,SAN NICOLAS,1.0,el teatrito,Literario / intelectual / artístico
node,6445589619,amenity,restaurant,Biblos,-34.555673,-58.4580896,BELGRANO,13.0,biblos,Literario / intelectual / artístico
node,6697709586,amenity,bar,Thelonious Club,-34.5883358,-58.4149934,PALERMO,14.0,thelonious club,Literario / intelectual / artístico
node,6728585700,amenity,theatre,Microteatro,-34.5920251,-58.4350087,VILLA CRESPO,15.0,microteatro,Literario / intelectual / artístico
node,6813348418,amenity,pub,Ukelele,-34.6252958,-58.4868947,FLORESTA,10.0,ukelele,Literario / intelectual / artístico
node,7021780587,amenity,restaurant,Arte de Mafia,-34.5874879,-58.4297515,PALERMO,14.0,arte de mafia,Literario / intelectual / artístico
node,7022808085,amenity,bar,imaginario Cultural,-34.6008945,-58.4176685,ALMAGRO,5.0,imaginario cultural,Literario / intelectual / artístico
node,7022813285,amenity,theatre,Beckett,-34.6019816,-58.4148101,ALMAGRO,5.0,beckett,Literario / intelectual / artístico
node,7364280687,amenity,theatre,Centro Cultural Borges,-34.5996621,-58.3743532,SAN NICOLAS,1.0,centro cultural borges,Literario / intelectual / artístico
node,7734190851,amenity,cafe,La Guitarrita,-34.5760866,-58.4597031,COLEGIALES,13.0,la guitarrita,Literario / intelectual / artístico
node,8253345211,amenity,restaurant,Athos,-34.6108821,-58.4182854,ALMAGRO,5.0,athos,Literario / intelectual / artístico
node,9045649517,amenity,cafe,Bilbo Café,-34.603802,-58.4535532,VILLA CRESPO,15.0,bilbo cafe,Literario / intelectual / artístico
node,9548541626,amenity,restaurant,The película,-34.5884797,-58.4164877,PALERMO,14.0,the pelicula,Literario / intelectual / artístico
node,9548541917,amenity,theatre,Teatro,-34.5991458,-58.3897438,RECOLETA,2.0,teatro,Literario / intelectual / artístico
node,10181082317,amenity,theatre,ITACA complejo teatral,-34.6019123,-58.4217098,ALMAGRO,5.0,itaca complejo teatral,Literario / intelectual / artístico
node,10659389505,amenity,restaurant,Teatro Tercer Acto,-34.6093151,-58.3829661,MONSERRAT,1.0,teatro tercer acto,Literario / intelectual / artístico
node,10830987506,amenity,theatre,Fuerza Bruta,-34.5599444,-58.4210319,PALERMO,14.0,fuerza bruta,Literario / intelectual / artístico
node,10943135422,amenity,cafe,Bilbo,-34.5679768,-58.5060798,SAAVEDRA,12.0,bilbo,Literario / intelectual / artístico
node,11331524650,amenity,theatre,Apolo,-34.604147,-58.386116,SAN NICOLAS,1.0,apolo,Literario / intelectual / artístico
node,11374560870,amenity,theatre,Sala caras y caretas,-34.6057856,-58.39586,BALVANERA,3.0,sala caras y caretas,Literario / intelectual / artístico
node,11417458271,amenity,cafe,Sócrates,-34.6276346,-58.447115,CABALLITO,6.0,socrates,Literario / intelectual / artístico
node,11593148069,amenity,cafe,Yenny café/libros,-34.5859544,-58.4260588,PALERMO,14.0,yenny cafe/libros,Literario / intelectual / artístico
node,11695208569,amenity,cafe,Ifigenia Café Literario,-34.6100486,-58.4710076,VILLA GRAL. MITRE,11.0,ifigenia cafe literario,Literario / intelectual / artístico
node,11746912769,amenity,restaurant,Olympo Sky Bar,-34.6042103,-58.387493,SAN NICOLAS,1.0,olympo sky bar,Literario / intelectual / artístico
node,11753762269,amenity,cafe,Biblos,-34.5793845,-58.4077088,PALERMO,14.0,biblos,Literario / intelectual / artístico
node,11887898932,amenity,theatre,Utilería,-34.643238,-58.3971274,PARQUE PATRICIOS,4.0,utileria,Literario / intelectual / artístico
node,11890408926,amenity,theatre,Utilería,-34.6432987,-58.3970895,PARQUE PATRICIOS,4.0,utileria,Literario / intelectual / artístico
node,11905698887,amenity,cafe,Dante en Verona,-34.583255,-58.4036879,PALERMO,14.0,dante en verona,Literario / intelectual / artístico
node,12038552720,amenity,restaurant,Argos,-34.6147299,-58.3902768,MONSERRAT,1.0,argos,Literario / intelectual / artístico
node,12038573477,amenity,restaurant,Macondo,-34.6139596,-58.3962601,BALVANERA,3.0,macondo,Literario / intelectual / artístico
node,12041566718,amenity,theatre,Politeama,-34.6046152,-58.3878171,SAN NICOLAS,1.0,politeama,Literario / intelectual / artístico
node,12058190017,amenity,theatre,Anfi-Teatro,-34.5808908,-58.4182984,PALERMO,14.0,anfi-teatro,Literario / intelectual / artístico
node,12247206501,amenity,cafe,Asgard Cafe,-34.5606477,-58.4548588,BELGRANO,13.0,asgard cafe,Literario / intelectual / artístico
node,12331493463,amenity,theatre,Sala Batato Barea,-34.6051599,-58.396054,BALVANERA,3.0,sala batato barea,Literario / intelectual / artístico
node,12373717802,amenity,cafe,Tunel Cafe,-34.6040094,-58.4580839,VILLA CRESPO,15.0,tunel cafe,Literario / intelectual / artístico
node,12374065196,amenity,cafe,Monet,-34.5891581,-58.3996005,RECOLETA,2.0,monet,Literario / intelectual / artístico
node,12978106865,amenity,cafe,Gaudi,-34.6014998,-58.3782517,SAN NICOLAS,1.0,gaudi,Literario / intelectual / artístico
node,13314477501,amenity,cafe,Literal,-34.5827272,-58.4253537,PALERMO,14.0,literal,Literario / intelectual / artístico
node,13337479859,amenity,cafe,Arte Express,-34.5974089,-58.4902623,VILLA DEL PARQUE,11.0,arte express,Literario / intelectual / artístico
node,341120136,shop,books,El Ateneo Grand Splendid,-34.5959828,-58.3942623,RECOLETA,2.0,el ateneo grand splendid,Literario / intelectual / artístico
node,1112458173,shop,bakery,La Sonámbula,-34.6045647,-58.3929027,BALVANERA,3.0,la sonambula,Literario / intelectual / artístico
node,1895261898,shop,books,Librerias El Ateneo,-34.6040755,-58.3753459,SAN NICOLAS,1.0,librerias el ateneo,Literario / intelectual / artístico
node,2104323178,shop,books,El Ateneo,-34.5620687,-58.4563662,BELGRANO,13.0,el ateneo,Literario / intelectual / artístico
node,2377305496,shop,bakery,Quijote,-34.6300519,-58.4870803,FLORESTA,10.0,quijote,Literario / intelectual / artístico
node,2454775308,shop,books,Cúspide Libros,-34.5995185,-58.3797505,SAN NICOLAS,1.0,cuspide libros,Literario / intelectual / artístico
node,2470497005,shop,books,Estación Libro,-34.5749162,-58.4828622,VILLA URQUIZA,12.0,estacion libro,Literario / intelectual / artístico
node,2670100256,shop,books,Librería El Túnel,-34.6086189,-58.3773062,MONSERRAT,1.0,libreria el tunel,Literario / intelectual / artístico
node,2948319833,shop,books,Libros Del Mundo,-34.5984277,-58.3839617,RETIRO,1.0,libros del mundo,Literario / intelectual / artístico
node,3186056341,shop,books,Librería Platero,-34.6032097,-58.3851417,SAN NICOLAS,1.0,libreria platero,Literario / intelectual / artístico
node,3223488034,shop,deli,Danerys,-34.5934341,-58.4394914,VILLA CRESPO,15.0,danerys,Literario / intelectual / artístico
node,3579317702,shop,books,Librería Biblos,-34.573468,-58.448241,COLEGIALES,13.0,libreria biblos,Literario / intelectual / artístico
node,3680673625,shop,books,El Túnel,-34.5579181,-58.4605472,BELGRANO,13.0,el tunel,Literario / intelectual / artístico
node,3726222909,shop,books,Tecnica Artistica,-34.6175128,-58.5027742,MONTE CASTRO,10.0,tecnica artistica,Literario / intelectual / artístico
node,3767495331,shop,books,La Lengua Absuelta,-34.5623281,-58.4543691,BELGRANO,13.0,la lengua absuelta,Literario / intelectual / artístico
node,3837419033,shop,books,Gandalf,-34.5874042,-58.5043162,VILLA PUEYRREDON,12.0,gandalf,Literario / intelectual / artístico
node,4235620590,shop,books,Paidos del Fondo,-34.5957086,-58.3916678,RECOLETA,2.0,paidos del fondo,Literario / intelectual / artístico
node,4323878290,shop,books,Antigona,-34.6003835,-58.3926387,SAN NICOLAS,1.0,antigona,Literario / intelectual / artístico
node,4402584929,shop,books,Vivaldi Libros Académicos,-34.6197104,-58.3842214,CONSTITUCION,1.0,vivaldi libros academicos,Literario / intelectual / artístico
node,4484621993,shop,books,Fondo de Cultura Económica,-34.5890806,-58.4258323,PALERMO,14.0,fondo de cultura economica,Literario / intelectual / artístico
node,4553018825,shop,books,Arte Suave,-34.5806191,-58.4222772,PALERMO,14.0,arte suave,Literario / intelectual / artístico
node,4553018837,shop,books,Gorgias,-34.580836,-58.4219405,PALERMO,14.0,gorgias,Literario / intelectual / artístico
node,4553018842,shop,books,Librolandia,-34.5807043,-58.422145,PALERMO,14.0,librolandia,Literario / intelectual / artístico
node,4553018846,shop,books,Los 7 Locos,-34.5807402,-58.4220369,PALERMO,14.0,los 7 locos,Literario / intelectual / artístico
node,4553018847,shop,books,Los Muditos Book,-34.5805779,-58.4223412,PALERMO,14.0,los muditos book,Literario / intelectual / artístico
node,4553018855,shop,books,Apocrypha,-34.5807611,-58.4220567,PALERMO,14.0,apocrypha,Literario / intelectual / artístico
node,4553018858,shop,books,Tierra de Libros,-34.5806903,-58.4221667,PALERMO,14.0,tierra de libros,Literario / intelectual / artístico
node,4553018860,shop,books,Ulises,-34.5807754,-58.4220345,PALERMO,14.0,ulises,Literario / intelectual / artístico
node,4635674103,shop,books,Librería Textos,-34.5686007,-58.434614,PALERMO,14.0,libreria textos,Literario / intelectual / artístico
node,4676824087,shop,books,Antígona,-34.604042,-58.3890424,SAN NICOLAS,1.0,antigona,Literario / intelectual / artístico
node,4676840092,shop,books,Adán Buenosayres Libros,-34.6041465,-58.3904146,SAN NICOLAS,1.0,adan buenosayres libros,Literario / intelectual / artístico
node,4683621776,shop,books,Librería La Cátedra,-34.6043716,-58.3896958,SAN NICOLAS,1.0,libreria la catedra,Literario / intelectual / artístico
node,4683625496,shop,books,Gandhi,-34.6044685,-58.3906265,SAN NICOLAS,1.0,gandhi,Literario / intelectual / artístico
node,4683625497,shop,books,Jekyll,-34.6044685,-58.3906664,SAN NICOLAS,1.0,jekyll,Literario / intelectual / artístico
node,4697794848,shop,books,Librería Lyris,-34.5995785,-58.3893093,SAN NICOLAS,1.0,libreria lyris,Literario / intelectual / artístico
node,4702275625,shop,books,Agape Libros,-34.5996561,-58.3781655,SAN NICOLAS,1.0,agape libros,Literario / intelectual / artístico
node,4702320238,shop,books,Poema 20,-34.5979935,-58.3782572,RETIRO,1.0,poema 20,Literario / intelectual / artístico
node,4704043909,shop,books,Atenea,-34.6332354,-58.4800224,FLORESTA,10.0,atenea,Literario / intelectual / artístico
node,4707270235,shop,books,Biblos,-34.595706,-58.3841176,RETIRO,1.0,biblos,Literario / intelectual / artístico
node,4764348920,shop,books,Tiempos Modernos,-34.5624888,-58.4532063,BELGRANO,13.0,tiempos modernos,Literario / intelectual / artístico
node,4844311885,shop,books,Monserrat lee libros,-34.6132552,-58.3854503,MONSERRAT,1.0,monserrat lee libros,Literario / intelectual / artístico
node,6067432986,shop,books,Librería Hernandez,-34.6041644,-58.3871429,SAN NICOLAS,1.0,libreria hernandez,Literario / intelectual / artístico
node,6067432987,shop,books,Mil Grullas Libros,-34.5884939,-58.4237303,PALERMO,14.0,mil grullas libros,Literario / intelectual / artístico
node,6336276433,shop,books,La Revistería Comics & Coffee,-34.5996148,-58.3752651,SAN NICOLAS,1.0,la revisteria comics & coffee,Literario / intelectual / artístico
node,7111499885,shop,books,Eterna Cadencia,-34.584424,-58.4361376,PALERMO,14.0,eterna cadencia,Literario / intelectual / artístico
node,7132323155,shop,books,Antigona,-34.5850645,-58.3996623,RECOLETA,2.0,antigona,Literario / intelectual / artístico
node,7133742074,shop,books,El Rufian Melancolico,-34.6179428,-58.373127,SAN TELMO,1.0,el rufian melancolico,Literario / intelectual / artístico
node,7235514385,shop,books,Librería Legenda,-34.5918792,-58.4120045,RECOLETA,2.0,libreria legenda,Literario / intelectual / artístico
node,10131357089,shop,books,Metaphora,-34.6081726,-58.3962948,BALVANERA,3.0,metaphora,Literario / intelectual / artístico
node,11805561109,shop,books,Eudeba,-34.5409627,-58.4440521,BELGRANO,13.0,eudeba,Literario / intelectual / artístico
node,11875229989,shop,books,Recreo en Libros,-34.6213854,-58.4210414,BOEDO,5.0,recreo en libros,Literario / intelectual / artístico
node,12084001117,shop,books,Las mil y una hijas,-34.5991449,-58.3806864,SAN NICOLAS,1.0,las mil y una hijas,Literario / intelectual / artístico
node,12834949422,shop,books,Zama Libros,-34.6156426,-58.450102,CABALLITO,6.0,zama libros,Literario / intelectual / artístico
node,2266519440,amenity,cafe,Moisha,-34.5896989,-58.3983414,RECOLETA,2.0,moisha,Herencia judía
node,4633147715,amenity,cafe,Rimon,-34.5794235,-58.4120441,PALERMO,14.0,rimon,Herencia judía
node,4709285989,amenity,restaurant,Benaim,-34.5952494,-58.4216483,PALERMO,14.0,benaim,Herencia judía
node,4917802322,amenity,restaurant,Eretz Cantina Israelí,-34.5905067,-58.4271553,PALERMO,14.0,eretz cantina israeli,Herencia judía
node,6580342618,amenity,restaurant,Schwartz & Berg,-34.5848142,-58.4369091,PALERMO,14.0,schwartz & berg,Herencia judía
node,9727433817,amenity,restaurant,Benaim Kosher,-34.5810399,-58.4387291,PALERMO,14.0,benaim kosher,Herencia judía
node,9977859417,amenity,restaurant,Eben Ezer,-34.6174,-58.4082074,BALVANERA,3.0,eben ezer,Herencia judía
node,11236475538,amenity,cafe,Mishiguene,-34.5820267,-58.4063767,PALERMO,14.0,mishiguene,Herencia judía
node,3257422269,shop,books,Mendel,-34.5795733,-58.4305613,PALERMO,14.0,mendel,Herencia judía
node,738897128,amenity,pub,Untertürkheim,-34.6208304,-58.3785845,CONSTITUCION,1.0,unterturkheim,Herencia europea (otra)
node,1009517899,amenity,pub,El Holandés Cervecero,-34.569828,-58.4832754,VILLA URQUIZA,12.0,el holandes cervecero,Herencia europea (otra)
node,1160292561,amenity,restaurant,Fritz,-34.5985992,-58.3961834,RECOLETA,2.0,fritz,Herencia europea (otra)
node,1283906328,amenity,theatre,British Arts Centre,-34.5921705,-58.3799433,RETIRO,1.0,british arts centre,Herencia europea (otra)
node,2038426438,amenity,cafe,Bar Británico,-34.6252644,-58.3709659,SAN TELMO,1.0,bar britanico,Herencia europea (otra)
node,2175215147,amenity,restaurant,Baviera,-34.5626017,-58.4574663,BELGRANO,13.0,baviera,Herencia europea (otra)
node,2199807169,amenity,cafe,Quo Vadis,-34.5592601,-58.4525996,BELGRANO,13.0,quo vadis,Herencia europea (otra)
node,2472966374,amenity,cafe,Iceland,-34.6207571,-58.371524,SAN TELMO,1.0,iceland,Herencia europea (otra)
node,2596173917,amenity,restaurant,Iceland,-34.5774014,-58.4387691,PALERMO,14.0,iceland,Herencia europea (otra)
node,2726351487,amenity,bar,Achtung Bar,-34.6184473,-58.3733294,SAN TELMO,1.0,achtung bar,Herencia europea (otra)
node,3111491329,amenity,restaurant,Andorra,-34.5975872,-58.4220528,PALERMO,14.0,andorra,Herencia europea (otra)
node,3175720087,amenity,bar,Londra,-34.6111018,-58.3792044,MONSERRAT,1.0,londra,Herencia europea (otra)
node,3183375061,amenity,cafe,Confitera Saint Moritz,-34.5976922,-58.3784499,RETIRO,1.0,confitera saint moritz,Herencia europea (otra)
node,3257752194,amenity,pub,Keller Serrano,-34.5885894,-58.4305846,PALERMO,14.0,keller serrano,Herencia europea (otra)
node,3346048878,amenity,bar,Terminal Krakovia Bar,-34.6236428,-58.4306028,CABALLITO,6.0,terminal krakovia bar,Herencia europea (otra)
node,3657604633,amenity,cafe,Montecarlo,-34.5770333,-58.4337782,PALERMO,14.0,montecarlo,Herencia europea (otra)
node,3819362819,amenity,bar,Breoghan,-34.6178406,-58.3729945,SAN TELMO,1.0,breoghan,Herencia europea (otra)
node,3878977519,amenity,bar,Taberna Odín,-34.5882146,-58.431089,PALERMO,14.0,taberna odin,Herencia europea (otra)
node,4238905691,amenity,bar,BierLife,-34.6208994,-58.375332,SAN TELMO,1.0,bierlife,Herencia europea (otra)
node,4251154591,amenity,pub,Sláinte Irish Pub,-34.5954092,-58.501343,VILLA DEVOTO,11.0,slainte irish pub,Herencia europea (otra)
node,4314954702,amenity,cafe,Cafezenda,-34.573279,-58.4381075,PALERMO,14.0,cafezenda,Herencia europea (otra)
node,4319023498,amenity,restaurant,Brač,-34.5836555,-58.4341688,PALERMO,14.0,brac,Herencia europea (otra)
node,4319023527,amenity,nightclub,York,-34.5847373,-58.4368356,PALERMO,14.0,york,Herencia europea (otra)
node,4459983590,amenity,pub,Valk Taproom,-34.5883164,-58.4296398,PALERMO,14.0,valk taproom,Herencia europea (otra)
node,4579809389,amenity,bar,Bulgaria,-34.610089,-58.4511814,CABALLITO,6.0,bulgaria,Herencia europea (otra)
node,4600271157,amenity,bar,Bier Welt,-34.6325826,-58.4158359,BOEDO,5.0,bier welt,Herencia europea (otra)
node,4602966899,amenity,restaurant,Extrawurst,-34.5978598,-58.3733312,RETIRO,1.0,extrawurst,Herencia europea (otra)
node,4635304502,amenity,restaurant,Veikko,-34.5705438,-58.4312414,PALERMO,14.0,veikko,Herencia europea (otra)
node,4657104498,amenity,restaurant,Boa Lua,-34.5855461,-58.4883176,AGRONOMIA,15.0,boa lua,Herencia europea (otra)
node,4670184643,amenity,cafe,Hausbrot,-34.6106802,-58.3630566,PUERTO MADERO,1.0,hausbrot,Herencia europea (otra)
node,4675347205,amenity,cafe,Hausbrot,-34.5823541,-58.4104088,PALERMO,14.0,hausbrot,Herencia europea (otra)
node,4701610019,amenity,restaurant,Andorra,-34.5975843,-58.4220215,PALERMO,14.0,andorra,Herencia europea (otra)
node,4730100190,amenity,bar,Gibraltar,-34.6184038,-58.3744431,SAN TELMO,1.0,gibraltar,Herencia europea (otra)
node,4892635222,amenity,bar,Belgica,-34.6263128,-58.4406288,CABALLITO,6.0,belgica,Herencia europea (otra)
node,4944505486,amenity,cafe,Kalimera Kafes,-34.5776454,-58.4368321,PALERMO,14.0,kalimera kafes,Herencia europea (otra)
node,5020214322,amenity,restaurant,Celta Bar,-34.6056608,-58.390907,SAN NICOLAS,1.0,celta bar,Herencia europea (otra)
node,5257882774,amenity,cafe,Öss,-34.5546147,-58.4558095,BELGRANO,13.0,oss,Herencia europea (otra)
node,5397319181,amenity,bar,Bierhof,-34.5894499,-58.4234314,PALERMO,14.0,bierhof,Herencia europea (otra)
node,5419700731,amenity,restaurant,Nódica Smørrebrød,-34.6097645,-58.3763714,MONSERRAT,1.0,nodica smørrebrød,Herencia europea (otra)
node,5609702808,amenity,restaurant,El Griego,-34.6004382,-58.5114904,VILLA DEVOTO,11.0,el griego,Herencia europea (otra)
node,5878638537,amenity,bar,Wunderbar,-34.5585085,-58.466827,BELGRANO,13.0,wunderbar,Herencia europea (otra)
node,6333422728,amenity,pub,Gott,-34.5846475,-58.4887066,VILLA URQUIZA,12.0,gott,Herencia europea (otra)
node,6350706839,amenity,pub,Berlina Bunker,-34.6185603,-58.3708254,SAN TELMO,1.0,berlina bunker,Herencia europea (otra)
node,6421907885,amenity,cafe,Nataria Portuguesa,-34.5923616,-58.3892976,RECOLETA,2.0,nataria portuguesa,Herencia europea (otra)
node,6423769286,amenity,bar,Avant Garten,-34.5702294,-58.4214601,PALERMO,14.0,avant garten,Herencia europea (otra)
node,6477305185,amenity,bar,Berlina Bunker,-34.6186791,-58.3708556,SAN TELMO,1.0,berlina bunker,Herencia europea (otra)
node,6570226685,amenity,bar,VALHALLA Bar Vikingo,-34.6174969,-58.373159,SAN TELMO,1.0,valhalla bar vikingo,Herencia europea (otra)
node,6654354738,amenity,restaurant,Bodensee,-34.5810862,-58.4404052,PALERMO,14.0,bodensee,Herencia europea (otra)
node,6957948611,amenity,pub,Lagerhaus,-34.6027063,-58.5064059,VILLA DEVOTO,11.0,lagerhaus,Herencia europea (otra)
node,7042339285,amenity,bar,Lutero Bar,-34.5859757,-58.4500606,CHACARITA,15.0,lutero bar,Herencia europea (otra)
node,9380718417,amenity,bar,Varsovia,-34.6044232,-58.4836536,VILLA DEL PARQUE,11.0,varsovia,Herencia europea (otra)
node,9607455997,amenity,cafe,"EuroCafé, Tienda de Café en Granos, Insumos y Accesorios",-34.5755166,-58.4626558,COLEGIALES,13.0,"eurocafe, tienda de cafe en granos, insumos y accesorios",Herencia europea (otra)
node,9920390802,amenity,pub,Keller,-34.5587616,-58.4491178,BELGRANO,13.0,keller,Herencia europea (otra)
node,9981830214,amenity,bar,Berlin,-34.6062525,-58.3893893,SAN NICOLAS,1.0,berlin,Herencia europea (otra)
node,10597022505,amenity,bar,Oslo,-34.5794193,-58.4153488,PALERMO,14.0,oslo,Herencia europea (otra)
node,10789234956,amenity,cafe,Confitería Ritz,-34.5703821,-58.4452802,COLEGIALES,13.0,confiteria ritz,Herencia europea (otra)
node,10917544805,amenity,bar,Keller Bier,-34.6029103,-58.3807892,SAN NICOLAS,1.0,keller bier,Herencia europea (otra)
node,10960869005,amenity,cafe,Gökotta,-34.5722753,-58.4315366,PALERMO,14.0,gokotta,Herencia europea (otra)
node,11055542005,amenity,bar,Bucarest,-34.5975311,-58.4348733,VILLA CRESPO,15.0,bucarest,Herencia europea (otra)
node,11269939943,amenity,cafe,Toller kaffeë,-34.5922356,-58.4027272,RECOLETA,2.0,toller kaffee,Herencia europea (otra)
node,11547329769,amenity,cafe,Auslander,-34.5829425,-58.4278284,PALERMO,14.0,auslander,Herencia europea (otra)
node,11897370062,amenity,bar,La Greco,-34.6111209,-58.3749179,MONSERRAT,1.0,la greco,Herencia europea (otra)
node,11974070369,amenity,cafe,Kellers,-34.5889555,-58.402793,RECOLETA,2.0,kellers,Herencia europea (otra)
node,12387446804,amenity,restaurant,Kefi,-34.5831851,-58.4335486,PALERMO,14.0,kefi,Herencia europea (otra)
node,12887832983,amenity,restaurant,Ogham,-34.5559296,-58.4538064,BELGRANO,13.0,ogham,Herencia europea (otra)
node,13092960654,amenity,restaurant,Kazan,-34.5565983,-58.452661,BELGRANO,13.0,kazan,Herencia europea (otra)
node,2199806529,shop,bakery,Hausbrot,-34.5595316,-58.4521276,BELGRANO,13.0,hausbrot,Herencia europea (otra)
node,2208155888,shop,bakery,Hausbrot,-34.5634566,-58.456377,BELGRANO,13.0,hausbrot,Herencia europea (otra)
node,2366181860,shop,bakery,Suevia,-34.5916466,-58.3977337,RECOLETA,2.0,suevia,Herencia europea (otra)
node,3124526629,shop,bakery,Suevia,-34.5875792,-58.4140309,PALERMO,14.0,suevia,Herencia europea (otra)
node,3275069362,shop,deli,Ceffyl Casa de Té Galés,-34.5821171,-58.432397,PALERMO,14.0,ceffyl casa de te gales,Herencia europea (otra)
node,3997545827,shop,bakery,Suevia,-34.5889181,-58.4098309,RECOLETA,2.0,suevia,Herencia europea (otra)
node,4105421697,shop,bakery,Hausbrot,-34.5709004,-58.4583399,COLEGIALES,13.0,hausbrot,Herencia europea (otra)
node,4551336763,shop,bakery,Suevia,-34.5862793,-58.4064897,RECOLETA,2.0,suevia,Herencia europea (otra)
node,4668701455,shop,deli,Praga,-34.5491746,-58.4707339,SAAVEDRA,12.0,praga,Herencia europea (otra)
node,4702543590,shop,bakery,La Helvetica,-34.6230654,-58.3979783,SAN CRISTOBAL,3.0,la helvetica,Herencia europea (otra)
node,4710008671,shop,ice_cream,Härlig,-34.5881016,-58.4208971,PALERMO,14.0,harlig,Herencia europea (otra)
node,5492048921,shop,bakery,Hausbrot,-34.5918991,-58.3900017,RECOLETA,2.0,hausbrot,Herencia europea (otra)
node,6371478051,shop,bakery,Suevia,-34.5882359,-58.398819,RECOLETA,2.0,suevia,Herencia europea (otra)
node,6794242921,shop,bakery,Suevia,-34.5827563,-58.4197294,PALERMO,14.0,suevia,Herencia europea (otra)
node,7630660758,shop,bakery,Hausbrot,-34.567239,-58.4365635,PALERMO,14.0,hausbrot,Herencia europea (otra)
node,10830951868,shop,bakery,Hausbrot,-34.588659,-58.4108996,PALERMO,14.0,hausbrot,Herencia europea (otra)
node,10834388905,shop,bakery,Suevia,-34.5857582,-58.4226334,PALERMO,14.0,suevia,Herencia europea (otra)
node,314685054,amenity,restaurant,Olivetti,-34.5792839,-58.4123925,PALERMO,14.0,olivetti,Herencia europea (italiana)
node,314685083,amenity,restaurant,Bella Italia,-34.5776635,-58.4116493,PALERMO,14.0,bella italia,Herencia europea (italiana)
node,331522170,amenity,restaurant,Avellino,-34.6405076,-58.5094119,LINIERS,9.0,avellino,Herencia europea (italiana)
node,340141702,amenity,cafe,Café Tortoni,-34.6086934,-58.3781432,MONSERRAT,1.0,cafe tortoni,Herencia europea (italiana)
node,455755304,amenity,restaurant,Rimini,-34.5858161,-58.4252413,PALERMO,14.0,rimini,Herencia europea (italiana)
node,573387904,amenity,restaurant,Antonino,-34.566771,-58.4343219,PALERMO,14.0,antonino,Herencia europea (italiana)
node,724259206,amenity,cafe,La Veneciana,-34.6207201,-58.3649969,PUERTO MADERO,1.0,la veneciana,Herencia europea (italiana)
node,724259211,amenity,bar,Aroma Freddo,-34.6029855,-58.3753399,SAN NICOLAS,1.0,aroma freddo,Herencia europea (italiana)
node,724725245,amenity,restaurant,La Bistecca,-34.6205998,-58.3650008,PUERTO MADERO,1.0,la bistecca,Herencia europea (italiana)
node,876504525,amenity,restaurant,Accademia della Pizza,-34.5903702,-58.4109831,RECOLETA,2.0,accademia della pizza,Herencia europea (italiana)
node,1112458313,amenity,restaurant,Punta Cuore,-34.599532,-58.3942601,RECOLETA,2.0,punta cuore,Herencia europea (italiana)
node,1114122393,amenity,cafe,Priamo,-34.6041986,-58.3954415,BALVANERA,3.0,priamo,Herencia europea (italiana)
node,1144740009,amenity,cafe,Piacere,-34.597302,-58.3896411,RECOLETA,2.0,piacere,Herencia europea (italiana)
node,1164396080,amenity,restaurant,Tonno,-34.5703065,-58.4316103,PALERMO,14.0,tonno,Herencia europea (italiana)
node,1164396121,amenity,restaurant,La Stampa,-34.5739719,-58.430366,PALERMO,14.0,la stampa,Herencia europea (italiana)
node,1261495656,amenity,cafe,Persicco,-34.5937688,-58.3941962,RECOLETA,2.0,persicco,Herencia europea (italiana)
node,1282173653,amenity,restaurant,Ligure,-34.5927603,-58.3793842,RETIRO,1.0,ligure,Herencia europea (italiana)
node,1435016204,amenity,restaurant,Rigoletto,-34.5941539,-58.391998,RECOLETA,2.0,rigoletto,Herencia europea (italiana)
node,1490090367,amenity,cafe,Caffé Doge,-34.5801618,-58.4754536,PARQUE CHAS,15.0,caffe doge,Herencia europea (italiana)
node,1506517981,amenity,restaurant,La Parolaccia,-34.5967286,-58.3948947,RECOLETA,2.0,la parolaccia,Herencia europea (italiana)
node,1641497969,amenity,restaurant,Circolo Massimo,-34.5934748,-58.3845151,RETIRO,1.0,circolo massimo,Herencia europea (italiana)
node,1643890132,amenity,cafe,Caffe Vergnano,-34.5988566,-58.3754751,SAN NICOLAS,1.0,caffe vergnano,Herencia europea (italiana)
node,1989733412,amenity,restaurant,Burgio,-34.5584007,-58.4595506,BELGRANO,13.0,burgio,Herencia europea (italiana)
node,2072693143,amenity,restaurant,Il Barista,-34.606665,-58.375142,SAN NICOLAS,1.0,il barista,Herencia europea (italiana)
node,2090405875,amenity,restaurant,Palermo Vecchio,-34.5939826,-58.4180325,PALERMO,14.0,palermo vecchio,Herencia europea (italiana)
node,2135016618,amenity,cafe,Faricci,-34.5856719,-58.4129553,PALERMO,14.0,faricci,Herencia europea (italiana)
node,2135031236,amenity,cafe,Piacere,-34.5853594,-58.4109932,PALERMO,14.0,piacere,Herencia europea (italiana)
node,2142825903,amenity,restaurant,La Faina,-34.6039625,-58.3880143,SAN NICOLAS,1.0,la faina,Herencia europea (italiana)
node,2147911078,amenity,cafe,Faricci,-34.5748027,-58.4475126,COLEGIALES,13.0,faricci,Herencia europea (italiana)
node,2187874329,amenity,restaurant,Spiga,-34.6101855,-58.4044412,BALVANERA,3.0,spiga,Herencia europea (italiana)
node,2259163418,amenity,cafe,Ristretto,-34.589042,-58.4098452,RECOLETA,2.0,ristretto,Herencia europea (italiana)
node,2279653168,amenity,cafe,Café del Doge,-34.5562999,-58.4612224,BELGRANO,13.0,cafe del doge,Herencia europea (italiana)
node,2288555043,amenity,restaurant,Rigoleto,-34.5966589,-58.3732207,RETIRO,1.0,rigoleto,Herencia europea (italiana)
node,2294952962,amenity,restaurant,Renatto Cucina Italiana,-34.5912434,-58.5006899,VILLA PUEYRREDON,12.0,renatto cucina italiana,Herencia europea (italiana)
node,2458348979,amenity,restaurant,El Viejo Torino,-34.6451224,-58.4951134,MATADEROS,9.0,el viejo torino,Herencia europea (italiana)
node,2466174615,amenity,restaurant,Accademia della Pizza,-34.5851383,-58.416258,PALERMO,14.0,accademia della pizza,Herencia europea (italiana)
node,2470336594,amenity,restaurant,Teglia,-34.5656833,-58.4602903,BELGRANO,13.0,teglia,Herencia europea (italiana)
node,2489471291,amenity,cafe,Il Vecchio,-34.5641936,-58.4528916,BELGRANO,13.0,il vecchio,Herencia europea (italiana)
node,2620104983,amenity,restaurant,Vittorio,-34.6101418,-58.3874631,MONSERRAT,1.0,vittorio,Herencia europea (italiana)
node,2686872460,amenity,restaurant,Siamo Nel Forno,-34.58058,-58.4375975,PALERMO,14.0,siamo nel forno,Herencia europea (italiana)
node,2720197394,amenity,cafe,Nonna Bianca,-34.6184248,-58.3719253,SAN TELMO,1.0,nonna bianca,Herencia europea (italiana)
node,2722023549,amenity,restaurant,Saltanapoli,-34.6186164,-58.3767253,SAN TELMO,1.0,saltanapoli,Herencia europea (italiana)
node,2735661175,amenity,bar,Valentino,-34.6184497,-58.3744416,SAN TELMO,1.0,valentino,Herencia europea (italiana)
node,2791682383,amenity,restaurant,La Mia Vita,-34.5798123,-58.4156257,PALERMO,14.0,la mia vita,Herencia europea (italiana)
node,3014820447,amenity,restaurant,Il Bruno Pasta & Pizza Napoletana,-34.61271,-58.444643,CABALLITO,6.0,il bruno pasta & pizza napoletana,Herencia europea (italiana)
node,3066834250,amenity,restaurant,Cucina Paradiso,-34.5535922,-58.43678,BELGRANO,13.0,cucina paradiso,Herencia europea (italiana)
node,3066858633,amenity,restaurant,Bruni,-34.5533134,-58.4370058,BELGRANO,13.0,bruni,Herencia europea (italiana)
node,3075192043,amenity,restaurant,Café Matteo,-34.5942407,-58.4184304,PALERMO,14.0,cafe matteo,Herencia europea (italiana)
node,3111488233,amenity,restaurant,Bellagamba,-34.5966135,-58.4214252,PALERMO,14.0,bellagamba,Herencia europea (italiana)
node,3124542629,amenity,cafe,La Fonte D'Oro,-34.5889609,-58.415764,PALERMO,14.0,la fonte d'oro,Herencia europea (italiana)
node,3130849829,amenity,restaurant,Piacere,-34.5912615,-58.4098881,RECOLETA,2.0,piacere,Herencia europea (italiana)
node,3136129029,amenity,restaurant,Pierino,-34.6007102,-58.4150021,ALMAGRO,5.0,pierino,Herencia europea (italiana)
node,3166539561,amenity,cafe,Cafiolo,-34.609484,-58.377855,MONSERRAT,1.0,cafiolo,Herencia europea (italiana)
node,3173864203,amenity,restaurant,Piacere,-34.5930442,-58.3845768,RETIRO,1.0,piacere,Herencia europea (italiana)
node,3174747479,amenity,bar,Valentino Bar,-34.5966787,-58.3802088,RETIRO,1.0,valentino bar,Herencia europea (italiana)
node,3179550396,amenity,restaurant,La Parolaccia Del Mare,-34.6110584,-58.3660318,PUERTO MADERO,1.0,la parolaccia del mare,Herencia europea (italiana)
node,3180535291,amenity,restaurant,Angolo,-34.6018942,-58.3670686,PUERTO MADERO,1.0,angolo,Herencia europea (italiana)
node,3180535298,amenity,restaurant,Sorrento,-34.6036568,-58.3668088,PUERTO MADERO,1.0,sorrento,Herencia europea (italiana)
node,3184669861,amenity,cafe,Ditali,-34.5975317,-58.3769939,RETIRO,1.0,ditali,Herencia europea (italiana)
node,3186367961,amenity,restaurant,La Forchetta,-34.5919667,-58.4137945,PALERMO,14.0,la forchetta,Herencia europea (italiana)
node,3189361058,amenity,restaurant,Il Gufo,-34.5942815,-58.3800909,RETIRO,1.0,il gufo,Herencia europea (italiana)
node,3205426279,amenity,restaurant,Nonna Angiulina,-34.5886583,-58.3920979,RECOLETA,2.0,nonna angiulina,Herencia europea (italiana)
node,3260927091,amenity,restaurant,Da Vinci,-34.6252506,-58.370746,SAN TELMO,1.0,da vinci,Herencia europea (italiana)
node,3331900307,amenity,restaurant,La Camorra,-34.5799632,-58.4332399,PALERMO,14.0,la camorra,Herencia europea (italiana)
node,3331912637,amenity,restaurant,Capricci,-34.577046,-58.434237,PALERMO,14.0,capricci,Herencia europea (italiana)
node,3346211910,amenity,restaurant,Vittorio,-34.626481,-58.4433716,CABALLITO,6.0,vittorio,Herencia europea (italiana)
node,3357056714,amenity,restaurant,Aromi,-34.6022162,-58.4317539,ALMAGRO,5.0,aromi,Herencia europea (italiana)
node,3455724593,amenity,cafe,Traiano,-34.586329,-58.4043095,RECOLETA,2.0,traiano,Herencia europea (italiana)
node,3515699001,amenity,cafe,Módena,-34.5789712,-58.4317415,PALERMO,14.0,modena,Herencia europea (italiana)
node,3515819696,amenity,restaurant,D'Accordo,-34.578654,-58.4321919,PALERMO,14.0,d'accordo,Herencia europea (italiana)
node,3522259909,amenity,restaurant,Tonno,-34.5831707,-58.423994,PALERMO,14.0,tonno,Herencia europea (italiana)
node,3531392343,amenity,cafe,Ispica,-34.5867189,-58.4289492,PALERMO,14.0,ispica,Herencia europea (italiana)
node,3605500267,amenity,restaurant,Il Gatto Trattorias,-34.5867594,-58.4101084,PALERMO,14.0,il gatto trattorias,Herencia europea (italiana)
node,3608924136,amenity,restaurant,Broccolino,-34.599153,-58.3783413,SAN NICOLAS,1.0,broccolino,Herencia europea (italiana)
node,3638054269,amenity,restaurant,La Napolitana,-34.6107552,-58.4129795,BALVANERA,3.0,la napolitana,Herencia europea (italiana)
node,3644520975,amenity,restaurant,Novecento,-34.5726225,-58.4299307,PALERMO,14.0,novecento,Herencia europea (italiana)
node,3726222914,amenity,restaurant,Sesto,-34.6142873,-58.5037388,MONTE CASTRO,10.0,sesto,Herencia europea (italiana)
node,3729723419,amenity,cafe,La Delizie,-34.5565141,-58.4619044,BELGRANO,13.0,la delizie,Herencia europea (italiana)
node,3737759333,amenity,restaurant,Accademia,-34.6208406,-58.4166942,ALMAGRO,5.0,accademia,Herencia europea (italiana)
node,3781397757,amenity,restaurant,Ciao!,-34.5854108,-58.4235024,PALERMO,14.0,ciao!,Herencia europea (italiana)
node,3789145354,amenity,cafe,Tirrenia,-34.5597858,-58.453149,BELGRANO,13.0,tirrenia,Herencia europea (italiana)
node,3808581687,amenity,cafe,Cafe Boccazzi,-34.567865,-58.43723,PALERMO,14.0,cafe boccazzi,Herencia europea (italiana)
node,3855257509,amenity,restaurant,Valentino,-34.6094203,-58.380494,MONSERRAT,1.0,valentino,Herencia europea (italiana)
node,3933985601,amenity,cafe,Giuseppe Helados & Café,-34.634847,-58.4376546,PARQUE CHACABUCO,7.0,giuseppe helados & cafe,Herencia europea (italiana)
node,4045968489,amenity,restaurant,La Parolaccia,-34.5583776,-58.4465079,BELGRANO,13.0,la parolaccia,Herencia europea (italiana)
node,4054477793,amenity,restaurant,Carletto,-34.6065055,-58.3641095,PUERTO MADERO,1.0,carletto,Herencia europea (italiana)
node,4058276774,amenity,cafe,Persicco,-34.5877052,-58.3906808,RECOLETA,2.0,persicco,Herencia europea (italiana)
node,4121969209,amenity,bar,Bellagamba Bodegón Palermo,-34.5924649,-58.4320881,PALERMO,14.0,bellagamba bodegon palermo,Herencia europea (italiana)
node,4194051857,amenity,restaurant,Basilico,-34.6410689,-58.4045219,PARQUE PATRICIOS,4.0,basilico,Herencia europea (italiana)
node,4214670727,amenity,restaurant,Nápoles,-34.5967432,-58.4424007,VILLA CRESPO,15.0,napoles,Herencia europea (italiana)
node,4250071392,amenity,restaurant,Pinuccio,-34.6172736,-58.3975476,BALVANERA,3.0,pinuccio,Herencia europea (italiana)
node,4251108490,amenity,restaurant,La Pécora Nera,-34.5895254,-58.3911588,RECOLETA,2.0,la pecora nera,Herencia europea (italiana)
node,4289340911,amenity,cafe,Sotovoce cafe,-34.5861119,-58.387422,RECOLETA,2.0,sotovoce cafe,Herencia europea (italiana)
node,4293917801,amenity,restaurant,Piola,-34.5961122,-58.3843725,RETIRO,1.0,piola,Herencia europea (italiana)
node,4294055189,amenity,restaurant,Parecchio,-34.6161544,-58.4288284,ALMAGRO,5.0,parecchio,Herencia europea (italiana)
node,4307647296,amenity,restaurant,Bellagamba Bodegón,-34.609661,-58.3966737,BALVANERA,3.0,bellagamba bodegon,Herencia europea (italiana)
node,4311916827,amenity,restaurant,Il Migliore,-34.5989572,-58.4419445,VILLA CRESPO,15.0,il migliore,Herencia europea (italiana)
node,4318837507,amenity,restaurant,Aromi,-34.6278468,-58.4600508,FLORES,7.0,aromi,Herencia europea (italiana)
node,4330005289,amenity,restaurant,Undici,-34.6344334,-58.3751794,BARRACAS,4.0,undici,Herencia europea (italiana)
node,4351620189,amenity,cafe,Piacere,-34.6014985,-58.3647729,PUERTO MADERO,1.0,piacere,Herencia europea (italiana)
node,4357503589,amenity,bar,Il Tempo,-34.6492972,-58.4894473,PARQUE AVELLANEDA,9.0,il tempo,Herencia europea (italiana)
node,4479361689,amenity,cafe,Benedetta,-34.5738106,-58.4229629,PALERMO,14.0,benedetta,Herencia europea (italiana)
node,4513944252,amenity,cafe,Piccolo,-34.5533489,-58.4610629,NUÑEZ,13.0,piccolo,Herencia europea (italiana)
node,4522452791,amenity,cafe,Lucca Heladería Boutique,-34.5645346,-58.4750693,COGHLAN,12.0,lucca heladeria boutique,Herencia europea (italiana)
node,4540384589,amenity,bar,Trionfale,-34.5833774,-58.4292236,PALERMO,14.0,trionfale,Herencia europea (italiana)
node,4560930498,amenity,restaurant,Cosi mi Piace,-34.5900271,-58.4263541,PALERMO,14.0,cosi mi piace,Herencia europea (italiana)
node,4565735202,amenity,restaurant,La Piazza,-34.6290497,-58.3708699,BARRACAS,4.0,la piazza,Herencia europea (italiana)
node,4565832497,amenity,restaurant,Il Vicolo,-34.5611841,-58.4650589,BELGRANO,13.0,il vicolo,Herencia europea (italiana)
node,4591103819,amenity,cafe,Per-Noi Cafe,-34.6325284,-58.4256608,PARQUE CHACABUCO,7.0,per-noi cafe,Herencia europea (italiana)
node,4591137113,amenity,restaurant,Ritorno,-34.6413259,-58.4310474,PARQUE CHACABUCO,7.0,ritorno,Herencia europea (italiana)
node,4591160698,amenity,restaurant,Pizzicato,-34.6337237,-58.432608,PARQUE CHACABUCO,7.0,pizzicato,Herencia europea (italiana)
node,4591176729,amenity,restaurant,Sorrento,-34.6314509,-58.4179183,BOEDO,5.0,sorrento,Herencia europea (italiana)
node,4593337590,amenity,restaurant,Il Matterelo,-34.5887644,-58.4324189,PALERMO,14.0,il matterelo,Herencia europea (italiana)
node,4597880693,amenity,restaurant,Il Nonno Bachicha,-34.6192183,-58.3716215,SAN TELMO,1.0,il nonno bachicha,Herencia europea (italiana)
node,4600271158,amenity,restaurant,Al Taglio,-34.6319223,-58.4130457,BOEDO,5.0,al taglio,Herencia europea (italiana)
node,4602338862,amenity,restaurant,Mozarella,-34.6345441,-58.3917052,PARQUE PATRICIOS,4.0,mozarella,Herencia europea (italiana)
node,4614702107,amenity,restaurant,Pascale,-34.6292165,-58.5053537,VILLA LURO,10.0,pascale,Herencia europea (italiana)
node,4618774996,amenity,restaurant,La Camorra,-34.5560545,-58.4881057,SAAVEDRA,12.0,la camorra,Herencia europea (italiana)
node,4633147720,amenity,restaurant,Quotidiano,-34.5792843,-58.411297,PALERMO,14.0,quotidiano,Herencia europea (italiana)
node,4645864178,amenity,restaurant,Accademia Della Pizza,-34.5622335,-58.4568353,BELGRANO,13.0,accademia della pizza,Herencia europea (italiana)
node,4646196674,amenity,restaurant,Piccolo,-34.6154471,-58.4779991,VILLA SANTA RITA,11.0,piccolo,Herencia europea (italiana)
node,4653463214,amenity,restaurant,La Strega,-34.5735364,-58.481097,VILLA URQUIZA,12.0,la strega,Herencia europea (italiana)
node,4654445656,amenity,cafe,Caffé del Doge,-34.6019647,-58.5131032,VILLA DEVOTO,11.0,caffe del doge,Herencia europea (italiana)
node,4654642581,amenity,restaurant,Gelatería,-34.5885165,-58.4854763,AGRONOMIA,15.0,gelateria,Herencia europea (italiana)
node,4656740694,amenity,restaurant,Pastas Frescas Artesanales,-34.6234914,-58.5105245,MONTE CASTRO,10.0,pastas frescas artesanales,Herencia europea (italiana)
node,4658024608,amenity,restaurant,La Reggina,-34.6232717,-58.493987,FLORESTA,10.0,la reggina,Herencia europea (italiana)
node,4669464796,amenity,cafe,Caffé del Doge,-34.5982561,-58.3881219,RECOLETA,2.0,caffe del doge,Herencia europea (italiana)
node,4670221219,amenity,restaurant,Mangiare,-34.599177,-58.3646375,PUERTO MADERO,1.0,mangiare,Herencia europea (italiana)
node,4672698935,amenity,cafe,Punto Cuore,-34.6138659,-58.3902784,MONSERRAT,1.0,punto cuore,Herencia europea (italiana)
node,4675229605,amenity,cafe,Amaretto,-34.6082977,-58.485604,VILLA DEL PARQUE,11.0,amaretto,Herencia europea (italiana)
node,4675378214,amenity,cafe,Caffe Los Molinos,-34.5836167,-58.404505,RECOLETA,2.0,caffe los molinos,Herencia europea (italiana)
node,4676867616,amenity,restaurant,Vía Giovanni,-34.6043566,-58.3951946,BALVANERA,3.0,via giovanni,Herencia europea (italiana)
node,4676929151,amenity,restaurant,Pizzería Tagliata,-34.6045142,-58.3996796,BALVANERA,3.0,pizzeria tagliata,Herencia europea (italiana)
node,4677413921,amenity,cafe,Il Sorpasso,-34.620773,-58.37249,SAN TELMO,1.0,il sorpasso,Herencia europea (italiana)
node,4678875655,amenity,restaurant,Trattoria Zagara,-34.61936,-58.3701975,SAN TELMO,1.0,trattoria zagara,Herencia europea (italiana)
node,4683973962,amenity,restaurant,Alessandro,-34.6472373,-58.5056378,LINIERS,9.0,alessandro,Herencia europea (italiana)
node,4688907378,amenity,restaurant,Perutti,-34.604218,-58.4105269,BALVANERA,3.0,perutti,Herencia europea (italiana)
node,4689796880,amenity,cafe,Roma,-34.6202905,-58.4412566,CABALLITO,6.0,roma,Herencia europea (italiana)
node,4689811766,amenity,restaurant,Pastas Savori,-34.623342,-58.4486355,CABALLITO,6.0,pastas savori,Herencia europea (italiana)
node,4692520694,amenity,cafe,Bricco,-34.6095648,-58.3991955,BALVANERA,3.0,bricco,Herencia europea (italiana)
node,4693054657,amenity,cafe,Isla de Capri,-34.6244522,-58.4066397,SAN CRISTOBAL,3.0,isla de capri,Herencia europea (italiana)
node,4697752905,amenity,restaurant,La Fuccinalta,-34.6684988,-58.5070211,MATADEROS,9.0,la fuccinalta,Herencia europea (italiana)
node,4698137040,amenity,restaurant,Casanova,-34.5963203,-58.3766641,RETIRO,1.0,casanova,Herencia europea (italiana)
node,4698230084,amenity,restaurant,Pizzeria Genova,-34.6037228,-58.379139,SAN NICOLAS,1.0,pizzeria genova,Herencia europea (italiana)
node,4699596717,amenity,restaurant,Punta Cuore,-34.6095552,-58.3949713,BALVANERA,3.0,punta cuore,Herencia europea (italiana)
node,4699637186,amenity,cafe,Alessandro,-34.6451849,-58.4660537,PARQUE AVELLANEDA,9.0,alessandro,Herencia europea (italiana)
node,4700006237,amenity,restaurant,Da Mingo,-34.5927557,-58.3798865,RETIRO,1.0,da mingo,Herencia europea (italiana)
node,4700301937,amenity,restaurant,Spazzio,-34.6145302,-58.46553,VILLA GRAL. MITRE,11.0,spazzio,Herencia europea (italiana)
node,4700535782,amenity,cafe,Caffé del Doge,-34.6018875,-58.4322169,VILLA CRESPO,15.0,caffe del doge,Herencia europea (italiana)
node,4702275163,amenity,restaurant,Valerio,-34.6023143,-58.3779558,SAN NICOLAS,1.0,valerio,Herencia europea (italiana)
node,4702320306,amenity,restaurant,Alimentari,-34.5975376,-58.3741776,RETIRO,1.0,alimentari,Herencia europea (italiana)
node,4702602240,amenity,restaurant,Mostachole,-34.5979446,-58.4092086,RECOLETA,2.0,mostachole,Herencia europea (italiana)
node,4702602248,amenity,restaurant,Academia della Pizza,-34.5985181,-58.4032479,RECOLETA,2.0,academia della pizza,Herencia europea (italiana)
node,4704111485,amenity,restaurant,Coraggio,-34.6346582,-58.4859929,VELEZ SARSFIELD,10.0,coraggio,Herencia europea (italiana)
node,4704196757,amenity,cafe,Peppino,-34.62056,-58.3785998,CONSTITUCION,1.0,peppino,Herencia europea (italiana)
node,4708958420,amenity,restaurant,Amaretto,-34.6147188,-58.4201817,ALMAGRO,5.0,amaretto,Herencia europea (italiana)
node,4730007592,amenity,restaurant,Il Mattarello,-34.6328782,-58.3623267,BOCA,4.0,il mattarello,Herencia europea (italiana)
node,4781465922,amenity,restaurant,Prosciutto,-34.6060549,-58.3964809,BALVANERA,3.0,prosciutto,Herencia europea (italiana)
node,4783985621,amenity,restaurant,La Panotteca,-34.5658412,-58.4633161,BELGRANO,13.0,la panotteca,Herencia europea (italiana)
node,4814284593,amenity,restaurant,La Parolacha,-34.6098117,-58.3661685,PUERTO MADERO,1.0,la parolacha,Herencia europea (italiana)
node,5005921877,amenity,restaurant,Da giuseppe Ristorante,-34.6189131,-58.3649337,PUERTO MADERO,1.0,da giuseppe ristorante,Herencia europea (italiana)
node,5005928272,amenity,restaurant,Cucina D'Onore,-34.6191516,-58.3650087,PUERTO MADERO,1.0,cucina d'onore,Herencia europea (italiana)
node,5018307660,amenity,restaurant,Capriccio,-34.5667121,-58.4496508,BELGRANO,13.0,capriccio,Herencia europea (italiana)
node,5067721032,amenity,bar,Cocoliche,-34.608212,-58.3787265,SAN NICOLAS,1.0,cocoliche,Herencia europea (italiana)
node,5074709540,amenity,restaurant,Napoles,-34.6090633,-58.3913661,SAN NICOLAS,1.0,napoles,Herencia europea (italiana)
node,5093760997,amenity,cafe,Ristretto,-34.5956472,-58.4393766,VILLA CRESPO,15.0,ristretto,Herencia europea (italiana)
node,5220334424,amenity,restaurant,Il Vero Arturito,-34.5995575,-58.4070441,BALVANERA,3.0,il vero arturito,Herencia europea (italiana)
node,5267806121,amenity,restaurant,Vita paradise vegan,-34.6092501,-58.3747566,MONSERRAT,1.0,vita paradise vegan,Herencia europea (italiana)
node,5313032243,amenity,restaurant,La Nonna,-34.6678843,-58.475854,VILLA LUGANO,8.0,la nonna,Herencia europea (italiana)
node,5355224234,amenity,restaurant,Pizzería Roma,-34.602576,-58.379209,SAN NICOLAS,1.0,pizzeria roma,Herencia europea (italiana)
node,5416534093,amenity,bar,Dársena Bar,-34.5946288,-58.4258806,PALERMO,14.0,darsena bar,Herencia europea (italiana)
node,5426766526,amenity,restaurant,Filippa,-34.5750148,-58.4728763,VILLA URQUIZA,12.0,filippa,Herencia europea (italiana)
node,5426766527,amenity,restaurant,Tiberio,-34.5747877,-58.4730642,VILLA URQUIZA,12.0,tiberio,Herencia europea (italiana)
node,5476884321,amenity,restaurant,II Quotidiano,-34.5939392,-58.3929594,RECOLETA,2.0,ii quotidiano,Herencia europea (italiana)
node,5503415366,amenity,restaurant,Accademia della pizza,-34.6129739,-58.4417926,CABALLITO,6.0,accademia della pizza,Herencia europea (italiana)
node,5597257321,amenity,cafe,Farinelli,-34.5915892,-58.3800511,RETIRO,1.0,farinelli,Herencia europea (italiana)
node,5777057654,amenity,cafe,Cremolatti,-34.5928899,-58.4179355,PALERMO,14.0,cremolatti,Herencia europea (italiana)
node,6047570286,amenity,restaurant,Parolaccia Casa Tua Palermo,-34.5800335,-58.409033,PALERMO,14.0,parolaccia casa tua palermo,Herencia europea (italiana)
node,6069030474,amenity,restaurant,Bice Ristorante,-34.6004924,-58.367081,PUERTO MADERO,1.0,bice ristorante,Herencia europea (italiana)
node,6221551687,amenity,bar,Cilento,-34.5885394,-58.3957397,RECOLETA,2.0,cilento,Herencia europea (italiana)
node,6283718938,amenity,restaurant,Italia,-34.6060907,-58.42437,ALMAGRO,5.0,italia,Herencia europea (italiana)
node,6283718945,amenity,cafe,Piedimonte,-34.6058202,-58.4256193,ALMAGRO,5.0,piedimonte,Herencia europea (italiana)
node,6332063760,amenity,cafe,D'Amore,-34.5842986,-58.47799,PARQUE CHAS,15.0,d'amore,Herencia europea (italiana)
node,6333440323,amenity,restaurant,Pranzo,-34.5823227,-58.4341108,PALERMO,14.0,pranzo,Herencia europea (italiana)
node,6533261641,amenity,cafe,Traiano,-34.5475552,-58.4661559,NUÑEZ,13.0,traiano,Herencia europea (italiana)
node,6723753563,amenity,restaurant,Teglia,-34.6090525,-58.4412277,CABALLITO,6.0,teglia,Herencia europea (italiana)
node,6728556891,amenity,cafe,Roma Espresso,-34.6203364,-58.4412387,CABALLITO,6.0,roma espresso,Herencia europea (italiana)
node,6927334732,amenity,bar,D'Oro Italian Bar,-34.6098431,-58.3749938,MONSERRAT,1.0,d'oro italian bar,Herencia europea (italiana)
node,6978474485,amenity,bar,Bar Roma,-34.5993646,-58.4088163,BALVANERA,3.0,bar roma,Herencia europea (italiana)
node,7015684102,amenity,restaurant,Cucina Paradiso,-34.5822028,-58.4420385,PALERMO,14.0,cucina paradiso,Herencia europea (italiana)
node,7070340340,amenity,cafe,Piedimonte Full,-34.6058149,-58.4268662,ALMAGRO,5.0,piedimonte full,Herencia europea (italiana)
node,7208782989,amenity,restaurant,Comacchio,-34.6202609,-58.4741311,VILLA SANTA RITA,11.0,comacchio,Herencia europea (italiana)
node,7252109800,amenity,restaurant,Il Fiume,-34.6167904,-58.3630647,PUERTO MADERO,1.0,il fiume,Herencia europea (italiana)
node,7718905842,amenity,cafe,Vai Avanti,-34.5534226,-58.4640921,NUÑEZ,13.0,vai avanti,Herencia europea (italiana)
node,9181378017,amenity,restaurant,Napulé,-34.6256374,-58.4452779,CABALLITO,6.0,napule,Herencia europea (italiana)
node,9480187218,amenity,restaurant,Pippo,-34.6046887,-58.3879954,SAN NICOLAS,1.0,pippo,Herencia europea (italiana)
node,9503462518,amenity,cafe,Stracqua,-34.5829932,-58.4416094,PALERMO,14.0,stracqua,Herencia europea (italiana)
node,9536096525,amenity,bar,Tano Cabron,-34.6019266,-58.4079508,BALVANERA,3.0,tano cabron,Herencia europea (italiana)
node,9687978099,amenity,restaurant,Brucia,-34.5735682,-58.4561491,COLEGIALES,13.0,brucia,Herencia europea (italiana)
node,10241388810,amenity,restaurant,Positano,-34.5777283,-58.460169,COLEGIALES,13.0,positano,Herencia europea (italiana)
node,10341999509,amenity,restaurant,Accademia,-34.5976792,-58.4264801,VILLA CRESPO,15.0,accademia,Herencia europea (italiana)
node,10348570109,amenity,cafe,Freddo,-34.5999282,-58.429615,ALMAGRO,5.0,freddo,Herencia europea (italiana)
node,10579158741,amenity,cafe,Biscottini,-34.5846639,-58.4132017,PALERMO,14.0,biscottini,Herencia europea (italiana)
node,10579289462,amenity,restaurant,Il Migliore,-34.5942358,-58.406244,RECOLETA,2.0,il migliore,Herencia europea (italiana)
node,10695469205,amenity,cafe,Antonietta,-34.5885832,-58.4323346,PALERMO,14.0,antonietta,Herencia europea (italiana)
node,10706693417,amenity,pub,Vaffanculo,-34.5725134,-58.4305552,PALERMO,14.0,vaffanculo,Herencia europea (italiana)
node,10706696976,amenity,cafe,Il Nostro Café,-34.5730847,-58.4392881,PALERMO,14.0,il nostro cafe,Herencia europea (italiana)
node,10816124906,amenity,restaurant,Quotidiano - Bar de Pasta,-34.5890404,-58.3938965,RECOLETA,2.0,quotidiano - bar de pasta,Herencia europea (italiana)
node,10872351277,amenity,cafe,Caffe Nascosto,-34.5646632,-58.4557571,BELGRANO,13.0,caffe nascosto,Herencia europea (italiana)
node,10922935347,amenity,restaurant,Antica Berna,-34.5701996,-58.4447818,COLEGIALES,13.0,antica berna,Herencia europea (italiana)
node,10949088805,amenity,restaurant,Vaffanculo cantina italiana,-34.5723565,-58.4306902,PALERMO,14.0,vaffanculo cantina italiana,Herencia europea (italiana)
node,10951735905,amenity,restaurant,Rondinella,-34.583135,-58.4447378,CHACARITA,15.0,rondinella,Herencia europea (italiana)
node,10979613179,amenity,cafe,Carbonetti,-34.5939173,-58.4141012,RECOLETA,2.0,carbonetti,Herencia europea (italiana)
node,11024133406,amenity,restaurant,Pertutti,-34.6091792,-58.3733278,MONSERRAT,1.0,pertutti,Herencia europea (italiana)
node,11042158007,amenity,cafe,Lievito madre,-34.5916652,-58.4178017,PALERMO,14.0,lievito madre,Herencia europea (italiana)
node,11211319651,amenity,restaurant,Traiano,-34.5468312,-58.4654407,NUÑEZ,13.0,traiano,Herencia europea (italiana)
node,11236100738,amenity,restaurant,La Pesceria,-34.592126,-58.412544,RECOLETA,2.0,la pesceria,Herencia europea (italiana)
node,11270790270,amenity,restaurant,Bellagamba,-34.6279892,-58.4349923,CABALLITO,6.0,bellagamba,Herencia europea (italiana)
node,11310742069,amenity,restaurant,La Porta Nera,-34.5855696,-58.427258,PALERMO,14.0,la porta nera,Herencia europea (italiana)
node,11328300299,amenity,cafe,Martinelli Café,-34.6102973,-58.4436922,CABALLITO,6.0,martinelli cafe,Herencia europea (italiana)
node,11386900002,amenity,restaurant,Bollito,-34.5537142,-58.4369693,BELGRANO,13.0,bollito,Herencia europea (italiana)
node,11386900377,amenity,restaurant,Di Mamma,-34.6072256,-58.4621446,CABALLITO,6.0,di mamma,Herencia europea (italiana)
node,11403826885,amenity,restaurant,La Parolaccia,-34.5880129,-58.390996,RECOLETA,2.0,la parolaccia,Herencia europea (italiana)
node,11414667953,amenity,cafe,Freddo,-34.6042071,-58.3877922,SAN NICOLAS,1.0,freddo,Herencia europea (italiana)
node,11417419434,amenity,restaurant,Cucina Paradiso,-34.6268386,-58.4424096,CABALLITO,6.0,cucina paradiso,Herencia europea (italiana)
node,11432626496,amenity,restaurant,Quotidiano Bar De Pastas,-34.588122,-58.4098601,PALERMO,14.0,quotidiano bar de pastas,Herencia europea (italiana)
node,11502346969,amenity,cafe,Sicilia,-34.6031133,-58.4523954,VILLA CRESPO,15.0,sicilia,Herencia europea (italiana)
node,11511446269,amenity,restaurant,La Sorellina Pizza Bar,-34.5729784,-58.4566843,COLEGIALES,13.0,la sorellina pizza bar,Herencia europea (italiana)
node,11592421859,amenity,restaurant,El Italiano,-34.6044273,-58.4242278,ALMAGRO,5.0,el italiano,Herencia europea (italiana)
node,11753765569,amenity,cafe,La Stampa,-34.5799192,-58.4074725,PALERMO,14.0,la stampa,Herencia europea (italiana)
node,11970771669,amenity,restaurant,Roseta Cuccina Italiana,-34.5959283,-58.3925171,RECOLETA,2.0,roseta cuccina italiana,Herencia europea (italiana)
node,12097637281,amenity,cafe,Al Bacio,-34.5944381,-58.4245809,PALERMO,14.0,al bacio,Herencia europea (italiana)
node,12142730001,amenity,cafe,Tentazioni,-34.5934631,-58.3958095,RECOLETA,2.0,tentazioni,Herencia europea (italiana)
node,12155808901,amenity,cafe,Giuseppe Vicenti,-34.5943152,-58.3984281,RECOLETA,2.0,giuseppe vicenti,Herencia europea (italiana)
node,12181329384,amenity,cafe,Piani,-34.5729395,-58.4321129,PALERMO,14.0,piani,Herencia europea (italiana)
node,12187397373,amenity,cafe,Brera,-34.5965925,-58.4027739,RECOLETA,2.0,brera,Herencia europea (italiana)
node,12249348301,amenity,restaurant,Tomasso,-34.622419,-58.3913727,CONSTITUCION,1.0,tomasso,Herencia europea (italiana)
node,12327847803,amenity,restaurant,Salute Garibaldi,-34.6061988,-58.4411332,CABALLITO,6.0,salute garibaldi,Herencia europea (italiana)
node,12344643701,amenity,cafe,Giusseppe Vicenti,-34.602826,-58.4338562,VILLA CRESPO,15.0,giusseppe vicenti,Herencia europea (italiana)
node,12344808302,amenity,cafe,Terranova,-34.6006862,-58.4360175,VILLA CRESPO,15.0,terranova,Herencia europea (italiana)
node,12387448201,amenity,cafe,Il Doble Far Niente,-34.5848501,-58.437182,PALERMO,14.0,il doble far niente,Herencia europea (italiana)
node,12457225001,amenity,restaurant,Sorrento,-34.6029097,-58.3668116,PUERTO MADERO,1.0,sorrento,Herencia europea (italiana)
node,12472884082,amenity,restaurant,Tallarica,-34.5563388,-58.4477239,BELGRANO,13.0,tallarica,Herencia europea (italiana)
node,12486381606,amenity,restaurant,Allungata,-34.5773088,-58.4305835,PALERMO,14.0,allungata,Herencia europea (italiana)
node,12544905046,amenity,cafe,Martinelli,-34.5896094,-58.4251856,PALERMO,14.0,martinelli,Herencia europea (italiana)
node,12666071895,amenity,restaurant,Antonino,-34.6139734,-58.5248163,VILLA DEVOTO,11.0,antonino,Herencia europea (italiana)
node,12859526804,amenity,restaurant,La Rossi Maniera,-34.5509813,-58.4692749,NUÑEZ,13.0,la rossi maniera,Herencia europea (italiana)
node,12892409837,amenity,restaurant,Vagabondo,-34.6124934,-58.4406934,CABALLITO,6.0,vagabondo,Herencia europea (italiana)
node,12958037575,amenity,cafe,Fiorentina,-34.5759944,-58.4481694,COLEGIALES,13.0,fiorentina,Herencia europea (italiana)
node,12958086793,amenity,restaurant,Nápoli vs Tucumán,-34.6285533,-58.466177,FLORES,7.0,napoli vs tucuman,Herencia europea (italiana)
node,13018026701,amenity,cafe,Costanzo,-34.5917459,-58.3981401,RECOLETA,2.0,costanzo,Herencia europea (italiana)
node,13108095781,amenity,restaurant,Pizza Paradiso,-34.6061582,-58.4514071,VILLA CRESPO,15.0,pizza paradiso,Herencia europea (italiana)
node,13125196101,amenity,restaurant,Il Quotidiano,-34.6257448,-58.434549,CABALLITO,6.0,il quotidiano,Herencia europea (italiana)
node,13152362801,amenity,cafe,Brusco café & Bar,-34.5750632,-58.4382996,PALERMO,14.0,brusco cafe & bar,Herencia europea (italiana)
node,13153979106,amenity,restaurant,Pinuccio,-34.5625269,-58.4579205,BELGRANO,13.0,pinuccio,Herencia europea (italiana)
node,13153980975,amenity,restaurant,Bisatti,-34.5643329,-58.4560774,BELGRANO,13.0,bisatti,Herencia europea (italiana)
node,13161193401,amenity,restaurant,Farfalla,-34.5708166,-58.4334341,PALERMO,14.0,farfalla,Herencia europea (italiana)
node,13243950701,amenity,cafe,La Fonte De Oro,-34.5989824,-58.3826271,RETIRO,1.0,la fonte de oro,Herencia europea (italiana)
node,1402327981,shop,bakery,Tutto Panne,-34.6223042,-58.4438784,CABALLITO,6.0,tutto panne,Herencia europea (italiana)
node,2309600611,shop,bakery,Mangini,-34.569151,-58.4365569,PALERMO,14.0,mangini,Herencia europea (italiana)
node,2561825614,shop,bakery,Spiga,-34.5739425,-58.4323734,PALERMO,14.0,spiga,Herencia europea (italiana)
node,2596173911,shop,bakery,Macarella,-34.5740616,-58.4375542,PALERMO,14.0,macarella,Herencia europea (italiana)
node,2795154439,shop,bakery,Mancini,-34.5815129,-58.4152586,PALERMO,14.0,mancini,Herencia europea (italiana)
node,2971997033,shop,deli,Franco Parma,-34.5900921,-58.4108176,RECOLETA,2.0,franco parma,Herencia europea (italiana)
node,3116612209,shop,ice_cream,La Veneciana,-34.5644927,-58.4372095,PALERMO,14.0,la veneciana,Herencia europea (italiana)
node,3173865194,shop,bakery,Macarro,-34.5940018,-58.3791442,RETIRO,1.0,macarro,Herencia europea (italiana)
node,3181396366,shop,bakery,Tutto Pane,-34.591518,-58.3879658,RECOLETA,2.0,tutto pane,Herencia europea (italiana)
node,3346141301,shop,bakery,Belvedere Panaderia,-34.6251601,-58.4288625,CABALLITO,6.0,belvedere panaderia,Herencia europea (italiana)
node,3517576095,shop,bakery,Bellaria,-34.5729347,-58.4397033,PALERMO,14.0,bellaria,Herencia europea (italiana)
node,3556933603,shop,bakery,Bellaria,-34.5767214,-58.4319101,PALERMO,14.0,bellaria,Herencia europea (italiana)
node,4309172335,shop,bakery,La Gioconda,-34.6130933,-58.4207666,ALMAGRO,5.0,la gioconda,Herencia europea (italiana)
node,4333696348,shop,bakery,Gusto & Piacere,-34.5976088,-58.4391242,VILLA CRESPO,15.0,gusto & piacere,Herencia europea (italiana)
node,4446177043,shop,ice_cream,Alessandro,-34.6392068,-58.5196095,LINIERS,9.0,alessandro,Herencia europea (italiana)
node,4459651092,shop,deli,Franco Parma,-34.5803657,-58.4115294,PALERMO,14.0,franco parma,Herencia europea (italiana)
node,4660556785,shop,bakery,Tullo Pane,-34.6133467,-58.4934039,VILLA DEL PARQUE,11.0,tullo pane,Herencia europea (italiana)
node,4672915751,shop,bakery,Tanoira,-34.617703,-58.3918653,BALVANERA,3.0,tanoira,Herencia europea (italiana)
node,4678694829,shop,deli,Los Luiggis II,-34.6162317,-58.521965,VILLA DEVOTO,11.0,los luiggis ii,Herencia europea (italiana)
node,4706867620,shop,ice_cream,Vía Giovanni,-34.6011086,-58.4315723,VILLA CRESPO,15.0,via giovanni,Herencia europea (italiana)
node,4707360748,shop,ice_cream,Diechi,-34.5958053,-58.3852413,RETIRO,1.0,diechi,Herencia europea (italiana)
node,4709105332,shop,ice_cream,Bianca,-34.5870827,-58.4187182,PALERMO,14.0,bianca,Herencia europea (italiana)
node,4710254521,shop,bakery,Pía Dolce,-34.5854763,-58.4151721,PALERMO,14.0,pia dolce,Herencia europea (italiana)
node,4744332373,shop,bakery,Macarella,-34.5398567,-58.4658002,NUÑEZ,13.0,macarella,Herencia europea (italiana)
node,5397355396,shop,books,Aquilanti Libros Antigüos y Modernos,-34.6102879,-58.396329,BALVANERA,3.0,aquilanti libros antiguos y modernos,Herencia europea (italiana)
node,5978898213,shop,bakery,Medialunas de la Nonna,-34.6399951,-58.5237236,LINIERS,9.0,medialunas de la nonna,Herencia europea (italiana)
node,6296920611,shop,bakery,Mangini,-34.5636378,-58.4386002,PALERMO,14.0,mangini,Herencia europea (italiana)
node,6371477224,shop,bakery,Bellaria,-34.5717884,-58.4457592,COLEGIALES,13.0,bellaria,Herencia europea (italiana)
node,8298607702,shop,bakery,Panadería Giuseppe,-34.6544826,-58.4657317,PARQUE AVELLANEDA,9.0,panaderia giuseppe,Herencia europea (italiana)
node,10573351109,shop,deli,Proviamo,-34.5838219,-58.4126793,PALERMO,14.0,proviamo,Herencia europea (italiana)
node,10573358609,shop,deli,Don Giuseppe,-34.5852748,-58.4127581,PALERMO,14.0,don giuseppe,Herencia europea (italiana)
node,11119845805,shop,deli,Spiedo,-34.5800221,-58.4096736,PALERMO,14.0,spiedo,Herencia europea (italiana)
node,11453900315,shop,deli,Positano,-34.6429008,-58.3752963,BARRACAS,4.0,positano,Herencia europea (italiana)
node,11825700548,shop,bakery,Bellaria,-34.5683567,-58.433974,PALERMO,14.0,bellaria,Herencia europea (italiana)
node,11875205407,shop,bakery,Tutto Pane,-34.5900603,-58.4183625,PALERMO,14.0,tutto pane,Herencia europea (italiana)
node,11974070370,shop,deli,Sopressata,-34.5883356,-58.4033228,RECOLETA,2.0,sopressata,Herencia europea (italiana)
node,12150487002,shop,bakery,Bellaria,-34.5837823,-58.4377143,PALERMO,14.0,bellaria,Herencia europea (italiana)
node,12229237101,shop,bakery,Medialunas de la Nonna,-34.6048825,-58.4565466,VILLA CRESPO,15.0,medialunas de la nonna,Herencia europea (italiana)
node,12331157902,shop,bakery,Colazione All Italiana,-34.634244,-58.5238832,VERSALLES,10.0,colazione all italiana,Herencia europea (italiana)
node,314685053,amenity,restaurant,Voulez Bar,-34.5792027,-58.4126688,PALERMO,14.0,voulez bar,Herencia europea (francesa)
node,917426268,amenity,restaurant,Être,-34.599088,-58.3795873,SAN NICOLAS,1.0,etre,Herencia europea (francesa)
node,1316705419,amenity,restaurant,Lharmonie,-34.5779379,-58.4384228,PALERMO,14.0,lharmonie,Herencia europea (francesa)
node,1629080790,amenity,restaurant,Luan Bistro,-34.5962938,-58.3729409,RETIRO,1.0,luan bistro,Herencia europea (francesa)
node,1641483558,amenity,restaurant,Sirop-Folie,-34.5917834,-58.3893634,RECOLETA,2.0,sirop-folie,Herencia europea (francesa)
node,1671917754,amenity,restaurant,Oui Oui,-34.5775507,-58.4385414,PALERMO,14.0,oui oui,Herencia europea (francesa)
node,1707514899,amenity,cafe,Le Blé,-34.5791052,-58.4546435,COLEGIALES,13.0,le ble,Herencia europea (francesa)
node,1925726820,amenity,cafe,Pain du Jour,-34.5933064,-58.4135359,RECOLETA,2.0,pain du jour,Herencia europea (francesa)
node,2086715081,amenity,cafe,Petit Bon Bon,-34.5948006,-58.4136773,RECOLETA,2.0,petit bon bon,Herencia europea (francesa)
node,2153013030,amenity,cafe,Colette,-34.5837567,-58.3923193,RECOLETA,2.0,colette,Herencia europea (francesa)
node,2283518277,amenity,restaurant,Dadá Bistró,-34.5968178,-58.3742213,RETIRO,1.0,dada bistro,Herencia europea (francesa)
node,2286262632,amenity,restaurant,Niza,-34.5961374,-58.3742428,RETIRO,1.0,niza,Herencia europea (francesa)
node,2288571441,amenity,restaurant,Moliere,-34.5926966,-58.3856805,RETIRO,1.0,moliere,Herencia europea (francesa)
node,2364657142,amenity,restaurant,Brut Nature,-34.5924115,-58.3954376,RECOLETA,2.0,brut nature,Herencia europea (francesa)
node,2368057322,amenity,restaurant,L'Abeille,-34.5916208,-58.3796872,RETIRO,1.0,l'abeille,Herencia europea (francesa)
node,2440315862,amenity,restaurant,Croque Madame,-34.5609191,-58.4559931,BELGRANO,13.0,croque madame,Herencia europea (francesa)
node,2686872528,amenity,restaurant,Moliere,-34.615747,-58.3704632,MONSERRAT,1.0,moliere,Herencia europea (francesa)
node,2822011901,amenity,restaurant,La Madeleine,-34.5959735,-58.3923567,RECOLETA,2.0,la madeleine,Herencia europea (francesa)
node,2836336906,amenity,cafe,Cafe Tabac,-34.580932,-58.4045784,PALERMO,14.0,cafe tabac,Herencia europea (francesa)
node,2924015901,amenity,cafe,Brioche Dorée,-34.6073044,-58.3752375,SAN NICOLAS,1.0,brioche doree,Herencia europea (francesa)
node,2948319533,amenity,restaurant,Petit Plaza,-34.5975188,-58.3842642,RETIRO,1.0,petit plaza,Herencia europea (francesa)
node,2948320041,amenity,cafe,Petit Colón,-34.6024591,-58.3836939,SAN NICOLAS,1.0,petit colon,Herencia europea (francesa)
node,2958884634,amenity,restaurant,Chablis,-34.6051306,-58.3759864,SAN NICOLAS,1.0,chablis,Herencia europea (francesa)
node,2969577068,amenity,cafe,Café de Quartier,-34.5917636,-58.405255,RECOLETA,2.0,cafe de quartier,Herencia europea (francesa)
node,2971999539,amenity,cafe,Pain Du Jour,-34.6131854,-58.3845772,MONSERRAT,1.0,pain du jour,Herencia europea (francesa)
node,3060448733,amenity,restaurant,La Pharmacie,-34.5901566,-58.4147972,PALERMO,14.0,la pharmacie,Herencia europea (francesa)
node,3153491561,amenity,restaurant,Ohlalá,-34.5982477,-58.4008805,RECOLETA,2.0,ohlala,Herencia europea (francesa)
node,3183377462,amenity,cafe,Cafe Lumiere,-34.5974447,-58.3843004,RETIRO,1.0,cafe lumiere,Herencia europea (francesa)
node,3243846439,amenity,cafe,Le Pain Quotidien,-34.5809,-58.4284792,PALERMO,14.0,le pain quotidien,Herencia europea (francesa)
node,3423338918,amenity,restaurant,Planes Bistró,-34.6138352,-58.4532411,CABALLITO,6.0,planes bistro,Herencia europea (francesa)
node,4045892028,amenity,cafe,Le Blé,-34.5664043,-58.4501834,BELGRANO,13.0,le ble,Herencia europea (francesa)
node,4055213841,amenity,cafe,Le Blé,-34.5507097,-58.4525692,BELGRANO,13.0,le ble,Herencia europea (francesa)
node,4119205871,amenity,cafe,Méli Mélo,-34.5570059,-58.4476868,BELGRANO,13.0,meli melo,Herencia europea (francesa)
node,4164205743,amenity,cafe,Le Pain Quotidien,-34.5784666,-58.4377834,PALERMO,14.0,le pain quotidien,Herencia europea (francesa)
node,4224011943,amenity,cafe,Petit Café Devoto,-34.6016109,-58.5046488,VILLA DEL PARQUE,11.0,petit cafe devoto,Herencia europea (francesa)
node,4250863791,amenity,restaurant,Dario Gualtieri Bistro,-34.5915375,-58.4306873,PALERMO,14.0,dario gualtieri bistro,Herencia europea (francesa)
node,4251288289,amenity,cafe,Brioche Dorée,-34.5621226,-58.4563775,BELGRANO,13.0,brioche doree,Herencia europea (francesa)
node,4264690919,amenity,restaurant,Brasserie Petanque,-34.6147351,-58.3716792,MONSERRAT,1.0,brasserie petanque,Herencia europea (francesa)
node,4279416189,amenity,restaurant,Café de la Plaza Bistro,-34.59968,-58.5104232,VILLA DEVOTO,11.0,cafe de la plaza bistro,Herencia europea (francesa)
node,4288062791,amenity,restaurant,Le Roi,-34.6319207,-58.4846909,FLORESTA,10.0,le roi,Herencia europea (francesa)
node,4293917806,amenity,restaurant,Torre Paris,-34.5968072,-58.3843419,RETIRO,1.0,torre paris,Herencia europea (francesa)
node,4313772356,amenity,restaurant,Jolie Bistro,-34.5679505,-58.4650521,BELGRANO,13.0,jolie bistro,Herencia europea (francesa)
node,4319023539,amenity,pub,Único Bar & Bistro,-34.5841565,-58.4365204,PALERMO,14.0,unico bar & bistro,Herencia europea (francesa)
node,4444201894,amenity,cafe,Le Pain Quotidien,-34.5770091,-58.4051465,PALERMO,14.0,le pain quotidien,Herencia europea (francesa)
node,4444702789,amenity,cafe,Le Blé,-34.6195794,-58.3744034,SAN TELMO,1.0,le ble,Herencia europea (francesa)
node,4444732789,amenity,bar,Verne club,-34.59191,-58.419086,PALERMO,14.0,verne club,Herencia europea (francesa)
node,4475799799,amenity,cafe,Le Pain Quotidien,-34.5892074,-58.3936363,RECOLETA,2.0,le pain quotidien,Herencia europea (francesa)
node,4482461294,amenity,restaurant,La Fondue,-34.5733057,-58.4222001,PALERMO,14.0,la fondue,Herencia europea (francesa)
node,4581697994,amenity,cafe,Brioche Doree,-34.5676602,-58.4376206,PALERMO,14.0,brioche doree,Herencia europea (francesa)
node,4593336890,amenity,cafe,Le Ble,-34.5800784,-58.423617,PALERMO,14.0,le ble,Herencia europea (francesa)
node,4625675791,amenity,cafe,Croque Madame,-34.5827654,-58.4005883,PALERMO,14.0,croque madame,Herencia europea (francesa)
node,4635820178,amenity,restaurant,Victorica,-34.5848119,-58.4792846,PARQUE CHAS,15.0,victorica,Herencia europea (francesa)
node,4670221217,amenity,cafe,Brioche Dorée,-34.6006608,-58.3645424,PUERTO MADERO,1.0,brioche doree,Herencia europea (francesa)
node,4672292197,amenity,restaurant,Rivière,-34.6166219,-58.3621686,PUERTO MADERO,1.0,riviere,Herencia europea (francesa)
node,4675260771,amenity,cafe,Valence,-34.5940782,-58.3920003,RECOLETA,2.0,valence,Herencia europea (francesa)
node,4675439248,amenity,restaurant,Ramon Bistro,-34.6105948,-58.3763416,MONSERRAT,1.0,ramon bistro,Herencia europea (francesa)
node,4696178990,amenity,cafe,Le Moulin de la Fleur,-34.5898332,-58.4003852,RECOLETA,2.0,le moulin de la fleur,Herencia europea (francesa)
node,4699668888,amenity,restaurant,La Sandwicherie,-34.6045023,-58.3766427,SAN NICOLAS,1.0,la sandwicherie,Herencia europea (francesa)
node,4832747021,amenity,cafe,Le Pain Quotidien,-34.6014089,-58.3671761,PUERTO MADERO,1.0,le pain quotidien,Herencia europea (francesa)
node,4860583321,amenity,cafe,Le Pain Quotidien,-34.5897936,-58.4276047,PALERMO,14.0,le pain quotidien,Herencia europea (francesa)
node,4888803959,amenity,cafe,Provence,-34.5628902,-58.4507124,BELGRANO,13.0,provence,Herencia europea (francesa)
node,4904147224,amenity,cafe,Le Pain Quotidien,-34.5624005,-58.4527489,BELGRANO,13.0,le pain quotidien,Herencia europea (francesa)
node,4932499018,amenity,restaurant,Xin Le Yuan Mei Shi,-34.5583221,-58.4494683,BELGRANO,13.0,xin le yuan mei shi,Herencia europea (francesa)
node,5041645621,amenity,cafe,Le Pain Quotidien,-34.5881156,-58.38624,RECOLETA,2.0,le pain quotidien,Herencia europea (francesa)
node,5067720934,amenity,bar,Bar La Cigale,-34.6009838,-58.3711812,SAN NICOLAS,1.0,bar la cigale,Herencia europea (francesa)
node,5104441842,amenity,cafe,Le Pain Quotidien,-34.5894228,-58.3937676,RECOLETA,2.0,le pain quotidien,Herencia europea (francesa)
node,5104441843,amenity,cafe,Le Pain Quotidien,-34.5881609,-58.4101841,PALERMO,14.0,le pain quotidien,Herencia europea (francesa)
node,5204795121,amenity,bar,Sabayon,-34.6327976,-58.5002672,VILLA LURO,10.0,sabayon,Herencia europea (francesa)
node,5228448428,amenity,cafe,Le Blé,-34.5746216,-58.4732079,VILLA URQUIZA,12.0,le ble,Herencia europea (francesa)
node,5238938323,amenity,cafe,Café Petit,-34.6486545,-58.5138733,LINIERS,9.0,cafe petit,Herencia europea (francesa)
node,5269980458,amenity,cafe,Le Blé,-34.6251102,-58.4435642,CABALLITO,6.0,le ble,Herencia europea (francesa)
node,5269980459,amenity,cafe,Le Blé,-34.5783274,-58.4861308,VILLA URQUIZA,12.0,le ble,Herencia europea (francesa)
node,5269980460,amenity,cafe,Le Blé,-34.5668871,-58.4316471,PALERMO,14.0,le ble,Herencia europea (francesa)
node,5269980461,amenity,cafe,Le Blé,-34.6111002,-58.433868,CABALLITO,6.0,le ble,Herencia europea (francesa)
node,5269980463,amenity,cafe,Le Blé,-34.5939239,-58.4212187,PALERMO,14.0,le ble,Herencia europea (francesa)
node,5269980467,amenity,cafe,Le Blé,-34.5900587,-58.4462819,CHACARITA,15.0,le ble,Herencia europea (francesa)
node,5269980469,amenity,cafe,Le Blé,-34.5954209,-58.4362162,VILLA CRESPO,15.0,le ble,Herencia europea (francesa)
node,5269980470,amenity,cafe,Le Blé,-34.5572776,-58.4621143,BELGRANO,13.0,le ble,Herencia europea (francesa)
node,5269980471,amenity,cafe,Le Blé,-34.5910794,-58.3908842,RECOLETA,2.0,le ble,Herencia europea (francesa)
node,5269980473,amenity,cafe,Le Blé,-34.6267314,-58.4239458,BOEDO,5.0,le ble,Herencia europea (francesa)
node,5269980474,amenity,cafe,Le Blé,-34.5991147,-58.4162016,ALMAGRO,5.0,le ble,Herencia europea (francesa)
node,5349501721,amenity,cafe,Caffe le caravelle,-34.6024771,-58.3771589,SAN NICOLAS,1.0,caffe le caravelle,Herencia europea (francesa)
node,5353288901,amenity,cafe,Cafe Petit Victoria,-34.5947612,-58.4106808,RECOLETA,2.0,cafe petit victoria,Herencia europea (francesa)
node,5568061029,amenity,cafe,Côte Cafe,-34.5597498,-58.4433308,BELGRANO,13.0,cote cafe,Herencia europea (francesa)
node,5792983486,amenity,cafe,Le Pain Quotidien,-34.5517594,-58.4516753,BELGRANO,13.0,le pain quotidien,Herencia europea (francesa)
node,5986923086,amenity,restaurant,Lo del Francés,-34.6219384,-58.3727445,SAN TELMO,1.0,lo del frances,Herencia europea (francesa)
node,6284632885,amenity,restaurant,Bar! Merci,-34.619495,-58.3724483,SAN TELMO,1.0,bar! merci,Herencia europea (francesa)
node,6396771435,amenity,cafe,Sablée,-34.5557725,-58.4504144,BELGRANO,13.0,sablee,Herencia europea (francesa)
node,6468220522,amenity,cafe,La blonde,-34.6117225,-58.4425966,CABALLITO,6.0,la blonde,Herencia europea (francesa)
node,6521888586,amenity,cafe,Champagne Express,-34.5523248,-58.457633,NUÑEZ,13.0,champagne express,Herencia europea (francesa)
node,6548430885,amenity,cafe,Paul French Gallery,-34.5901453,-58.429908,PALERMO,14.0,paul french gallery,Herencia europea (francesa)
node,6566952253,amenity,cafe,Croque Madame,-34.5996298,-58.3650366,PUERTO MADERO,1.0,croque madame,Herencia europea (francesa)
node,6764306197,amenity,bar,Pain et Vin,-34.5885246,-58.4326369,PALERMO,14.0,pain et vin,Herencia europea (francesa)
node,6958600798,amenity,cafe,La Noire,-34.5877875,-58.4426735,CHACARITA,15.0,la noire,Herencia europea (francesa)
node,6983042685,amenity,restaurant,Je suis raclette,-34.6191918,-58.3727517,SAN TELMO,1.0,je suis raclette,Herencia europea (francesa)
node,7022831886,amenity,bar,Le Troquet de Henry,-34.6023846,-58.413615,ALMAGRO,5.0,le troquet de henry,Herencia europea (francesa)
node,7052695477,amenity,cafe,Café Maitre,-34.5706482,-58.4312057,PALERMO,14.0,cafe maitre,Herencia europea (francesa)
node,8043210932,amenity,restaurant,Champs Elysées,-34.5472614,-58.4476149,BELGRANO,13.0,champs elysees,Herencia europea (francesa)
node,8225674170,amenity,bar,Boulangerie,-34.5911876,-58.4279484,PALERMO,14.0,boulangerie,Herencia europea (francesa)
node,8581272970,amenity,cafe,Le Blé,-34.5390644,-58.4650836,NUÑEZ,13.0,le ble,Herencia europea (francesa)
node,9190177417,amenity,cafe,Gontran Cherrier,-34.5647607,-58.4447097,BELGRANO,13.0,gontran cherrier,Herencia europea (francesa)
node,9190188817,amenity,cafe,La Noire,-34.5756667,-58.4562377,COLEGIALES,13.0,la noire,Herencia europea (francesa)
node,9548541622,amenity,restaurant,Trianon,-34.6230678,-58.4165137,BOEDO,5.0,trianon,Herencia europea (francesa)
node,9884174757,amenity,restaurant,Negroni Bistro & Sushi Bar,-34.5531425,-58.4367268,BELGRANO,13.0,negroni bistro & sushi bar,Herencia europea (francesa)
node,10222647762,amenity,cafe,La blonde,-34.6042921,-58.4478963,VILLA CRESPO,15.0,la blonde,Herencia europea (francesa)
node,10589418205,amenity,cafe,Croque Madame,-34.5807023,-58.4197768,PALERMO,14.0,croque madame,Herencia europea (francesa)
node,10815607005,amenity,cafe,Lharmonie,-34.5787648,-58.4095349,PALERMO,14.0,lharmonie,Herencia europea (francesa)
node,10971295208,amenity,cafe,Le Pain Quotidien,-34.5561412,-58.4143552,PALERMO,14.0,le pain quotidien,Herencia europea (francesa)
node,11005938105,amenity,cafe,Vivant,-34.585384,-58.4206532,PALERMO,14.0,vivant,Herencia europea (francesa)
node,11273417569,amenity,cafe,Le Pain Quotidien,-34.62502,-58.3610407,BOCA,4.0,le pain quotidien,Herencia europea (francesa)
node,11296014069,amenity,restaurant,Croque Madame,-34.5960749,-58.3773095,RETIRO,1.0,croque madame,Herencia europea (francesa)
node,11310679569,amenity,cafe,La Editorial Bistró,-34.5843803,-58.4361091,PALERMO,14.0,la editorial bistro,Herencia europea (francesa)
node,11330206669,amenity,cafe,Croque Madame Vila Crespo,-34.599517,-58.4342481,VILLA CRESPO,15.0,croque madame vila crespo,Herencia europea (francesa)
node,11350739451,amenity,bar,Negroni Bistro & Sushi Bar,-34.6063411,-58.3641368,PUERTO MADERO,1.0,negroni bistro & sushi bar,Herencia europea (francesa)
node,11374867037,amenity,cafe,pret a porter,-34.5880116,-58.4225217,PALERMO,14.0,pret a porter,Herencia europea (francesa)
node,11413726369,amenity,cafe,Croque Madame Colégio Escribanos,-34.5914339,-58.391756,RECOLETA,2.0,croque madame colegio escribanos,Herencia europea (francesa)
node,11533450871,amenity,cafe,Amayta Pâtisserie,-34.5927606,-58.3846916,RETIRO,1.0,amayta patisserie,Herencia europea (francesa)
node,11584548169,amenity,cafe,Le Maulin de la Fleur,-34.5916869,-58.3897305,RECOLETA,2.0,le maulin de la fleur,Herencia europea (francesa)
node,11762201964,amenity,restaurant,L´Aperó,-34.5502238,-58.4578748,NUÑEZ,13.0,l apero,Herencia europea (francesa)
node,11805981669,amenity,cafe,Le Molin de la Fleur,-34.5917243,-58.3897417,RECOLETA,2.0,le molin de la fleur,Herencia europea (francesa)
node,11809794413,amenity,cafe,Le Chic,-34.6083018,-58.4066953,BALVANERA,3.0,le chic,Herencia europea (francesa)
node,11874958169,amenity,cafe,Riche,-34.5932474,-58.3969972,RECOLETA,2.0,riche,Herencia europea (francesa)
node,11895495669,amenity,cafe,Petit green,-34.5771989,-58.4052839,PALERMO,14.0,petit green,Herencia europea (francesa)
node,11961026594,amenity,cafe,Moliere,-34.5972238,-58.3783215,RETIRO,1.0,moliere,Herencia europea (francesa)
node,12125470701,amenity,restaurant,Puro Bistro,-34.5857049,-58.4277347,PALERMO,14.0,puro bistro,Herencia europea (francesa)
node,12175483801,amenity,cafe,Pain de Jour Gluten Free,-34.5607763,-58.452201,BELGRANO,13.0,pain de jour gluten free,Herencia europea (francesa)
node,12176804801,amenity,cafe,Le Ble,-34.6231343,-58.4797305,VILLA SANTA RITA,11.0,le ble,Herencia europea (francesa)
node,12273581345,amenity,cafe,Chantilly,-34.5626822,-58.4517265,BELGRANO,13.0,chantilly,Herencia europea (francesa)
node,12306222701,amenity,restaurant,Negresco Bistró,-34.5983553,-58.3932807,RECOLETA,2.0,negresco bistro,Herencia europea (francesa)
node,12363303501,amenity,restaurant,Je suis Lacan,-34.6165412,-58.3703534,SAN TELMO,1.0,je suis lacan,Herencia europea (francesa)
node,12695685101,amenity,restaurant,Tita la vedette,-34.5941914,-58.4686068,PATERNAL,15.0,tita la vedette,Herencia europea (francesa)
node,12700877302,amenity,cafe,La Brochette,-34.5947891,-58.4048856,RECOLETA,2.0,la brochette,Herencia europea (francesa)
node,13352125163,amenity,cafe,Trois,-34.5427339,-58.4646477,NUÑEZ,13.0,trois,Herencia europea (francesa)
node,1707518252,shop,bakery,L'epi Boulangerie,-34.5815304,-58.4668706,VILLA ORTUZAR,15.0,l'epi boulangerie,Herencia europea (francesa)
node,2366182273,shop,bakery,Paris,-34.5922042,-58.3968701,RECOLETA,2.0,paris,Herencia europea (francesa)
node,2627507398,shop,bakery,Cocu,-34.5912803,-58.4280247,PALERMO,14.0,cocu,Herencia europea (francesa)
node,2767973578,shop,deli,Petit Queso,-34.5888791,-58.3992392,RECOLETA,2.0,petit queso,Herencia europea (francesa)
node,3090970434,shop,deli,L'Artigiano,-34.5646138,-58.4584769,BELGRANO,13.0,l'artigiano,Herencia europea (francesa)
node,4365003158,shop,bakery,La Boulangerie,-34.5566018,-58.4473751,BELGRANO,13.0,la boulangerie,Herencia europea (francesa)
node,4490809633,shop,bakery,Paris,-34.5576251,-58.4608514,BELGRANO,13.0,paris,Herencia europea (francesa)
node,4567504495,shop,bakery,Pâtisserie Française,-34.5857712,-58.4191753,PALERMO,14.0,patisserie francaise,Herencia europea (francesa)
node,4702383150,shop,bakery,La Francesa,-34.6251448,-58.4681641,FLORES,7.0,la francesa,Herencia europea (francesa)
node,4932406772,shop,bakery,Panadería Le Petit II,-34.6295213,-58.4333094,PARQUE CHACABUCO,7.0,panaderia le petit ii,Herencia europea (francesa)
node,4995107753,shop,bakery,Le Panem,-34.5534941,-58.4648314,NUÑEZ,13.0,le panem,Herencia europea (francesa)
node,5051704856,shop,bakery,Chantilly,-34.5623139,-58.444043,BELGRANO,13.0,chantilly,Herencia europea (francesa)
node,5269980472,shop,bakery,Le Blé,-34.5756972,-58.4527722,COLEGIALES,13.0,le ble,Herencia europea (francesa)
node,5777099660,shop,bakery,Belier,-34.5929832,-58.4182186,PALERMO,14.0,belier,Herencia europea (francesa)
node,8454160209,shop,bakery,Le Panem,-34.5852409,-58.4155382,PALERMO,14.0,le panem,Herencia europea (francesa)
node,8454166356,shop,bakery,Caprice,-34.6128756,-58.4345326,CABALLITO,6.0,caprice,Herencia europea (francesa)
node,9392332295,shop,bakery,Co-Pain,-34.6076718,-58.438608,CABALLITO,6.0,co-pain,Herencia europea (francesa)
node,9392344584,shop,bakery,Petit Bouquet,-34.6078853,-58.4413672,CABALLITO,6.0,petit bouquet,Herencia europea (francesa)
node,11160055901,shop,bakery,Le Panem,-34.5954677,-58.4025744,RECOLETA,2.0,le panem,Herencia europea (francesa)
node,11537890669,shop,bakery,Le Ble,-34.581247,-58.4093419,PALERMO,14.0,le ble,Herencia europea (francesa)
node,11538144669,shop,bakery,Atelier Fuerza,-34.5892926,-58.4169876,PALERMO,14.0,atelier fuerza,Herencia europea (francesa)
node,12104453374,shop,bakery,Le Panem,-34.5673692,-58.4426108,PALERMO,14.0,le panem,Herencia europea (francesa)
node,12182713301,shop,bakery,Pain de Jour Gluten Free,-34.598854,-58.3757651,SAN NICOLAS,1.0,pain de jour gluten free,Herencia europea (francesa)
node,12187397961,shop,bakery,Le Panem,-34.5892976,-58.4099903,RECOLETA,2.0,le panem,Herencia europea (francesa)
node,331520104,amenity,restaurant,Las Asturias,-34.6380178,-58.5047043,VILLA LURO,10.0,las asturias,Herencia europea (española)
node,694078616,amenity,restaurant,Club Español,-34.6103651,-58.3804301,MONSERRAT,1.0,club espanol,Herencia europea (española)
node,1112460092,amenity,cafe,El Gallego,-34.5869693,-58.4555047,CHACARITA,15.0,el gallego,Herencia europea (española)
node,1261495667,amenity,restaurant,Covadonga,-34.5948212,-58.3944041,RECOLETA,2.0,covadonga,Herencia europea (española)
node,2276890431,amenity,cafe,Madrid,-34.5558497,-58.4625442,BELGRANO,13.0,madrid,Herencia europea (española)
node,2299878037,amenity,cafe,T'Cocino,-34.598577,-58.4392783,VILLA CRESPO,15.0,t'cocino,Herencia europea (española)
node,2366191589,amenity,restaurant,El Burladero,-34.5913488,-58.3969213,RECOLETA,2.0,el burladero,Herencia europea (española)
node,2734380703,amenity,restaurant,Casal de Catalunya,-34.618115,-58.3760086,SAN TELMO,1.0,casal de catalunya,Herencia europea (española)
node,2778811554,amenity,cafe,La Barcelonesa,-34.5936309,-58.4126233,RECOLETA,2.0,la barcelonesa,Herencia europea (española)
node,3629876621,amenity,restaurant,Tegui,-34.5807367,-58.4372383,PALERMO,14.0,tegui,Herencia europea (española)
node,3638054267,amenity,restaurant,Sánchez & Sánchez,-34.61057,-58.4143481,BALVANERA,3.0,sanchez & sanchez,Herencia europea (española)
node,3855257501,amenity,restaurant,Taberna Baska,-34.6164557,-58.3798149,MONSERRAT,1.0,taberna baska,Herencia europea (española)
node,4251330294,amenity,cafe,La Giralda Cafetería,-34.6039432,-58.3874306,SAN NICOLAS,1.0,la giralda cafeteria,Herencia europea (española)
node,4323884129,amenity,restaurant,Valle Miñor,-34.6394656,-58.49494,VILLA LURO,10.0,valle minor,Herencia europea (española)
node,4608883789,amenity,restaurant,"El Cortijo, Parrilla, Comida española",-34.6091434,-58.3847646,MONSERRAT,1.0,"el cortijo, parrilla, comida espanola",Herencia europea (española)
node,4613066889,amenity,bar,Bar Soria,-34.5882895,-58.4326977,PALERMO,14.0,bar soria,Herencia europea (española)
node,4646165973,amenity,restaurant,Rincón Hispano,-34.6076034,-58.478865,VILLA DEL PARQUE,11.0,rincon hispano,Herencia europea (española)
node,4658024631,amenity,restaurant,Torija,-34.6207269,-58.4912906,FLORESTA,10.0,torija,Herencia europea (española)
node,4673321266,amenity,restaurant,Rioja,-34.6131431,-58.3798063,MONSERRAT,1.0,rioja,Herencia europea (española)
node,4675262341,amenity,restaurant,Paella Valenciana,-34.6089849,-58.3763047,MONSERRAT,1.0,paella valenciana,Herencia europea (española)
node,4677108202,amenity,cafe,Iberia,-34.5999307,-58.4525155,VILLA CRESPO,15.0,iberia,Herencia europea (española)
node,4677181691,amenity,bar,Chupitos,-34.6160143,-58.3732393,MONSERRAT,1.0,chupitos,Herencia europea (española)
node,4678794602,amenity,restaurant,Sagardi,-34.6205773,-58.370339,SAN TELMO,1.0,sagardi,Herencia europea (española)
node,4702072204,amenity,bar,Tancat,-34.5974627,-58.3760581,RETIRO,1.0,tancat,Herencia europea (española)
node,4703726264,amenity,restaurant,Ibérico,-34.5991462,-58.3867233,RETIRO,1.0,iberico,Herencia europea (española)
node,4788714143,amenity,restaurant,Suárez,-34.6023167,-58.3782262,SAN NICOLAS,1.0,suarez,Herencia europea (española)
node,5108597493,amenity,bar,Lady Madrid,-34.5939576,-58.3995189,RECOLETA,2.0,lady madrid,Herencia europea (española)
node,5405017226,amenity,restaurant,Tancat,-34.5975934,-58.3761417,RETIRO,1.0,tancat,Herencia europea (española)
node,6436576617,amenity,restaurant,Gallego,-34.6157134,-58.4142319,ALMAGRO,5.0,gallego,Herencia europea (española)
node,7039581185,amenity,bar,Chaval,-34.5929789,-58.4301611,PALERMO,14.0,chaval,Herencia europea (española)
node,7081515686,amenity,restaurant,La Boqueria,-34.5839766,-58.4284947,PALERMO,14.0,la boqueria,Herencia europea (española)
node,9351296817,amenity,restaurant,El Español,-34.6116927,-58.396088,BALVANERA,3.0,el espanol,Herencia europea (española)
node,9762850719,amenity,bar,Benavente,-34.5948058,-58.4235252,PALERMO,14.0,benavente,Herencia europea (española)
node,10131363312,amenity,cafe,Faro de Ons,-34.6011618,-58.3984961,BALVANERA,3.0,faro de ons,Herencia europea (española)
node,10220101319,amenity,restaurant,Gijon,-34.6168098,-58.3860206,MONSERRAT,1.0,gijon,Herencia europea (española)
node,10221736918,amenity,restaurant,Museo del jamón,-34.6083062,-58.3821421,SAN NICOLAS,1.0,museo del jamon,Herencia europea (española)
node,10728772005,amenity,nightclub,Aribau,-34.5468764,-58.4881302,SAAVEDRA,12.0,aribau,Herencia europea (española)
node,11106199045,amenity,cafe,Goya,-34.6087414,-58.3792811,MONSERRAT,1.0,goya,Herencia europea (española)
node,11124009805,amenity,restaurant,Hispano,-34.6086225,-58.3833958,MONSERRAT,1.0,hispano,Herencia europea (española)
node,11262697238,amenity,bar,Aribau,-34.5811936,-58.4280938,PALERMO,14.0,aribau,Herencia europea (española)
node,11308644106,amenity,restaurant,Alcalá,-34.6042231,-58.4143965,ALMAGRO,5.0,alcala,Herencia europea (española)
node,11347374550,amenity,restaurant,Tapas De Lucía,-34.619157,-58.3725906,SAN TELMO,1.0,tapas de lucia,Herencia europea (española)
node,11978871679,amenity,restaurant,Ultramarinos,-34.558925,-58.448752,BELGRANO,13.0,ultramarinos,Herencia europea (española)
node,12387466602,amenity,cafe,Boiro,-34.600841,-58.4345257,VILLA CRESPO,15.0,boiro,Herencia europea (española)
node,12585312701,amenity,restaurant,Avila,-34.5896542,-58.4252447,PALERMO,14.0,avila,Herencia europea (española)
node,12790152701,amenity,bar,Bar Iberia,-34.6092223,-58.3833694,MONSERRAT,1.0,bar iberia,Herencia europea (española)
node,13280682108,amenity,restaurant,El Roncal,-34.5998515,-58.3714276,SAN NICOLAS,1.0,el roncal,Herencia europea (española)
node,1112458126,shop,bakery,La Barcelonesa,-34.5968914,-58.3962767,RECOLETA,2.0,la barcelonesa,Herencia europea (española)
node,1847493893,shop,bakery,La Barcelonesa,-34.5920957,-58.4116566,RECOLETA,2.0,la barcelonesa,Herencia europea (española)
node,2179910208,shop,books,Galerna,-34.5645018,-58.454865,BELGRANO,13.0,galerna,Herencia europea (española)
node,3124526333,shop,bakery,Toledo,-34.5881374,-58.414693,PALERMO,14.0,toledo,Herencia europea (española)
node,3597230236,shop,bakery,Toledo,-34.5877516,-58.4142297,PALERMO,14.0,toledo,Herencia europea (española)
node,4657022380,shop,bakery,Asturias,-34.5817827,-58.4415552,PALERMO,14.0,asturias,Herencia europea (española)
node,4752858323,shop,bakery,La Barcelonesa,-34.6059613,-58.3950405,BALVANERA,3.0,la barcelonesa,Herencia europea (española)
node,4817190122,shop,bakery,El Sol de Galicia,-34.619099,-58.474613,VILLA SANTA RITA,11.0,el sol de galicia,Herencia europea (española)
node,11117326905,shop,books,Galerna,-34.580676,-58.4106389,PALERMO,14.0,galerna,Herencia europea (española)
node,13307022802,shop,bakery,Toledo,-34.588849,-58.4155592,PALERMO,14.0,toledo,Herencia europea (española)
node,454507944,amenity,restaurant,Armenia,-34.5916034,-58.4308192,PALERMO,14.0,armenia,Herencia de Medio Oriente
node,2179910085,amenity,cafe,Küne,-34.5417384,-58.4747843,SAAVEDRA,12.0,kune,Herencia de Medio Oriente
node,2470497039,amenity,restaurant,Al Rayan,-34.5746886,-58.4847986,VILLA URQUIZA,12.0,al rayan,Herencia de Medio Oriente
node,2729149195,amenity,cafe,Fayer,-34.5761646,-58.4200879,PALERMO,14.0,fayer,Herencia de Medio Oriente
node,3205426299,amenity,restaurant,Veggie Medio Oriente,-34.5886987,-58.3921516,RECOLETA,2.0,veggie medio oriente,Herencia de Medio Oriente
node,3345966793,amenity,restaurant,Cirta shawarma,-34.6250453,-58.4274921,CABALLITO,6.0,cirta shawarma,Herencia de Medio Oriente
node,3665507743,amenity,restaurant,Casablanca,-34.6091502,-58.3935274,BALVANERA,3.0,casablanca,Herencia de Medio Oriente
node,4051012514,amenity,restaurant,Soraya,-34.5700573,-58.4442292,PALERMO,14.0,soraya,Herencia de Medio Oriente
node,4128537137,amenity,restaurant,Garbis,-34.5982162,-58.4278322,VILLA CRESPO,15.0,garbis,Herencia de Medio Oriente
node,4179750290,amenity,restaurant,Sarkis,-34.591306,-58.4362763,VILLA CRESPO,15.0,sarkis,Herencia de Medio Oriente
node,4482432592,amenity,restaurant,al árabe,-34.5873975,-58.4299508,PALERMO,14.0,al arabe,Herencia de Medio Oriente
node,4614702152,amenity,restaurant,Sarkis,-34.6257969,-58.5094632,MONTE CASTRO,10.0,sarkis,Herencia de Medio Oriente
node,4678794628,amenity,restaurant,Jhabibi,-34.6206667,-58.373451,SAN TELMO,1.0,jhabibi,Herencia de Medio Oriente
node,5214354222,amenity,restaurant,Al Amal,-34.5882134,-58.4348688,PALERMO,14.0,al amal,Herencia de Medio Oriente
node,5397354366,amenity,restaurant,Veggie Medio Oriente,-34.6016409,-58.3738954,SAN NICOLAS,1.0,veggie medio oriente,Herencia de Medio Oriente
node,6448883807,amenity,pub,Sobek Bowling & Drinks,-34.6083469,-58.4463684,CABALLITO,6.0,sobek bowling & drinks,Herencia de Medio Oriente
node,6804369823,amenity,restaurant,Al Zein,-34.5635258,-58.4384811,PALERMO,14.0,al zein,Herencia de Medio Oriente
node,9513761450,amenity,restaurant,FAYER Buenos Aires,-34.5760868,-58.4202565,PALERMO,14.0,fayer buenos aires,Herencia de Medio Oriente
node,10852882705,amenity,restaurant,Fenicia,-34.5943543,-58.3798883,RETIRO,1.0,fenicia,Herencia de Medio Oriente
node,11146624246,amenity,cafe,Cafe Armenio,-34.5875252,-58.4139538,PALERMO,14.0,cafe armenio,Herencia de Medio Oriente
node,11345574973,amenity,cafe,Barev,-34.5876339,-58.4182519,PALERMO,14.0,barev,Herencia de Medio Oriente
node,11895076360,amenity,restaurant,Al Rayan,-34.6282971,-58.446768,CABALLITO,6.0,al rayan,Herencia de Medio Oriente
node,11999274409,amenity,restaurant,Sabores de Oriente,-34.6234608,-58.4547318,CABALLITO,6.0,sabores de oriente,Herencia de Medio Oriente
node,12344806403,amenity,restaurant,El Nilo,-34.6000222,-58.4368552,VILLA CRESPO,15.0,el nilo,Herencia de Medio Oriente
node,12385167102,amenity,restaurant,Shami,-34.6161815,-58.4321476,CABALLITO,6.0,shami,Herencia de Medio Oriente
node,12860223569,amenity,cafe,Café Bar Oriente,-34.5791507,-58.4659372,VILLA ORTUZAR,15.0,cafe bar oriente,Herencia de Medio Oriente
node,1678902587,shop,bakery,Marroco SII,-34.6105027,-58.4435291,CABALLITO,6.0,marroco sii,Herencia de Medio Oriente
node,2554591658,shop,bakery,Marroco's,-34.559476,-58.4593627,BELGRANO,13.0,marroco's,Herencia de Medio Oriente
node,4565393270,shop,bakery,El Horno de Medio Oriente,-34.6284065,-58.4000667,SAN CRISTOBAL,3.0,el horno de medio oriente,Herencia de Medio Oriente
node,4699672878,shop,bakery,Marroco's,-34.6175587,-58.437006,CABALLITO,6.0,marroco's,Herencia de Medio Oriente
node,4896263428,shop,bakery,La Tía Siria,-34.5770164,-58.4616156,VILLA ORTUZAR,15.0,la tia siria,Herencia de Medio Oriente
node,7111497595,shop,books,Alamut,-34.5862107,-58.4261645,PALERMO,14.0,alamut,Herencia de Medio Oriente
node,12177324301,shop,bakery,Marrocos,-34.5904654,-58.3988909,RECOLETA,2.0,marrocos,Herencia de Medio Oriente
node,724681573,amenity,restaurant,Asia de Cuba,-34.6071676,-58.3640973,PUERTO MADERO,1.0,asia de cuba,Herencia asiática
node,1108412279,amenity,restaurant,Tian Ying,-34.5995196,-58.3932787,RECOLETA,2.0,tian ying,Herencia asiática
node,1141415156,amenity,bar,Tataki,-34.6038306,-58.3906775,SAN NICOLAS,1.0,tataki,Herencia asiática
node,1144740040,amenity,restaurant,Casita China,-34.5970758,-58.3905474,RECOLETA,2.0,casita china,Herencia asiática
node,1371677550,amenity,restaurant,Restaurant Wakayama,-34.5759488,-58.409895,PALERMO,14.0,restaurant wakayama,Herencia asiática
node,1735975547,amenity,restaurant,La casita china,-34.5758091,-58.4342171,PALERMO,14.0,la casita china,Herencia asiática
node,2093501894,amenity,restaurant,Ya-Mi Food,-34.5563743,-58.4517105,BELGRANO,13.0,ya-mi food,Herencia asiática
node,2102238787,amenity,restaurant,Nobiru,-34.5565081,-58.4500549,BELGRANO,13.0,nobiru,Herencia asiática
node,2135015182,amenity,restaurant,Kyodo,-34.5820968,-58.4044983,PALERMO,14.0,kyodo,Herencia asiática
node,2165996132,amenity,restaurant,Norimōto,-34.5501233,-58.4530677,BELGRANO,13.0,norimoto,Herencia asiática
node,2208152238,amenity,restaurant,Fujisan,-34.5568316,-58.4502368,BELGRANO,13.0,fujisan,Herencia asiática
node,2283524106,amenity,restaurant,Mumbai Mahal,-34.5974321,-58.3733871,RETIRO,1.0,mumbai mahal,Herencia asiática
node,2288555041,amenity,restaurant,Kaffir Thai,-34.597849,-58.3735331,RETIRO,1.0,kaffir thai,Herencia asiática
node,2309602891,amenity,cafe,Nobiru,-34.5564981,-58.4500166,BELGRANO,13.0,nobiru,Herencia asiática
node,2409387666,amenity,cafe,Súper Wok,-34.5398232,-58.4665391,NUÑEZ,13.0,super wok,Herencia asiática
node,2466174597,amenity,restaurant,Chinatown,-34.5571661,-58.4506881,BELGRANO,13.0,chinatown,Herencia asiática
node,2583097696,amenity,restaurant,Lai-Lai,-34.5574829,-58.4506822,BELGRANO,13.0,lai-lai,Herencia asiática
node,2604918378,amenity,restaurant,Retaurant Chino Liz,-34.6016989,-58.452188,VILLA CRESPO,15.0,retaurant chino liz,Herencia asiática
node,2686872486,amenity,restaurant,Chino Central,-34.6081485,-58.3758921,MONSERRAT,1.0,chino central,Herencia asiática
node,2797765653,amenity,restaurant,Kiku,-34.6250919,-58.4281543,CABALLITO,6.0,kiku,Herencia asiática
node,3032824007,amenity,restaurant,Min Min,-34.5648999,-58.4382034,PALERMO,14.0,min min,Herencia asiática
node,3108212036,amenity,restaurant,Tandoor,-34.5937058,-58.407231,RECOLETA,2.0,tandoor,Herencia asiática
node,3153491563,amenity,restaurant,Q I Kai,-34.5978081,-58.4022161,RECOLETA,2.0,q i kai,Herencia asiática
node,3153491962,amenity,restaurant,Aroma China,-34.5967936,-58.406782,RECOLETA,2.0,aroma china,Herencia asiática
node,3162351959,amenity,restaurant,Sakura,-34.5952666,-58.4233714,PALERMO,14.0,sakura,Herencia asiática
node,3174629863,amenity,restaurant,wasabi's,-34.5865582,-58.4290512,PALERMO,14.0,wasabi's,Herencia asiática
node,3178684561,amenity,restaurant,Pekin,-34.5971815,-58.379742,RETIRO,1.0,pekin,Herencia asiática
node,3180535299,amenity,restaurant,SushiClub,-34.6017402,-58.367092,PUERTO MADERO,1.0,sushiclub,Herencia asiática
node,3194504687,amenity,restaurant,Tintorería Yafuso,-34.599238,-58.4357853,VILLA CRESPO,15.0,tintoreria yafuso,Herencia asiática
node,3257422661,amenity,restaurant,Sushi Pop Izakaya Fitz Roy,-34.5810308,-58.4325418,PALERMO,14.0,sushi pop izakaya fitz roy,Herencia asiática
node,3257519864,amenity,restaurant,Lucky Dragon,-34.5793107,-58.4291965,PALERMO,14.0,lucky dragon,Herencia asiática
node,3713748325,amenity,restaurant,Asia Nikkei,-34.5550723,-58.4525477,BELGRANO,13.0,asia nikkei,Herencia asiática
node,3733532916,amenity,nightclub,Phuket,-34.6241078,-58.4275814,CABALLITO,6.0,phuket,Herencia asiática
node,3746419143,amenity,restaurant,Tao Tao,-34.5674479,-58.450217,COLEGIALES,13.0,tao tao,Herencia asiática
node,3805648240,amenity,bar,Budabar,-34.5881872,-58.4266808,PALERMO,14.0,budabar,Herencia asiática
node,3979737801,amenity,restaurant,Wok Express,-34.6065018,-58.3806129,SAN NICOLAS,1.0,wok express,Herencia asiática
node,4154313389,amenity,restaurant,Delhi Darbar,-34.5995638,-58.3721624,SAN NICOLAS,1.0,delhi darbar,Herencia asiática
node,4206116091,amenity,restaurant,Wakusei sushi delivery,-34.5625701,-58.4664025,BELGRANO,13.0,wakusei sushi delivery,Herencia asiática
node,4235559795,amenity,restaurant,Dabbang,-34.5913388,-58.4253343,PALERMO,14.0,dabbang,Herencia asiática
node,4319023503,amenity,restaurant,Dashi House,-34.5849007,-58.4369925,PALERMO,14.0,dashi house,Herencia asiática
node,4471778890,amenity,restaurant,Nueva Casa Japonesa,-34.6218502,-58.3989721,SAN CRISTOBAL,3.0,nueva casa japonesa,Herencia asiática
node,4482489089,amenity,restaurant,Itamae Sushi,-34.5876959,-58.4307771,PALERMO,14.0,itamae sushi,Herencia asiática
node,4565820136,amenity,restaurant,Kobashi Sushi,-34.5611365,-58.464982,BELGRANO,13.0,kobashi sushi,Herencia asiática
node,4569063630,amenity,restaurant,Restaurante Chino,-34.633402,-58.370124,BOCA,4.0,restaurante chino,Herencia asiática
node,4591234193,amenity,restaurant,Fabric Sushi,-34.5794652,-58.4152062,PALERMO,14.0,fabric sushi,Herencia asiática
node,4598961652,amenity,restaurant,Sushi fun,-34.629532,-58.4089927,SAN CRISTOBAL,3.0,sushi fun,Herencia asiática
node,4617585991,amenity,cafe,Pau Pei,-34.5894395,-58.4450418,CHACARITA,15.0,pau pei,Herencia asiática
node,4646026518,amenity,restaurant,China Town El Wok,-34.5627591,-58.4604982,BELGRANO,13.0,china town el wok,Herencia asiática
node,4646026532,amenity,restaurant,Sendai Sushi,-34.5622826,-58.459717,BELGRANO,13.0,sendai sushi,Herencia asiática
node,4653875809,amenity,restaurant,Oniwa Sushi,-34.6002081,-58.5059608,VILLA DEVOTO,11.0,oniwa sushi,Herencia asiática
node,4657335406,amenity,restaurant,Taipei,-34.5948217,-58.5020211,AGRONOMIA,15.0,taipei,Herencia asiática
node,4670184623,amenity,restaurant,Mizuki,-34.6149411,-58.3623608,PUERTO MADERO,1.0,mizuki,Herencia asiática
node,4670216268,amenity,restaurant,Patio Japones,-34.6163148,-58.3617629,PUERTO MADERO,1.0,patio japones,Herencia asiática
node,4670216279,amenity,restaurant,Itamae Sushi,-34.6156114,-58.3630835,PUERTO MADERO,1.0,itamae sushi,Herencia asiática
node,4675262343,amenity,restaurant,Wok Express,-34.6091579,-58.3763005,MONSERRAT,1.0,wok express,Herencia asiática
node,4675344895,amenity,restaurant,Wok Express,-34.6101283,-58.3728415,MONSERRAT,1.0,wok express,Herencia asiática
node,4675378215,amenity,restaurant,Boken Sushi,-34.5836221,-58.4043381,RECOLETA,2.0,boken sushi,Herencia asiática
node,4676959950,amenity,restaurant,Rising Sun,-34.6163067,-58.3716322,SAN TELMO,1.0,rising sun,Herencia asiática
node,4676959958,amenity,restaurant,Delhi Masala,-34.6161995,-58.3716232,SAN TELMO,1.0,delhi masala,Herencia asiática
node,4679188017,amenity,restaurant,Ohmi Sushi,-34.6378067,-58.5033222,VILLA LURO,10.0,ohmi sushi,Herencia asiática
node,4698223309,amenity,restaurant,Fugu Sushi,-34.6248093,-58.4470851,CABALLITO,6.0,fugu sushi,Herencia asiática
node,4698243486,amenity,restaurant,Deli Wok,-34.5930548,-58.3787029,RETIRO,1.0,deli wok,Herencia asiática
node,4700535790,amenity,restaurant,Feng,-34.6016971,-58.4320248,VILLA CRESPO,15.0,feng,Herencia asiática
node,4702320307,amenity,restaurant,Irifune,-34.597497,-58.3734647,RETIRO,1.0,irifune,Herencia asiática
node,4704263844,amenity,restaurant,Dragon Doble,-34.6328321,-58.4784007,FLORESTA,10.0,dragon doble,Herencia asiática
node,4761731622,amenity,restaurant,Deli Wok Express,-34.6092808,-58.3825553,MONSERRAT,1.0,deli wok express,Herencia asiática
node,4792126021,amenity,restaurant,Delhi Mahal,-34.5989593,-58.3832048,RETIRO,1.0,delhi mahal,Herencia asiática
node,4847845821,amenity,restaurant,La Gran Casa Kunjip,-34.6242247,-58.4772914,FLORESTA,10.0,la gran casa kunjip,Herencia asiática
node,4934712021,amenity,bar,Chin Chin,-34.6185946,-58.3728938,SAN TELMO,1.0,chin chin,Herencia asiática
node,4935341421,amenity,restaurant,Fukuro Noodle bar,-34.5832923,-58.433967,PALERMO,14.0,fukuro noodle bar,Herencia asiática
node,5005940402,amenity,restaurant,Royal China,-34.6198398,-58.3650762,PUERTO MADERO,1.0,royal china,Herencia asiática
node,5119866235,amenity,restaurant,SushiClub,-34.6148817,-58.3614685,PUERTO MADERO,1.0,sushiclub,Herencia asiática
node,5267784522,amenity,restaurant,Shiva,-34.5994351,-58.4161942,ALMAGRO,5.0,shiva,Herencia asiática
node,5268160127,amenity,restaurant,Nobiru,-34.5562873,-58.4497423,BELGRANO,13.0,nobiru,Herencia asiática
node,5313837992,amenity,restaurant,SushiBox,-34.6613803,-58.4773837,VILLA LUGANO,8.0,sushibox,Herencia asiática
node,5397318158,amenity,restaurant,Krishna Veggie,-34.5892661,-58.4246291,PALERMO,14.0,krishna veggie,Herencia asiática
node,5426766530,amenity,restaurant,MarSushi,-34.5734837,-58.4739718,VILLA URQUIZA,12.0,marsushi,Herencia asiática
node,5457773822,amenity,restaurant,Kanú sushi,-34.5872538,-58.4277469,PALERMO,14.0,kanu sushi,Herencia asiática
node,5583534764,amenity,restaurant,Mandarín,-34.5900993,-58.403125,RECOLETA,2.0,mandarin,Herencia asiática
node,5627843021,amenity,restaurant,Hakka,-34.5555912,-58.452344,BELGRANO,13.0,hakka,Herencia asiática
node,5748091321,amenity,restaurant,Koh Lanta,-34.5917246,-58.4273022,PALERMO,14.0,koh lanta,Herencia asiática
node,5777013856,amenity,restaurant,Jiro,-34.5952505,-58.421121,PALERMO,14.0,jiro,Herencia asiática
node,5777018855,amenity,restaurant,SushiLife,-34.5948945,-58.4195755,PALERMO,14.0,sushilife,Herencia asiática
node,6086342575,amenity,restaurant,SushiPop Izakaya,-34.593703,-58.4142381,PALERMO,14.0,sushipop izakaya,Herencia asiática
node,6238023387,amenity,restaurant,El Quinto Cocina Asiática,-34.5794344,-58.4389626,PALERMO,14.0,el quinto cocina asiatica,Herencia asiática
node,6295803786,amenity,restaurant,Saigon,-34.6194538,-58.3728689,SAN TELMO,1.0,saigon,Herencia asiática
node,6354864488,amenity,restaurant,Mian,-34.5562076,-58.4518809,BELGRANO,13.0,mian,Herencia asiática
node,6358523785,amenity,restaurant,Sunae Asian Cantina,-34.5853794,-58.436129,PALERMO,14.0,sunae asian cantina,Herencia asiática
node,6601227885,amenity,bar,Niji,-34.5537448,-58.4647712,NUÑEZ,13.0,niji,Herencia asiática
node,6681563175,amenity,restaurant,Restaurante Yugane,-34.6227475,-58.4760243,FLORES,7.0,restaurante yugane,Herencia asiática
node,6751548435,amenity,restaurant,Bar Nare Sushi,-34.5580211,-58.447314,BELGRANO,13.0,bar nare sushi,Herencia asiática
node,6863797291,amenity,restaurant,Club M Omakase,-34.5784267,-58.4377793,PALERMO,14.0,club m omakase,Herencia asiática
node,6909435190,amenity,restaurant,Feng Wei,-34.5582834,-58.4495703,BELGRANO,13.0,feng wei,Herencia asiática
node,7018319085,amenity,restaurant,Nikkai,-34.61754,-58.3763648,SAN TELMO,1.0,nikkai,Herencia asiática
node,7111368885,amenity,restaurant,Mr. Ho,-34.5977855,-58.3794945,RETIRO,1.0,mr. ho,Herencia asiática
node,7167222159,amenity,restaurant,Ma La Tang,-34.5561543,-58.4494948,BELGRANO,13.0,ma la tang,Herencia asiática
node,7248663179,amenity,restaurant,Pekín,-34.6200086,-58.4568727,FLORES,7.0,pekin,Herencia asiática
node,7252010185,amenity,restaurant,Chinofino,-34.5907481,-58.4292478,PALERMO,14.0,chinofino,Herencia asiática
node,7725952997,amenity,cafe,Kaiteki,-34.5677057,-58.4553573,BELGRANO,13.0,kaiteki,Herencia asiática
node,8067014095,amenity,cafe,Moshu,-34.5489051,-58.4723577,SAAVEDRA,12.0,moshu,Herencia asiática
node,9196468017,amenity,restaurant,Saigón,-34.5893823,-58.4222054,PALERMO,14.0,saigon,Herencia asiática
node,9297959054,amenity,cafe,Yapan,-34.5492551,-58.4559721,NUÑEZ,13.0,yapan,Herencia asiática
node,9472917735,amenity,restaurant,Fabric Sushi,-34.6117024,-58.4420837,CABALLITO,6.0,fabric sushi,Herencia asiática
node,10198618657,amenity,restaurant,Ma La Tang,-34.5560987,-58.4494232,BELGRANO,13.0,ma la tang,Herencia asiática
node,10202735917,amenity,restaurant,Korean bbq,-34.5842713,-58.4381099,PALERMO,14.0,korean bbq,Herencia asiática
node,10202746817,amenity,restaurant,Agua - Asian Bites,-34.5831713,-58.4357287,PALERMO,14.0,agua - asian bites,Herencia asiática
node,10554489865,amenity,restaurant,La Causa Nikkei,-34.5802259,-58.409106,PALERMO,14.0,la causa nikkei,Herencia asiática
node,10575653541,amenity,bar,Cochinchina,-34.590336,-58.4288565,PALERMO,14.0,cochinchina,Herencia asiática
node,10608444505,amenity,restaurant,Beijing,-34.5889113,-58.3911371,RECOLETA,2.0,beijing,Herencia asiática
node,10674330563,amenity,restaurant,HANA Poke & Bar,-34.581789,-58.4337732,PALERMO,14.0,hana poke & bar,Herencia asiática
node,10678689977,amenity,restaurant,Murasaki,-34.5966151,-58.3751071,RETIRO,1.0,murasaki,Herencia asiática
node,10692356005,amenity,restaurant,Dashimaki,-34.6234035,-58.4767923,FLORES,7.0,dashimaki,Herencia asiática
node,10693193216,amenity,restaurant,Haku Mikhuq,-34.6044464,-58.397162,BALVANERA,3.0,haku mikhuq,Herencia asiática
node,10789193762,amenity,cafe,Jeju,-34.5576447,-58.4488151,BELGRANO,13.0,jeju,Herencia asiática
node,11013034305,amenity,restaurant,Dashi,-34.5774938,-58.4031845,PALERMO,14.0,dashi,Herencia asiática
node,11034397405,amenity,cafe,Moshu,-34.5872909,-58.4233703,PALERMO,14.0,moshu,Herencia asiática
node,11062541605,amenity,restaurant,Bi-Won,-34.6027321,-58.3970447,BALVANERA,3.0,bi-won,Herencia asiática
node,11102984202,amenity,restaurant,KOI Dumplings,-34.594397,-58.4245094,PALERMO,14.0,koi dumplings,Herencia asiática
node,11158242948,amenity,restaurant,Yatai Yatoi,-34.5586216,-58.4492587,BELGRANO,13.0,yatai yatoi,Herencia asiática
node,11260044805,amenity,cafe,Jisu,-34.5991065,-58.3643868,PUERTO MADERO,1.0,jisu,Herencia asiática
node,11274086840,amenity,restaurant,Luxushi,-34.5959006,-58.381277,RETIRO,1.0,luxushi,Herencia asiática
node,11292276443,amenity,restaurant,Tayaki,-34.5568916,-58.4523198,BELGRANO,13.0,tayaki,Herencia asiática
node,11345574670,amenity,restaurant,Yuzu,-34.5921064,-58.4145319,PALERMO,14.0,yuzu,Herencia asiática
node,11371387469,amenity,restaurant,Masago Sushi,-34.5836185,-58.4227354,PALERMO,14.0,masago sushi,Herencia asiática
node,11374843861,amenity,restaurant,Ganesha - Arts & Pizza,-34.5767859,-58.4340993,PALERMO,14.0,ganesha - arts & pizza,Herencia asiática
node,11383004770,amenity,restaurant,Taj Mahal,-34.5900062,-58.422704,PALERMO,14.0,taj mahal,Herencia asiática
node,11456429369,amenity,restaurant,Namida,-34.5818341,-58.4371299,PALERMO,14.0,namida,Herencia asiática
node,11470550370,amenity,cafe,Hiro,-34.6186396,-58.3766261,SAN TELMO,1.0,hiro,Herencia asiática
node,11525255870,amenity,restaurant,Mikhuna,-34.5875653,-58.4220456,PALERMO,14.0,mikhuna,Herencia asiática
node,11547334969,amenity,cafe,Katsu,-34.5825655,-58.4274884,PALERMO,14.0,katsu,Herencia asiática
node,11633448405,amenity,restaurant,Liangliang Barbecue,-34.556088,-58.4498969,BELGRANO,13.0,liangliang barbecue,Herencia asiática
node,11649862967,amenity,restaurant,Fa Song Song,-34.5965017,-58.3783831,RETIRO,1.0,fa song song,Herencia asiática
node,11683827714,amenity,restaurant,Burma,-34.5662619,-58.4798742,VILLA URQUIZA,12.0,burma,Herencia asiática
node,11721707837,amenity,cafe,Toki,-34.5963924,-58.3761884,RETIRO,1.0,toki,Herencia asiática
node,11784041449,amenity,restaurant,Fabric Sushi,-34.6249508,-58.4415374,CABALLITO,6.0,fabric sushi,Herencia asiática
node,11870969533,amenity,restaurant,Jiro Sushi caballito,-34.6242726,-58.4271804,BOEDO,5.0,jiro sushi caballito,Herencia asiática
node,11999269393,amenity,restaurant,Asia Box,-34.6234443,-58.4546818,CABALLITO,6.0,asia box,Herencia asiática
node,12038360863,amenity,restaurant,Kanji,-34.5909819,-58.425391,PALERMO,14.0,kanji,Herencia asiática
node,12111681212,amenity,cafe,Taré,-34.5599626,-58.4463636,BELGRANO,13.0,tare,Herencia asiática
node,12117992901,amenity,bar,Kowloon,-34.600182,-58.4167964,ALMAGRO,5.0,kowloon,Herencia asiática
node,12140472840,amenity,restaurant,KOI Dumplings,-34.573655,-58.4742424,VILLA URQUIZA,12.0,koi dumplings,Herencia asiática
node,12168414401,amenity,restaurant,Suship,-34.5939651,-58.3998472,RECOLETA,2.0,suship,Herencia asiática
node,12247200501,amenity,restaurant,Sushiclub,-34.5594949,-58.4544909,BELGRANO,13.0,sushiclub,Herencia asiática
node,12249344802,amenity,restaurant,Shangai Express,-34.6068933,-58.4614588,CABALLITO,6.0,shangai express,Herencia asiática
node,12387263402,amenity,restaurant,Bao Kitchen,-34.5836666,-58.4375856,PALERMO,14.0,bao kitchen,Herencia asiática
node,12392925301,amenity,bar,Koko Bao Bar,-34.5825874,-58.4421248,PALERMO,14.0,koko bao bar,Herencia asiática
node,12400360565,amenity,restaurant,Bharat,-34.6099435,-58.3634439,PUERTO MADERO,1.0,bharat,Herencia asiática
node,12457315702,amenity,restaurant,China,-34.6026814,-58.3670173,PUERTO MADERO,1.0,china,Herencia asiática
node,12650536601,amenity,restaurant,Tori Tori,-34.5964079,-58.4046896,RECOLETA,2.0,tori tori,Herencia asiática
node,12860008215,amenity,restaurant,Kuro Kuma,-34.556172,-58.4535554,BELGRANO,13.0,kuro kuma,Herencia asiática
node,12885406010,amenity,restaurant,Mahjong,-34.5563523,-58.4532304,BELGRANO,13.0,mahjong,Herencia asiática
node,12978180096,amenity,cafe,Ginko,-34.6014426,-58.3780973,SAN NICOLAS,1.0,ginko,Herencia asiática
node,13076662884,amenity,cafe,Kaido,-34.6073752,-58.4498517,CABALLITO,6.0,kaido,Herencia asiática
node,13091747240,amenity,restaurant,Okaeri,-34.5566689,-58.4527774,BELGRANO,13.0,okaeri,Herencia asiática
node,13092960653,amenity,restaurant,Baos,-34.5566341,-58.4526055,BELGRANO,13.0,baos,Herencia asiática
node,13153979107,amenity,restaurant,Yuki,-34.5556507,-58.4509034,BELGRANO,13.0,yuki,Herencia asiática
node,13188031801,amenity,restaurant,Shanghai Ting's,-34.5883388,-58.404279,RECOLETA,2.0,shanghai ting's,Herencia asiática
node,13251042219,amenity,restaurant,Takumi,-34.5570874,-58.4520219,BELGRANO,13.0,takumi,Herencia asiática
node,13288427601,amenity,restaurant,Sombrero Chino,-34.6359681,-58.4694819,FLORES,7.0,sombrero chino,Herencia asiática
node,4497466533,shop,deli,Umai Gourmet,-34.5848713,-58.418803,PALERMO,14.0,umai gourmet,Herencia asiática
node,4553018827,shop,books,Bushido Libros,-34.5808215,-58.421963,PALERMO,14.0,bushido libros,Herencia asiática
node,12459865748,shop,bakery,Kumo,-34.5579594,-58.4496614,BELGRANO,13.0,kumo,Herencia asiática
node,247463215,amenity,restaurant,Restaurant Museo Evita,-34.5805799,-58.4149412,PALERMO,14.0,restaurant museo evita,Folklore y cultura local argentina
node,331521783,amenity,restaurant,El Argentino,-34.6381513,-58.5033989,VILLA LURO,10.0,el argentino,Folklore y cultura local argentina
node,724705239,amenity,restaurant,Gourmet Porteño,-34.6213018,-58.3649101,PUERTO MADERO,1.0,gourmet porteno,Folklore y cultura local argentina
node,1109818967,amenity,theatre,Teatro del Picadero,-34.6039917,-58.3934529,BALVANERA,3.0,teatro del picadero,Folklore y cultura local argentina
node,1134640853,amenity,restaurant,Parrilla Peña,-34.601173,-58.3915008,SAN NICOLAS,1.0,parrilla pena,Folklore y cultura local argentina
node,1164396117,amenity,restaurant,Las Cholas,-34.5712195,-58.4305437,PALERMO,14.0,las cholas,Folklore y cultura local argentina
node,1178026351,amenity,theatre,Regio,-34.5842642,-58.445664,CHACARITA,15.0,regio,Folklore y cultura local argentina
node,1186333779,amenity,restaurant,Aires Criollos,-34.5957052,-58.3927608,RECOLETA,2.0,aires criollos,Folklore y cultura local argentina
node,1487968696,amenity,restaurant,Pampa Mía,-34.5916706,-58.5036322,VILLA PUEYRREDON,12.0,pampa mia,Folklore y cultura local argentina
node,1490044724,amenity,restaurant,La Cholita,-34.5954311,-58.3918532,RECOLETA,2.0,la cholita,Folklore y cultura local argentina
node,1678512609,amenity,theatre,Teatro Paseo La Plaza,-34.6050347,-58.3901408,SAN NICOLAS,1.0,teatro paseo la plaza,Folklore y cultura local argentina
node,2075595299,amenity,bar,Patagonia,-34.6204195,-58.3722558,SAN TELMO,1.0,patagonia,Folklore y cultura local argentina
node,2094166779,amenity,restaurant,Almacén de Pizzas,-34.5507318,-58.4531414,BELGRANO,13.0,almacen de pizzas,Folklore y cultura local argentina
node,2151939870,amenity,restaurant,Parrilla Amiga,-34.5524412,-58.4546835,BELGRANO,13.0,parrilla amiga,Folklore y cultura local argentina
node,2253881826,amenity,pub,Maldita Birra,-34.5514075,-58.4544966,BELGRANO,13.0,maldita birra,Folklore y cultura local argentina
node,2261737135,amenity,restaurant,Dragón Porteño,-34.5577846,-58.4501839,BELGRANO,13.0,dragon porteno,Folklore y cultura local argentina
node,2266519439,amenity,restaurant,La Querencia,-34.5928733,-58.3972068,RECOLETA,2.0,la querencia,Folklore y cultura local argentina
node,2276921299,amenity,restaurant,La Estancia,-34.5830529,-58.4193008,PALERMO,14.0,la estancia,Folklore y cultura local argentina
node,2294951563,amenity,restaurant,Rincón norteño,-34.5850694,-58.499915,VILLA PUEYRREDON,12.0,rincon norteno,Folklore y cultura local argentina
node,2299878039,amenity,pub,La Birreria,-34.5979973,-58.4384314,VILLA CRESPO,15.0,la birreria,Folklore y cultura local argentina
node,2364659493,amenity,restaurant,Club de la Birra,-34.5879376,-58.3908991,RECOLETA,2.0,club de la birra,Folklore y cultura local argentina
node,2452509564,amenity,restaurant,Parrilla Aires de Campo,-34.5618893,-58.4730612,COGHLAN,12.0,parrilla aires de campo,Folklore y cultura local argentina
node,2472971039,amenity,restaurant,Los Gauchos,-34.6160997,-58.3713568,SAN TELMO,1.0,los gauchos,Folklore y cultura local argentina
node,2511119783,amenity,restaurant,Club Milanesa,-34.5524675,-58.4498875,BELGRANO,13.0,club milanesa,Folklore y cultura local argentina
node,2550089779,amenity,bar,Casona cultural Humahuaca,-34.6029403,-58.41456,ALMAGRO,5.0,casona cultural humahuaca,Folklore y cultura local argentina
node,2567416378,amenity,cafe,Fileteados Porteños Club de Café,-34.6196227,-58.3716368,SAN TELMO,1.0,fileteados portenos club de cafe,Folklore y cultura local argentina
node,2582833783,amenity,restaurant,El Gaucho,-34.6025756,-58.3790645,SAN NICOLAS,1.0,el gaucho,Folklore y cultura local argentina
node,2596173916,amenity,restaurant,Amores Porteños,-34.5753768,-58.4402614,PALERMO,14.0,amores portenos,Folklore y cultura local argentina
node,2665368703,amenity,restaurant,Club de la Milanesa,-34.587845,-58.3953705,RECOLETA,2.0,club de la milanesa,Folklore y cultura local argentina
node,2666926105,amenity,restaurant,Che Taco,-34.6180233,-58.37027,SAN TELMO,1.0,che taco,Folklore y cultura local argentina
node,2703556109,amenity,restaurant,Fortín Salteño,-34.5414665,-58.4740832,SAAVEDRA,12.0,fortin salteno,Folklore y cultura local argentina
node,2723559806,amenity,restaurant,Bar Los Laureles,-34.6495516,-58.3794547,BARRACAS,4.0,bar los laureles,Folklore y cultura local argentina
node,2728140180,amenity,restaurant,Los Laurelitos,-34.6507841,-58.3809382,BARRACAS,4.0,los laurelitos,Folklore y cultura local argentina
node,2753918554,amenity,restaurant,Sabores de Patagonia,-34.6195033,-58.3651069,PUERTO MADERO,1.0,sabores de patagonia,Folklore y cultura local argentina
node,2756476796,amenity,restaurant,La Entrerriana,-34.5979931,-58.4165015,ALMAGRO,5.0,la entrerriana,Folklore y cultura local argentina
node,2791688633,amenity,cafe,Almacen de Pizzas,-34.5794421,-58.4119747,PALERMO,14.0,almacen de pizzas,Folklore y cultura local argentina
node,2797765652,amenity,restaurant,Fiera,-34.6257152,-58.4312029,CABALLITO,6.0,fiera,Folklore y cultura local argentina
node,2817114901,amenity,restaurant,Zapi,-34.5965464,-58.4168378,PALERMO,14.0,zapi,Folklore y cultura local argentina
node,2822012002,amenity,restaurant,Buenos Aires Grill,-34.5959797,-58.3944191,RECOLETA,2.0,buenos aires grill,Folklore y cultura local argentina
node,2824810082,amenity,cafe,Los Corrales,-34.6409065,-58.4047788,PARQUE PATRICIOS,4.0,los corrales,Folklore y cultura local argentina
node,2896380230,amenity,restaurant,Rincón Norteño,-34.5541682,-58.4484346,BELGRANO,13.0,rincon norteno,Folklore y cultura local argentina
node,2924015902,amenity,cafe,Tobas Café,-34.6072749,-58.3753024,SAN NICOLAS,1.0,tobas cafe,Folklore y cultura local argentina
node,2998119689,amenity,theatre,Teatro Colonial,-34.6125849,-58.3696706,MONSERRAT,1.0,teatro colonial,Folklore y cultura local argentina
node,3017287754,amenity,restaurant,Patagones,-34.6383342,-58.4048298,PARQUE PATRICIOS,4.0,patagones,Folklore y cultura local argentina
node,3019249333,amenity,bar,El Bondi,-34.6380917,-58.5253461,LINIERS,9.0,el bondi,Folklore y cultura local argentina
node,3086708139,amenity,restaurant,La Parri,-34.5642105,-58.4798251,VILLA URQUIZA,12.0,la parri,Folklore y cultura local argentina
node,3179550394,amenity,restaurant,Brasas Argentinas,-34.6105485,-58.3660205,PUERTO MADERO,1.0,brasas argentinas,Folklore y cultura local argentina
node,3257422362,amenity,restaurant,Almacén de Pizzas,-34.5817127,-58.4336205,PALERMO,14.0,almacen de pizzas,Folklore y cultura local argentina
node,3257422565,amenity,restaurant,La Pascana,-34.580351,-58.4300018,PALERMO,14.0,la pascana,Folklore y cultura local argentina
node,3275071262,amenity,theatre,Chacarerean Teatre,-34.581832,-58.4330597,PALERMO,14.0,chacarerean teatre,Folklore y cultura local argentina
node,3331920777,amenity,restaurant,El Horno del Norte,-34.5770882,-58.4358528,PALERMO,14.0,el horno del norte,Folklore y cultura local argentina
node,3345982458,amenity,restaurant,La muzzicata,-34.6276325,-58.4297089,PARQUE CHACABUCO,7.0,la muzzicata,Folklore y cultura local argentina
node,3346059172,amenity,restaurant,Pucará,-34.6221774,-58.4293181,CABALLITO,6.0,pucara,Folklore y cultura local argentina
node,3416796208,amenity,restaurant,Minga,-34.5892641,-58.4255509,PALERMO,14.0,minga,Folklore y cultura local argentina
node,3430950457,amenity,restaurant,El Sanjuanino,-34.5872658,-58.3873858,RECOLETA,2.0,el sanjuanino,Folklore y cultura local argentina
node,3482789383,amenity,cafe,Erre,-34.5851815,-58.4246854,PALERMO,14.0,erre,Folklore y cultura local argentina
node,3505718818,amenity,restaurant,Punto Criollo,-34.6006558,-58.441609,VILLA CRESPO,15.0,punto criollo,Folklore y cultura local argentina
node,3605864174,amenity,restaurant,Telmo Deli,-34.6168827,-58.3758635,SAN TELMO,1.0,telmo deli,Folklore y cultura local argentina
node,3611215091,amenity,restaurant,Pizzeria El Huracan,-34.6363934,-58.4023329,PARQUE PATRICIOS,4.0,pizzeria el huracan,Folklore y cultura local argentina
node,3677081025,amenity,restaurant,El Bagual,-34.5695226,-58.4320909,PALERMO,14.0,el bagual,Folklore y cultura local argentina
node,3767790054,amenity,cafe,Hora Libre,-34.5872419,-58.4159484,PALERMO,14.0,hora libre,Folklore y cultura local argentina
node,3779075013,amenity,theatre,UOCRA Cultura,-34.6124854,-58.4254312,ALMAGRO,5.0,uocra cultura,Folklore y cultura local argentina
node,3800000759,amenity,restaurant,Comidas tradicionales,-34.6050052,-58.4934511,VILLA DEL PARQUE,11.0,comidas tradicionales,Folklore y cultura local argentina
node,4228636828,amenity,cafe,Cabaña Tuyu,-34.5648426,-58.452089,BELGRANO,13.0,cabana tuyu,Folklore y cultura local argentina
node,4232934290,amenity,restaurant,Campo Porteño,-34.5659589,-58.4635166,BELGRANO,13.0,campo porteno,Folklore y cultura local argentina
node,4250864090,amenity,restaurant,Los Muchachos de Punto y Banca,-34.5918975,-58.4135823,PALERMO,14.0,los muchachos de punto y banca,Folklore y cultura local argentina
node,4294055989,amenity,restaurant,Club Milanesa,-34.6174611,-58.434973,CABALLITO,6.0,club milanesa,Folklore y cultura local argentina
node,4315225513,amenity,restaurant,Almacén de Pizzas,-34.5713682,-58.4586168,COLEGIALES,13.0,almacen de pizzas,Folklore y cultura local argentina
node,4319023513,amenity,bar,Nativo,-34.585752,-58.4383537,PALERMO,14.0,nativo,Folklore y cultura local argentina
node,4319023517,amenity,restaurant,Sudestada,-34.5803377,-58.4321742,PALERMO,14.0,sudestada,Folklore y cultura local argentina
node,4319023520,amenity,restaurant,The Argentine Experience,-34.5806233,-58.4325176,PALERMO,14.0,the argentine experience,Folklore y cultura local argentina
node,4327965344,amenity,restaurant,Patagonia Sur,-34.6402121,-58.3619529,BOCA,4.0,patagonia sur,Folklore y cultura local argentina
node,4361717489,amenity,bar,Amores Porteños,-34.5745092,-58.4395593,PALERMO,14.0,amores portenos,Folklore y cultura local argentina
node,4419037771,amenity,theatre,Circo Criollo,-34.616786,-58.3886878,MONSERRAT,1.0,circo criollo,Folklore y cultura local argentina
node,4427186389,amenity,restaurant,Club de la Milanesa,-34.584145,-58.4384199,PALERMO,14.0,club de la milanesa,Folklore y cultura local argentina
node,4551616521,amenity,restaurant,Campo Porteño,-34.5702739,-58.4019521,PALERMO,14.0,campo porteno,Folklore y cultura local argentina
node,4564039881,amenity,restaurant,Gauchito Grill Express,-34.6281678,-58.3813197,CONSTITUCION,1.0,gauchito grill express,Folklore y cultura local argentina
node,4565393418,amenity,restaurant,Parrilla al Carbon,-34.6288142,-58.4034419,SAN CRISTOBAL,3.0,parrilla al carbon,Folklore y cultura local argentina
node,4565922784,amenity,restaurant,A Lo Más Pancho,-34.6255956,-58.3824258,CONSTITUCION,1.0,a lo mas pancho,Folklore y cultura local argentina
node,4569623148,amenity,restaurant,Bar Argerich,-34.6279379,-58.3665539,BOCA,4.0,bar argerich,Folklore y cultura local argentina
node,4585743179,amenity,restaurant,Bombonera Sandwichería,-34.6604529,-58.4415173,VILLA SOLDATI,8.0,bombonera sandwicheria,Folklore y cultura local argentina
node,4585797858,amenity,restaurant,La Recova de Soldati,-34.6593905,-58.4427971,VILLA SOLDATI,8.0,la recova de soldati,Folklore y cultura local argentina
node,4589397571,amenity,restaurant,Pizzas and Empanadas,-34.6409487,-58.4207267,NUEVA POMPEYA,4.0,pizzas and empanadas,Folklore y cultura local argentina
node,4589931590,amenity,restaurant,Restaurant Peña Criolla,-34.6451787,-58.4159792,NUEVA POMPEYA,4.0,restaurant pena criolla,Folklore y cultura local argentina
node,4589936879,amenity,cafe,Saujil,-34.6392611,-58.4171797,NUEVA POMPEYA,4.0,saujil,Folklore y cultura local argentina
node,4598961620,amenity,restaurant,Rey de Copas,-34.6304777,-58.4176325,BOEDO,5.0,rey de copas,Folklore y cultura local argentina
node,4602555967,amenity,restaurant,Parrilla El Estádio,-34.6417366,-58.3949353,PARQUE PATRICIOS,4.0,parrilla el estadio,Folklore y cultura local argentina
node,4602966437,amenity,restaurant,Piedra Libre,-34.6489945,-58.3783593,BARRACAS,4.0,piedra libre,Folklore y cultura local argentina
node,4604492726,amenity,restaurant,Che Pizza,-34.6513751,-58.3979603,BARRACAS,4.0,che pizza,Folklore y cultura local argentina
node,4623993410,amenity,restaurant,Los Tulumbanos,-34.6619319,-58.5054696,MATADEROS,9.0,los tulumbanos,Folklore y cultura local argentina
node,4633147722,amenity,bar,Piba,-34.5788149,-58.4127081,PALERMO,14.0,piba,Folklore y cultura local argentina
node,4650311265,amenity,restaurant,Gordo Chanta,-34.5922036,-58.4426232,VILLA CRESPO,15.0,gordo chanta,Folklore y cultura local argentina
node,4653973217,amenity,restaurant,Tierra de Indios,-34.5807093,-58.4928803,VILLA URQUIZA,12.0,tierra de indios,Folklore y cultura local argentina
node,4654632540,amenity,restaurant,Quedate Pancho,-34.6190669,-58.5047079,MONTE CASTRO,10.0,quedate pancho,Folklore y cultura local argentina
node,4654736659,amenity,restaurant,Sabores de mi Tierra,-34.6206579,-58.5072766,MONTE CASTRO,10.0,sabores de mi tierra,Folklore y cultura local argentina
node,4656685116,amenity,restaurant,Norteño,-34.5829888,-58.4476014,CHACARITA,15.0,norteno,Folklore y cultura local argentina
node,4657359328,amenity,restaurant,Rotiseria el Gauchito,-34.6083917,-58.463961,VILLA GRAL. MITRE,11.0,rotiseria el gauchito,Folklore y cultura local argentina
node,4657793252,amenity,cafe,La Argentina,-34.5750394,-58.4636174,VILLA ORTUZAR,15.0,la argentina,Folklore y cultura local argentina
node,4658048341,amenity,restaurant,Villa Urpizza,-34.5669156,-58.4907824,VILLA URQUIZA,12.0,villa urpizza,Folklore y cultura local argentina
node,4658048368,amenity,cafe,Minutas y Mucho Más,-34.5608981,-58.490807,SAAVEDRA,12.0,minutas y mucho mas,Folklore y cultura local argentina
node,4658051031,amenity,restaurant,Cvi.Che,-34.6228644,-58.4820755,VILLA SANTA RITA,11.0,cvi.che,Folklore y cultura local argentina
node,4658173952,amenity,restaurant,Asador Criolio,-34.6184754,-58.4944996,FLORESTA,10.0,asador criolio,Folklore y cultura local argentina
node,4660150592,amenity,restaurant,Buenos Ayres Pizza,-34.6126769,-58.4801954,VILLA SANTA RITA,11.0,buenos ayres pizza,Folklore y cultura local argentina
node,4669255632,amenity,restaurant,Zapi,-34.5965294,-58.4168586,PALERMO,14.0,zapi,Folklore y cultura local argentina
node,4672298273,amenity,restaurant,Lola Mora,-34.6172404,-58.361151,PUERTO MADERO,1.0,lola mora,Folklore y cultura local argentina
node,4673084827,amenity,cafe,Sumo,-34.6173215,-58.3771444,SAN TELMO,1.0,sumo,Folklore y cultura local argentina
node,4675439234,amenity,restaurant,Parrilla al Carbon,-34.6091935,-58.3764162,MONSERRAT,1.0,parrilla al carbon,Folklore y cultura local argentina
node,4675515492,amenity,restaurant,Restaurant Parrilla,-34.6116976,-58.3801723,MONSERRAT,1.0,restaurant parrilla,Folklore y cultura local argentina
node,4676832843,amenity,restaurant,Chola de Oro,-34.601914,-58.4113459,BALVANERA,3.0,chola de oro,Folklore y cultura local argentina
node,4676836864,amenity,cafe,La Casa del Dulce de Leche,-34.6165351,-58.3717828,SAN TELMO,1.0,la casa del dulce de leche,Folklore y cultura local argentina
node,4677114015,amenity,restaurant,Ajicito Porteño,-34.6009834,-58.4536151,VILLA CRESPO,15.0,ajicito porteno,Folklore y cultura local argentina
node,4677423827,amenity,pub,Gualicho,-34.6184817,-58.375947,SAN TELMO,1.0,gualicho,Folklore y cultura local argentina
node,4678917733,amenity,restaurant,Aconcagua,-34.6185812,-58.3730892,SAN TELMO,1.0,aconcagua,Folklore y cultura local argentina
node,4683621782,amenity,theatre,Teatro Porteño,-34.6043885,-58.3898445,SAN NICOLAS,1.0,teatro porteno,Folklore y cultura local argentina
node,4689939114,amenity,restaurant,Parrilla 83,-34.608551,-58.4275944,ALMAGRO,5.0,parrilla 83,Folklore y cultura local argentina
node,4690926815,amenity,restaurant,Zapi,-34.6059966,-58.4402351,CABALLITO,6.0,zapi,Folklore y cultura local argentina
node,4692930228,amenity,restaurant,Las Leñas,-34.6265571,-58.4229144,BOEDO,5.0,las lenas,Folklore y cultura local argentina
node,4699637482,amenity,bar,La Parrilla de Once,-34.6102131,-58.4047657,BALVANERA,3.0,la parrilla de once,Folklore y cultura local argentina
node,4699961634,amenity,restaurant,Taragüi II,-34.5965668,-58.3810061,RETIRO,1.0,taragui ii,Folklore y cultura local argentina
node,4701601864,amenity,restaurant,Rincón Norteño,-34.5995879,-58.4301474,VILLA CRESPO,15.0,rincon norteno,Folklore y cultura local argentina
node,4708763313,amenity,restaurant,Los Salteños,-34.6256157,-58.4228993,BOEDO,5.0,los saltenos,Folklore y cultura local argentina
node,4708851469,amenity,restaurant,La Payada,-34.6246112,-58.4274161,CABALLITO,6.0,la payada,Folklore y cultura local argentina
node,4708971751,amenity,restaurant,Bar Tucumán,-34.6011993,-58.3792541,SAN NICOLAS,1.0,bar tucuman,Folklore y cultura local argentina
node,4730055491,amenity,restaurant,El Gaucho,-34.6174408,-58.3749086,SAN TELMO,1.0,el gaucho,Folklore y cultura local argentina
node,4732155628,amenity,cafe,La Argentina,-34.5909805,-58.3967384,RECOLETA,2.0,la argentina,Folklore y cultura local argentina
node,4851450322,amenity,restaurant,Mi Barrio & Mi Gente,-34.6224106,-58.4672278,FLORES,7.0,mi barrio & mi gente,Folklore y cultura local argentina
node,4858736093,amenity,restaurant,Rincón Norteño,-34.5658098,-58.460187,BELGRANO,13.0,rincon norteno,Folklore y cultura local argentina
node,4926114421,amenity,restaurant,Parrilla El Litorel,-34.6129303,-58.3975323,BALVANERA,3.0,parrilla el litorel,Folklore y cultura local argentina
node,4937679400,amenity,restaurant,Chacras de Ushuaia,-34.5729222,-58.481647,VILLA URQUIZA,12.0,chacras de ushuaia,Folklore y cultura local argentina
node,4944505476,amenity,restaurant,UCO,-34.5788471,-58.4353082,PALERMO,14.0,uco,Folklore y cultura local argentina
node,5005935626,amenity,restaurant,Brasas Argentina Sur,-34.6193825,-58.3653097,PUERTO MADERO,1.0,brasas argentina sur,Folklore y cultura local argentina
node,5005958366,amenity,restaurant,Sabores de Patagonia,-34.6187484,-58.3649321,PUERTO MADERO,1.0,sabores de patagonia,Folklore y cultura local argentina
node,5067512516,amenity,restaurant,Llao Llao,-34.5575165,-58.4493329,BELGRANO,13.0,llao llao,Folklore y cultura local argentina
node,5067721122,amenity,pub,Patagonia,-34.5954169,-58.3945309,RECOLETA,2.0,patagonia,Folklore y cultura local argentina
node,5202498721,amenity,restaurant,La Estancia,-34.6024118,-58.3801833,SAN NICOLAS,1.0,la estancia,Folklore y cultura local argentina
node,5226449821,amenity,cafe,Rosso Café Argentina,-34.6057944,-58.37696,SAN NICOLAS,1.0,rosso cafe argentina,Folklore y cultura local argentina
node,5248771121,amenity,bar,Peña Cervecería,-34.5967947,-58.3917486,RECOLETA,2.0,pena cerveceria,Folklore y cultura local argentina
node,5313076531,amenity,restaurant,Las Lenas,-34.6646248,-58.4810127,VILLA LUGANO,8.0,las lenas,Folklore y cultura local argentina
node,5313798069,amenity,restaurant,Pampero,-34.6675473,-58.483764,VILLA LUGANO,8.0,pampero,Folklore y cultura local argentina
node,5397320528,amenity,restaurant,Almacén de Pizzas,-34.5893247,-58.4246814,PALERMO,14.0,almacen de pizzas,Folklore y cultura local argentina
node,5775651253,amenity,restaurant,FiFí Almacén,-34.5905966,-58.429506,PALERMO,14.0,fifi almacen,Folklore y cultura local argentina
node,5878638536,amenity,bar,Malasangre,-34.5594401,-58.4660746,BELGRANO,13.0,malasangre,Folklore y cultura local argentina
node,5886191485,amenity,bar,Chaco bar,-34.6171574,-58.429175,CABALLITO,6.0,chaco bar,Folklore y cultura local argentina
node,6069037644,amenity,bar,Funes Birrería,-34.6201915,-58.3717936,SAN TELMO,1.0,funes birreria,Folklore y cultura local argentina
node,6179521285,amenity,restaurant,Buenos Aires Verde,-34.5843909,-58.4377474,PALERMO,14.0,buenos aires verde,Folklore y cultura local argentina
node,6183521385,amenity,bar,La Birreria,-34.590181,-58.4203554,PALERMO,14.0,la birreria,Folklore y cultura local argentina
node,6297831885,amenity,restaurant,Buenos Aires Verde,-34.5844499,-58.4376263,PALERMO,14.0,buenos aires verde,Folklore y cultura local argentina
node,6316048511,amenity,restaurant,Lalo de Buenos Aires,-34.6052785,-58.3894363,SAN NICOLAS,1.0,lalo de buenos aires,Folklore y cultura local argentina
node,6324439487,amenity,bar,Bar Patagonia,-34.6010404,-58.3999012,BALVANERA,3.0,bar patagonia,Folklore y cultura local argentina
node,6350601920,amenity,pub,Covo Birrería,-34.604537,-58.3894747,SAN NICOLAS,1.0,covo birreria,Folklore y cultura local argentina
node,6359359486,amenity,theatre,el Nacional,-34.6036319,-58.3826039,SAN NICOLAS,1.0,el nacional,Folklore y cultura local argentina
node,6502150301,amenity,restaurant,Parrilla Caballito,-34.621163,-58.440914,CABALLITO,6.0,parrilla caballito,Folklore y cultura local argentina
node,6642012504,amenity,restaurant,El Torito de Villa Crespo,-34.6035031,-58.444171,VILLA CRESPO,15.0,el torito de villa crespo,Folklore y cultura local argentina
node,6805877976,amenity,restaurant,Churros,-34.5583924,-58.4493277,BELGRANO,13.0,churros,Folklore y cultura local argentina
node,6863805690,amenity,bar,Bar y Vermú La Fuerza,-34.5856015,-58.4449673,CHACARITA,15.0,bar y vermu la fuerza,Folklore y cultura local argentina
node,6974350585,amenity,restaurant,Empanadas Salteñas,-34.5741284,-58.4608193,COLEGIALES,13.0,empanadas saltenas,Folklore y cultura local argentina
node,7065579600,amenity,restaurant,Corazón de mi tierra,-34.6418189,-58.5263664,LINIERS,9.0,corazon de mi tierra,Folklore y cultura local argentina
node,7143784286,amenity,restaurant,El Sanjuanino,-34.5903357,-58.4089612,RECOLETA,2.0,el sanjuanino,Folklore y cultura local argentina
node,7201378185,amenity,restaurant,La Super Boquense,-34.6376345,-58.3629848,BOCA,4.0,la super boquense,Folklore y cultura local argentina
node,7253073423,amenity,restaurant,Buenos Aires Verde,-34.5630714,-58.46147,BELGRANO,13.0,buenos aires verde,Folklore y cultura local argentina
node,7705513805,amenity,restaurant,La Posta,-34.6241967,-58.4070078,SAN CRISTOBAL,3.0,la posta,Folklore y cultura local argentina
node,7715443681,amenity,cafe,La Argentina,-34.5668181,-58.453875,BELGRANO,13.0,la argentina,Folklore y cultura local argentina
node,7770657099,amenity,bar,La Birra Bar,-34.6115351,-58.520673,VILLA DEVOTO,11.0,la birra bar,Folklore y cultura local argentina
node,8088637038,amenity,restaurant,La Posta de Los Tucu,-34.5973555,-58.3783014,RETIRO,1.0,la posta de los tucu,Folklore y cultura local argentina
node,8581270600,amenity,pub,Pibä,-34.5638536,-58.4594513,BELGRANO,13.0,piba,Folklore y cultura local argentina
node,8933419417,amenity,restaurant,Almacén de Antojos,-34.5740202,-58.455281,COLEGIALES,13.0,almacen de antojos,Folklore y cultura local argentina
node,9227563319,amenity,bar,Piba,-34.5898161,-58.382107,RETIRO,1.0,piba,Folklore y cultura local argentina
node,9319962827,amenity,pub,Buena Birra Social Club,-34.5721564,-58.4554606,COLEGIALES,13.0,buena birra social club,Folklore y cultura local argentina
node,9377965339,amenity,bar,El Colectivo,-34.5659522,-58.488113,VILLA URQUIZA,12.0,el colectivo,Folklore y cultura local argentina
node,9537679817,amenity,cafe,Mulata Café,-34.5869533,-58.4238571,PALERMO,14.0,mulata cafe,Folklore y cultura local argentina
node,9570089780,amenity,restaurant,El Chaqueño,-34.5468961,-58.4679904,NUÑEZ,13.0,el chaqueno,Folklore y cultura local argentina
node,9601723582,amenity,restaurant,Molino Norteño,-34.602841,-58.4435056,VILLA CRESPO,15.0,molino norteno,Folklore y cultura local argentina
node,9622638917,amenity,restaurant,El Mercat Villa Crespo,-34.5937055,-58.4401898,VILLA CRESPO,15.0,el mercat villa crespo,Folklore y cultura local argentina
node,9797592217,amenity,restaurant,porteño,-34.6214407,-58.3653509,PUERTO MADERO,1.0,porteno,Folklore y cultura local argentina
node,9862420132,amenity,restaurant,A Morfar,-34.5455846,-58.4773192,SAAVEDRA,12.0,a morfar,Folklore y cultura local argentina
node,9884167443,amenity,pub,Patagonia Brewing Co,-34.5530516,-58.4365648,BELGRANO,13.0,patagonia brewing co,Folklore y cultura local argentina
node,9931975884,amenity,cafe,La Bicisenda,-34.5915022,-58.4347123,VILLA CRESPO,15.0,la bicisenda,Folklore y cultura local argentina
node,10241154621,amenity,cafe,La Veredita,-34.6294095,-58.5198908,VERSALLES,10.0,la veredita,Folklore y cultura local argentina
node,10676656302,amenity,restaurant,Rincón Norteño,-34.6036816,-58.508581,VILLA DEVOTO,11.0,rincon norteno,Folklore y cultura local argentina
node,10695462306,amenity,bar,Rey de Copas,-34.5883774,-58.4328148,PALERMO,14.0,rey de copas,Folklore y cultura local argentina
node,10810419995,amenity,bar,Barrio del Loco,-34.5572897,-58.4440577,BELGRANO,13.0,barrio del loco,Folklore y cultura local argentina
node,10830992605,amenity,bar,Rabieta,-34.5697926,-58.4243904,PALERMO,14.0,rabieta,Folklore y cultura local argentina
node,10880094387,amenity,bar,Pibä,-34.5574852,-58.451094,BELGRANO,13.0,piba,Folklore y cultura local argentina
node,10971394306,amenity,restaurant,Club Milanesa,-34.5559504,-58.414785,PALERMO,14.0,club milanesa,Folklore y cultura local argentina
node,11074433398,amenity,cafe,Ñato,-34.5573376,-58.4515407,BELGRANO,13.0,nato,Folklore y cultura local argentina
node,11142683896,amenity,restaurant,Maradona (10),-34.55831,-58.4499116,BELGRANO,13.0,maradona (10),Folklore y cultura local argentina
node,11157489105,amenity,cafe,Picaro,-34.5906684,-58.4167169,PALERMO,14.0,picaro,Folklore y cultura local argentina
node,11286450369,amenity,restaurant,Tupé Parrilla,-34.583579,-58.3997478,RECOLETA,2.0,tupe parrilla,Folklore y cultura local argentina
node,11293585670,amenity,pub,Piba,-34.591308,-58.4132548,PALERMO,14.0,piba,Folklore y cultura local argentina
node,11301098369,amenity,cafe,Porongo,-34.5923404,-58.3850922,RETIRO,1.0,porongo,Folklore y cultura local argentina
node,11308675102,amenity,restaurant,Sanata Bar,-34.6057179,-58.4150613,ALMAGRO,5.0,sanata bar,Folklore y cultura local argentina
node,11310324171,amenity,cafe,La Payuca,-34.5866345,-58.4115829,PALERMO,14.0,la payuca,Folklore y cultura local argentina
node,11378353392,amenity,restaurant,La Fernetería,-34.5837948,-58.3922178,RECOLETA,2.0,la ferneteria,Folklore y cultura local argentina
node,11418124245,amenity,restaurant,Cantina Patio La Boca,-34.6393317,-58.3643359,BOCA,4.0,cantina patio la boca,Folklore y cultura local argentina
node,11592390884,amenity,bar,La Fernetería,-34.5904457,-58.4326974,PALERMO,14.0,la ferneteria,Folklore y cultura local argentina
node,11637341969,amenity,pub,El Pasaje De La Luna / Luna Porteña (Cooperativa Cultural Gastronómica),-34.616585,-58.3710948,SAN TELMO,1.0,el pasaje de la luna / luna portena (cooperativa cultural gastronomica),Folklore y cultura local argentina
node,11689571570,amenity,restaurant,Vereda Adentro,-34.5486515,-58.4591429,NUÑEZ,13.0,vereda adentro,Folklore y cultura local argentina
node,11735381670,amenity,restaurant,Costumbres Criollas,-34.591278,-58.3780883,RETIRO,1.0,costumbres criollas,Folklore y cultura local argentina
node,11835585769,amenity,restaurant,Felipe Cocina Porteña,-34.5929331,-58.4227638,PALERMO,14.0,felipe cocina portena,Folklore y cultura local argentina
node,11873516891,amenity,restaurant,Pizzeria La Guitarrita | Caballito,-34.6175028,-58.4288781,CABALLITO,6.0,pizzeria la guitarrita | caballito,Folklore y cultura local argentina
node,11875205778,amenity,restaurant,Imperio Cocina Porteña,-34.6033355,-58.4208327,ALMAGRO,5.0,imperio cocina portena,Folklore y cultura local argentina
node,11935450564,amenity,pub,La Birrería,-34.5708052,-58.4331658,PALERMO,14.0,la birreria,Folklore y cultura local argentina
node,11950845969,amenity,cafe,Teodelina,-34.5907459,-58.4023012,RECOLETA,2.0,teodelina,Folklore y cultura local argentina
node,11999275731,amenity,restaurant,Parrilla Asame Mucho,-34.6235026,-58.4548556,CABALLITO,6.0,parrilla asame mucho,Folklore y cultura local argentina
node,12012856898,amenity,cafe,Alsina,-34.611484,-58.3904708,MONSERRAT,1.0,alsina,Folklore y cultura local argentina
node,12229927102,amenity,cafe,La Argentina,-34.5889972,-58.4074652,RECOLETA,2.0,la argentina,Folklore y cultura local argentina
node,12292582401,amenity,bar,Ochava,-34.5912184,-58.4025971,RECOLETA,2.0,ochava,Folklore y cultura local argentina
node,12325701001,amenity,restaurant,Milapizza,-34.5939578,-58.429315,PALERMO,14.0,milapizza,Folklore y cultura local argentina
node,12329522457,amenity,restaurant,Rincon Norteno,-34.5869766,-58.403694,RECOLETA,2.0,rincon norteno,Folklore y cultura local argentina
node,12331171104,amenity,restaurant,Two Churros,-34.5845084,-58.4341327,PALERMO,14.0,two churros,Folklore y cultura local argentina
node,12387448202,amenity,restaurant,Parrilla A Punto!,-34.5830948,-58.4351856,PALERMO,14.0,parrilla a punto!,Folklore y cultura local argentina
node,12401052702,amenity,bar,La Birrería,-34.6017319,-58.4944791,VILLA DEL PARQUE,11.0,la birreria,Folklore y cultura local argentina
node,12409995650,amenity,restaurant,Viva Lugano,-34.6798786,-58.4779404,VILLA LUGANO,8.0,viva lugano,Folklore y cultura local argentina
node,12472779172,amenity,cafe,Los Laureles,-34.550117,-58.4644067,NUÑEZ,13.0,los laureles,Folklore y cultura local argentina
node,12559373601,amenity,restaurant,Parrilla Pena,-34.6008254,-58.3914657,SAN NICOLAS,1.0,parrilla pena,Folklore y cultura local argentina
node,12585447629,amenity,bar,Locos el Futbal,-34.5891409,-58.3948721,RECOLETA,2.0,locos el futbal,Folklore y cultura local argentina
node,12861482581,amenity,restaurant,Yiyo El Zeneize,-34.6537912,-58.474067,PARQUE AVELLANEDA,9.0,yiyo el zeneize,Folklore y cultura local argentina
node,12869877726,amenity,restaurant,Rincón Norteño,-34.6146835,-58.4403973,CABALLITO,6.0,rincon norteno,Folklore y cultura local argentina
node,12869877731,amenity,bar,Dr Birra,-34.616747,-58.4447858,CABALLITO,6.0,dr birra,Folklore y cultura local argentina
node,12920327501,amenity,restaurant,El Gaucho,-34.6157716,-58.5197797,VILLA DEVOTO,11.0,el gaucho,Folklore y cultura local argentina
node,454417056,shop,bakery,Costumbres Argentinas,-34.608869,-58.3821024,MONSERRAT,1.0,costumbres argentinas,Folklore y cultura local argentina
node,2296046313,shop,bakery,La Gran Nuñez,-34.542733,-58.4722853,NUÑEZ,13.0,la gran nunez,Folklore y cultura local argentina
node,2351259452,shop,bakery,La Argentina,-34.5521941,-58.4512849,BELGRANO,13.0,la argentina,Folklore y cultura local argentina
node,2466174567,shop,bakery,La Porteña,-34.5561521,-58.4446505,BELGRANO,13.0,la portena,Folklore y cultura local argentina
node,2470336384,shop,bakery,La Argentina,-34.5666618,-58.4594106,BELGRANO,13.0,la argentina,Folklore y cultura local argentina
node,2618564164,shop,bakery,La Rosa de Villa Crespo,-34.5982812,-58.4352594,VILLA CRESPO,15.0,la rosa de villa crespo,Folklore y cultura local argentina
node,2704909464,shop,bakery,La Tranquera,-34.6162583,-58.3773207,MONSERRAT,1.0,la tranquera,Folklore y cultura local argentina
node,3181396365,shop,deli,Natural Buenos Aires,-34.5912331,-58.3882883,RECOLETA,2.0,natural buenos aires,Folklore y cultura local argentina
node,3183120161,shop,bakery,La Argentina,-34.5982039,-58.3868799,RETIRO,1.0,la argentina,Folklore y cultura local argentina
node,3260760261,shop,bakery,La Nueva Buenos Aires,-34.5777389,-58.4287965,PALERMO,14.0,la nueva buenos aires,Folklore y cultura local argentina
node,3733571701,shop,bakery,La Platense,-34.6202044,-58.4279905,ALMAGRO,5.0,la platense,Folklore y cultura local argentina
node,4295519590,shop,deli,La Estancia,-34.6185959,-58.428289,ALMAGRO,5.0,la estancia,Folklore y cultura local argentina
node,4553018854,shop,books,Santafesino,-34.5807188,-58.4221224,PALERMO,14.0,santafesino,Folklore y cultura local argentina
node,4632815565,shop,bakery,Sabores de Urquiza,-34.5690605,-58.4891577,VILLA URQUIZA,12.0,sabores de urquiza,Folklore y cultura local argentina
node,4645223856,shop,bakery,La Argentina,-34.5682493,-58.447853,PALERMO,14.0,la argentina,Folklore y cultura local argentina
node,4649252979,shop,bakery,Costumbres Argentinas,-34.5702541,-58.4446493,COLEGIALES,13.0,costumbres argentinas,Folklore y cultura local argentina
node,4657104538,shop,books,Librería el Gaucho,-34.6120628,-58.4673691,VILLA GRAL. MITRE,11.0,libreria el gaucho,Folklore y cultura local argentina
node,4657147428,shop,bakery,La Porteña,-34.6281523,-58.5234379,VERSALLES,10.0,la portena,Folklore y cultura local argentina
node,4701985245,shop,bakery,Almacén de Medialunas Valerdo,-34.6051093,-58.378067,SAN NICOLAS,1.0,almacen de medialunas valerdo,Folklore y cultura local argentina
node,4704058993,shop,bakery,Las Breñas,-34.633434,-58.480859,FLORESTA,10.0,las brenas,Folklore y cultura local argentina
node,4704226872,shop,deli,La Tranquera,-34.6258264,-58.432597,CABALLITO,6.0,la tranquera,Folklore y cultura local argentina
node,5285125521,shop,deli,Almacén 12|49,-34.5935419,-58.3784534,RETIRO,1.0,almacen 12|49,Folklore y cultura local argentina
node,5291970730,shop,bakery,Costumbres Argentinas,-34.5978026,-58.4033522,RECOLETA,2.0,costumbres argentinas,Folklore y cultura local argentina
node,5492448064,shop,bakery,La Portena,-34.5865136,-58.400044,RECOLETA,2.0,la portena,Folklore y cultura local argentina
node,5757428354,shop,bakery,Costumbres Argentinas,-34.6097332,-58.4015066,BALVANERA,3.0,costumbres argentinas,Folklore y cultura local argentina
node,6241807385,shop,bakery,Empanadas y Medialunas,-34.619747,-58.3917593,SAN CRISTOBAL,3.0,empanadas y medialunas,Folklore y cultura local argentina
node,6347104423,shop,bakery,La Porteñita,-34.6156859,-58.4044155,BALVANERA,3.0,la portenita,Folklore y cultura local argentina
node,6375692456,shop,bakery,Costumbres Argentinas,-34.6162386,-58.3918013,BALVANERA,3.0,costumbres argentinas,Folklore y cultura local argentina
node,6550508905,shop,bakery,Costumbres Argentinas,-34.5833777,-58.418842,PALERMO,14.0,costumbres argentinas,Folklore y cultura local argentina
node,9750703884,shop,bakery,La Argentina,-34.5675467,-58.4586506,BELGRANO,13.0,la argentina,Folklore y cultura local argentina
node,9962143148,shop,bakery,La Argentina,-34.6403035,-58.52893,LINIERS,9.0,la argentina,Folklore y cultura local argentina
node,9994036361,shop,bakery,Medialunas Market,-34.6399936,-58.5289342,LINIERS,9.0,medialunas market,Folklore y cultura local argentina
node,10692202805,shop,bakery,La Palermo,-34.5868448,-58.4165283,PALERMO,14.0,la palermo,Folklore y cultura local argentina
node,11270718647,shop,deli,La Tradicional,-34.5944105,-58.4055297,RECOLETA,2.0,la tradicional,Folklore y cultura local argentina
node,11383013410,shop,bakery,Churros El Topo,-34.5895892,-58.4254329,PALERMO,14.0,churros el topo,Folklore y cultura local argentina
node,11794774041,shop,bakery,Costumbres Argentinas,-34.5573148,-58.4486147,BELGRANO,13.0,costumbres argentinas,Folklore y cultura local argentina
node,11860923982,shop,bakery,Flores Porteñas,-34.6102999,-58.4108424,BALVANERA,3.0,flores portenas,Folklore y cultura local argentina
node,11873662870,shop,bakery,Flores Porteñas,-34.6211787,-58.4163434,BOEDO,5.0,flores portenas,Folklore y cultura local argentina
node,12069088757,shop,bakery,Costumbres Argentinas,-34.6293594,-58.5046684,VELEZ SARSFIELD,10.0,costumbres argentinas,Folklore y cultura local argentina
node,12168418001,shop,bakery,La Argentina,-34.5943464,-58.3983122,RECOLETA,2.0,la argentina,Folklore y cultura local argentina
node,12435830996,shop,bakery,Almagro,-34.6026386,-58.4246407,ALMAGRO,5.0,almagro,Folklore y cultura local argentina
node,12704674704,shop,books,al margen,-34.5848097,-58.4526084,CHACARITA,15.0,al margen,Folklore y cultura local argentina
node,12712268485,shop,bakery,"Panadería y Confitería ""La Argentina""",-34.6643434,-58.4437479,VILLA SOLDATI,8.0,"panaderia y confiteria ""la argentina""",Folklore y cultura local argentina
node,12723653101,shop,bakery,Panadería Villa Real,-34.6249234,-58.5272896,VILLA REAL,10.0,panaderia villa real,Folklore y cultura local argentina
node,2472979624,amenity,restaurant,El Gol de San Telmo,-34.6160758,-58.3715279,SAN TELMO,1.0,el gol de san telmo,Folklore y cultura local argentina
node,4592712883,amenity,restaurant,Pizza Vegana San Telmo,-34.6164107,-58.3785753,MONSERRAT,1.0,pizza vegana san telmo,Folklore y cultura local argentina
node,7058890885,amenity,restaurant,Santa Evita,-34.5930602,-58.4244877,PALERMO,14.0,santa evita,Folklore y cultura local argentina
node,11900398969,amenity,restaurant,Hierro Parrilla San Telmo,-34.6193657,-58.3724292,SAN TELMO,1.0,hierro parrilla san telmo,Folklore y cultura local argentina
node,1455071553,amenity,bar,Bogotá,-34.5943629,-58.3901858,RECOLETA,2.0,bogota,Culturas latinoamericanas vecinas
node,1490044721,amenity,restaurant,Cumana,-34.5955327,-58.3918398,RECOLETA,2.0,cumana,Culturas latinoamericanas vecinas
node,1526927537,amenity,restaurant,Perú Deli,-34.5777091,-58.4245689,PALERMO,14.0,peru deli,Culturas latinoamericanas vecinas
node,2253887649,amenity,cafe,Frida,-34.5491552,-58.4683207,NUÑEZ,13.0,frida,Culturas latinoamericanas vecinas
node,2261736940,amenity,cafe,Sucre,-34.5622275,-58.4519996,BELGRANO,13.0,sucre,Culturas latinoamericanas vecinas
node,2296048017,amenity,restaurant,La Paceña,-34.5638247,-58.4570892,BELGRANO,13.0,la pacena,Culturas latinoamericanas vecinas
node,2339304830,amenity,restaurant,Rest Apu,-34.5567218,-58.4511154,BELGRANO,13.0,rest apu,Culturas latinoamericanas vecinas
node,2472971035,amenity,restaurant,Medio y Medio,-34.6160131,-58.3705714,SAN TELMO,1.0,medio y medio,Culturas latinoamericanas vecinas
node,2730243986,amenity,restaurant,Sabores del Perú,-34.6196697,-58.378219,CONSTITUCION,1.0,sabores del peru,Culturas latinoamericanas vecinas
node,2734408318,amenity,cafe,La Peruana,-34.6186767,-58.3759144,SAN TELMO,1.0,la peruana,Culturas latinoamericanas vecinas
node,2756476805,amenity,restaurant,Pisco & Nazca,-34.5977017,-58.4168689,PALERMO,14.0,pisco & nazca,Culturas latinoamericanas vecinas
node,2821091749,amenity,bar,Ayacucho Hotel Bar,-34.5926877,-58.3949299,RECOLETA,2.0,ayacucho hotel bar,Culturas latinoamericanas vecinas
node,2950082305,amenity,restaurant,Inka Wasi,-34.5533089,-58.4538736,BELGRANO,13.0,inka wasi,Culturas latinoamericanas vecinas
node,2960320170,amenity,restaurant,Primavera Trujillana,-34.5529288,-58.4532169,BELGRANO,13.0,primavera trujillana,Culturas latinoamericanas vecinas
node,3179599572,amenity,restaurant,Rodizio,-34.6072399,-58.3663691,PUERTO MADERO,1.0,rodizio,Culturas latinoamericanas vecinas
node,3257422262,amenity,restaurant,Romario,-34.5808831,-58.4323428,PALERMO,14.0,romario,Culturas latinoamericanas vecinas
node,3257422363,amenity,restaurant,Taco Box,-34.581003,-58.4322186,PALERMO,14.0,taco box,Culturas latinoamericanas vecinas
node,3273602880,amenity,restaurant,Xalapa,-34.5888072,-58.4281829,PALERMO,14.0,xalapa,Culturas latinoamericanas vecinas
node,3677076370,amenity,restaurant,Romario,-34.5684401,-58.430871,PALERMO,14.0,romario,Culturas latinoamericanas vecinas
node,4195030092,amenity,restaurant,La Chiviteria,-34.6042378,-58.391504,SAN NICOLAS,1.0,la chiviteria,Culturas latinoamericanas vecinas
node,4383819008,amenity,cafe,Rapanui,-34.5932762,-58.3876249,RECOLETA,2.0,rapanui,Culturas latinoamericanas vecinas
node,4402584926,amenity,cafe,La Paz,-34.6199332,-58.3857187,CONSTITUCION,1.0,la paz,Culturas latinoamericanas vecinas
node,4448132735,amenity,restaurant,Taco Box,-34.5527774,-58.4576031,NUÑEZ,13.0,taco box,Culturas latinoamericanas vecinas
node,4545803290,amenity,restaurant,Sucre Restorán,-34.5531976,-58.4368379,BELGRANO,13.0,sucre restoran,Culturas latinoamericanas vecinas
node,4585797860,amenity,restaurant,Salteñas Oruro,-34.659341,-58.4428671,VILLA SOLDATI,8.0,saltenas oruro,Culturas latinoamericanas vecinas
node,4591792997,amenity,restaurant,La Jalapeña,-34.5803753,-58.435765,PALERMO,14.0,la jalapena,Culturas latinoamericanas vecinas
node,4598714793,amenity,cafe,Rapanui,-34.6278184,-58.4489295,CABALLITO,6.0,rapanui,Culturas latinoamericanas vecinas
node,4600429914,amenity,restaurant,Sur Latino,-34.6480378,-58.4163789,NUEVA POMPEYA,4.0,sur latino,Culturas latinoamericanas vecinas
node,4604337639,amenity,restaurant,Tacos Express,-34.6562619,-58.4010798,BARRACAS,4.0,tacos express,Culturas latinoamericanas vecinas
node,4604492725,amenity,restaurant,Chiperia,-34.6513162,-58.3982355,BARRACAS,4.0,chiperia,Culturas latinoamericanas vecinas
node,4608857099,amenity,restaurant,Chan Chan,-34.6100084,-58.3858874,MONSERRAT,1.0,chan chan,Culturas latinoamericanas vecinas
node,4659938578,amenity,restaurant,La Atenas de Cuba,-34.5754681,-58.478212,VILLA URQUIZA,12.0,la atenas de cuba,Culturas latinoamericanas vecinas
node,4670216278,amenity,restaurant,DF Mexican Grill,-34.6154308,-58.3631141,PUERTO MADERO,1.0,df mexican grill,Culturas latinoamericanas vecinas
node,4675113803,amenity,restaurant,Ouro Preto,-34.6037616,-58.3852343,SAN NICOLAS,1.0,ouro preto,Culturas latinoamericanas vecinas
node,4699671210,amenity,bar,Bar Ecuador,-34.6065116,-58.3766272,SAN NICOLAS,1.0,bar ecuador,Culturas latinoamericanas vecinas
node,4702556229,amenity,restaurant,Playas del Carmen,-34.6220373,-58.381581,CONSTITUCION,1.0,playas del carmen,Culturas latinoamericanas vecinas
node,4702868299,amenity,restaurant,Taco N Todo,-34.6233364,-58.4376197,CABALLITO,6.0,taco n todo,Culturas latinoamericanas vecinas
node,4704446660,amenity,restaurant,Restaurant Peruana,-34.6013563,-58.379288,SAN NICOLAS,1.0,restaurant peruana,Culturas latinoamericanas vecinas
node,4719363701,amenity,restaurant,i Latina,-34.6002565,-58.4440267,VILLA CRESPO,15.0,i latina,Culturas latinoamericanas vecinas
node,4844311865,amenity,restaurant,Delicias Peruanas,-34.6138468,-58.3901027,MONSERRAT,1.0,delicias peruanas,Culturas latinoamericanas vecinas
node,4904145475,amenity,restaurant,Casa Cuba,-34.5626421,-58.4527107,BELGRANO,13.0,casa cuba,Culturas latinoamericanas vecinas
node,4933516134,amenity,nightclub,Cuba Mía,-34.6145738,-58.3829702,MONSERRAT,1.0,cuba mia,Culturas latinoamericanas vecinas
node,4944505465,amenity,restaurant,Epa la Arepa,-34.5788775,-58.4348862,PALERMO,14.0,epa la arepa,Culturas latinoamericanas vecinas
node,5195200621,amenity,restaurant,Taco box,-34.5948334,-58.396049,RECOLETA,2.0,taco box,Culturas latinoamericanas vecinas
node,5285125721,amenity,restaurant,Rapanui,-34.5951935,-58.3778671,RETIRO,1.0,rapanui,Culturas latinoamericanas vecinas
node,5291970729,amenity,pub,Tequila,-34.5498491,-58.4299555,BELGRANO,13.0,tequila,Culturas latinoamericanas vecinas
node,5502168421,amenity,restaurant,Mezcal,-34.5894557,-58.4253078,PALERMO,14.0,mezcal,Culturas latinoamericanas vecinas
node,6132879822,amenity,nightclub,Caracas Bar,-34.5855596,-58.4256336,PALERMO,14.0,caracas bar,Culturas latinoamericanas vecinas
node,6183585988,amenity,restaurant,Taco Box,-34.5929759,-58.4227941,PALERMO,14.0,taco box,Culturas latinoamericanas vecinas
node,6388405335,amenity,restaurant,Mi Perú,-34.6417648,-58.5271605,LINIERS,9.0,mi peru,Culturas latinoamericanas vecinas
node,6432891882,amenity,restaurant,Copacabana,-34.6418341,-58.5285837,LINIERS,9.0,copacabana,Culturas latinoamericanas vecinas
node,6445585742,amenity,restaurant,El Sabrosito Perú,-34.6425123,-58.5273508,LINIERS,9.0,el sabrosito peru,Culturas latinoamericanas vecinas
node,6718642341,amenity,restaurant,Sao Paolo,-34.587187,-58.4319023,PALERMO,14.0,sao paolo,Culturas latinoamericanas vecinas
node,7040027585,amenity,restaurant,Ulúa,-34.5857477,-58.4499646,CHACARITA,15.0,ulua,Culturas latinoamericanas vecinas
node,7935734292,amenity,restaurant,Los Orientales,-34.6117694,-58.4221056,ALMAGRO,5.0,los orientales,Culturas latinoamericanas vecinas
node,9544182903,amenity,cinema,Cinépolis,-34.5994117,-58.3982764,RECOLETA,2.0,cinepolis,Culturas latinoamericanas vecinas
node,9567196617,amenity,restaurant,primavera Trujillana,-34.5452857,-58.4614155,NUÑEZ,13.0,primavera trujillana,Culturas latinoamericanas vecinas
node,10088065217,amenity,cafe,Havana,-34.5956091,-58.443506,VILLA CRESPO,15.0,havana,Culturas latinoamericanas vecinas
node,10682117805,amenity,restaurant,Romario,-34.5882746,-58.4061383,RECOLETA,2.0,romario,Culturas latinoamericanas vecinas
node,10873556441,amenity,bar,Sando de América,-34.558545,-58.4491393,BELGRANO,13.0,sando de america,Culturas latinoamericanas vecinas
node,10966689605,amenity,bar,Rodizinho,-34.6073798,-58.3663089,PUERTO MADERO,1.0,rodizinho,Culturas latinoamericanas vecinas
node,10992645499,amenity,cafe,Darién,-34.6036381,-58.4491267,VILLA CRESPO,15.0,darien,Culturas latinoamericanas vecinas
node,11048826705,amenity,restaurant,Tanta,-34.5971973,-58.3787228,RETIRO,1.0,tanta,Culturas latinoamericanas vecinas
node,11084637606,amenity,restaurant,Sampa,-34.5966406,-58.433614,VILLA CRESPO,15.0,sampa,Culturas latinoamericanas vecinas
node,11106201075,amenity,cafe,La Puerto Rico,-34.6102655,-58.3723654,MONSERRAT,1.0,la puerto rico,Culturas latinoamericanas vecinas
node,11205594837,amenity,cafe,Havana,-34.5820777,-58.4068088,PALERMO,14.0,havana,Culturas latinoamericanas vecinas
node,11268378861,amenity,restaurant,Romario Berutti,-34.5919335,-58.4028557,RECOLETA,2.0,romario berutti,Culturas latinoamericanas vecinas
node,11414666797,amenity,restaurant,Venezolano,-34.6038787,-58.3895038,SAN NICOLAS,1.0,venezolano,Culturas latinoamericanas vecinas
node,11506428569,amenity,cafe,Tintico,-34.5840938,-58.4255151,PALERMO,14.0,tintico,Culturas latinoamericanas vecinas
node,11889970915,amenity,restaurant,Las Cañitas Colombia,-34.5699583,-58.435642,PALERMO,14.0,las canitas colombia,Culturas latinoamericanas vecinas
node,11999269392,amenity,restaurant,Miss Arepas,-34.6233403,-58.4544483,CABALLITO,6.0,miss arepas,Culturas latinoamericanas vecinas
node,12099836038,amenity,cafe,Juan Valdéz Café,-34.5848542,-58.3998844,RECOLETA,2.0,juan valdez cafe,Culturas latinoamericanas vecinas
node,12208371577,amenity,restaurant,Estación Colombia,-34.6186763,-58.3728892,SAN TELMO,1.0,estacion colombia,Culturas latinoamericanas vecinas
node,12280775182,amenity,restaurant,Sabor Andino,-34.6412997,-58.5288659,LINIERS,9.0,sabor andino,Culturas latinoamericanas vecinas
node,12344484702,amenity,restaurant,Ya Cabron,-34.5806064,-58.436256,PALERMO,14.0,ya cabron,Culturas latinoamericanas vecinas
node,12459804437,amenity,cafe,Juan Valdez Café,-34.5481088,-58.4685012,NUÑEZ,13.0,juan valdez cafe,Culturas latinoamericanas vecinas
node,12630497202,amenity,cafe,Viva la Arepa,-34.5879498,-58.4022241,RECOLETA,2.0,viva la arepa,Culturas latinoamericanas vecinas
node,12869877727,amenity,restaurant,Taco God,-34.613471,-58.4366282,CABALLITO,6.0,taco god,Culturas latinoamericanas vecinas
node,12921813303,amenity,restaurant,Arepas Club by Changir,-34.6024495,-58.4422826,VILLA CRESPO,15.0,arepas club by changir,Culturas latinoamericanas vecinas
node,13101258201,amenity,restaurant,Cohiba,-34.6115004,-58.3735656,MONSERRAT,1.0,cohiba,Culturas latinoamericanas vecinas
node,13171788301,amenity,cafe,Lab Sucre,-34.622139,-58.4583251,FLORES,7.0,lab sucre,Culturas latinoamericanas vecinas
node,13254559302,amenity,bar,Chalaca,-34.5823738,-58.4066909,PALERMO,14.0,chalaca,Culturas latinoamericanas vecinas
node,13305351741,amenity,cafe,Babalú,-34.5974132,-58.3730908,RETIRO,1.0,babalu,Culturas latinoamericanas vecinas
node,13325178201,amenity,restaurant,Taquería Diaz,-34.5673434,-58.4746503,VILLA URQUIZA,12.0,taqueria diaz,Culturas latinoamericanas vecinas
node,2588555370,shop,bakery,La Paz,-34.5526737,-58.4671101,NUÑEZ,13.0,la paz,Culturas latinoamericanas vecinas
node,6032148479,shop,bakery,Sabor Guaraní,-34.6401058,-58.5232635,LINIERS,9.0,sabor guarani,Culturas latinoamericanas vecinas
node,9377968398,shop,bakery,La Paz,-34.5663856,-58.4893545,VILLA URQUIZA,12.0,la paz,Culturas latinoamericanas vecinas
node,12047782620,shop,bakery,La Paz,-34.5531565,-58.462162,NUÑEZ,13.0,la paz,Culturas latinoamericanas vecinas
node,12320917803,shop,deli,Larense,-34.5889021,-58.400069,RECOLETA,2.0,larense,Culturas latinoamericanas vecinas
node,454371119,amenity,restaurant,El Pingüino de Palermo,-34.5848511,-58.4241831,PALERMO,14.0,el pinguino de palermo,Animales y naturaleza (neutral)
node,724684901,amenity,restaurant,Siga La Vaca,-34.6186412,-58.3651367,PUERTO MADERO,1.0,siga la vaca,Animales y naturaleza (neutral)
node,724728452,amenity,restaurant,Estilo Campo,-34.62,-58.3650999,PUERTO MADERO,1.0,estilo campo,Animales y naturaleza (neutral)
node,1044039805,amenity,restaurant,La Casona de Flores,-34.6215787,-58.4576671,FLORES,7.0,la casona de flores,Animales y naturaleza (neutral)
node,1077657735,amenity,restaurant,Manzanitas,-34.5809353,-58.4744235,VILLA ORTUZAR,15.0,manzanitas,Animales y naturaleza (neutral)
node,1108412208,amenity,bar,Los Galgos,-34.6030051,-58.392251,SAN NICOLAS,1.0,los galgos,Animales y naturaleza (neutral)
node,1134640757,amenity,cafe,Mar Azul,-34.6020026,-58.3910932,SAN NICOLAS,1.0,mar azul,Animales y naturaleza (neutral)
node,1144740051,amenity,restaurant,El Cisne,-34.5970503,-58.3899308,RECOLETA,2.0,el cisne,Animales y naturaleza (neutral)
node,1146277352,amenity,bar,Oasis,-34.5951101,-58.3934689,RECOLETA,2.0,oasis,Animales y naturaleza (neutral)
node,1265507304,amenity,restaurant,El Gran Mosquito,-34.6058593,-58.4304665,ALMAGRO,5.0,el gran mosquito,Animales y naturaleza (neutral)
node,1279202137,amenity,restaurant,La Molinera,-34.5955227,-58.3986288,RECOLETA,2.0,la molinera,Animales y naturaleza (neutral)
node,1279520176,amenity,restaurant,El Trébol,-34.595583,-58.3984043,RECOLETA,2.0,el trebol,Animales y naturaleza (neutral)
node,1312561365,amenity,restaurant,Tigre Morado,-34.5818307,-58.4393712,PALERMO,14.0,tigre morado,Animales y naturaleza (neutral)
node,1402332756,amenity,theatre,Teatro de Flores,-34.6304477,-58.4623278,FLORES,7.0,teatro de flores,Animales y naturaleza (neutral)
node,1490042309,amenity,restaurant,El Salto de las Ranas,-34.5953141,-58.3918585,RECOLETA,2.0,el salto de las ranas,Animales y naturaleza (neutral)
node,1506517983,amenity,restaurant,Luz Solar,-34.5962388,-58.3948643,RECOLETA,2.0,luz solar,Animales y naturaleza (neutral)
node,1611090586,amenity,restaurant,La Flor de Barracas,-34.6417763,-58.3795602,BARRACAS,4.0,la flor de barracas,Animales y naturaleza (neutral)
node,1736479507,amenity,restaurant,La Estrella,-34.5795708,-58.4327388,PALERMO,14.0,la estrella,Animales y naturaleza (neutral)
node,2265496085,amenity,restaurant,Los Pinos,-34.5915501,-58.3982666,RECOLETA,2.0,los pinos,Animales y naturaleza (neutral)
node,2276922797,amenity,restaurant,Siga la Vaca Express,-34.555112,-58.4543517,BELGRANO,13.0,siga la vaca express,Animales y naturaleza (neutral)
node,2350480363,amenity,restaurant,Plaza del Sol,-34.6354155,-58.4877921,VELEZ SARSFIELD,10.0,plaza del sol,Animales y naturaleza (neutral)
node,2466174608,amenity,cafe,Confitería del Botánico,-34.5845953,-58.4165211,PALERMO,14.0,confiteria del botanico,Animales y naturaleza (neutral)
node,2472966380,amenity,cafe,Café del Arbol,-34.6207335,-58.3717402,SAN TELMO,1.0,cafe del arbol,Animales y naturaleza (neutral)
node,2582555139,amenity,restaurant,El Rinconcito de Caballito,-34.6258361,-58.4326554,CABALLITO,6.0,el rinconcito de caballito,Animales y naturaleza (neutral)
node,2583699955,amenity,restaurant,Pizzas El Ombu,-34.5881481,-58.3724079,RETIRO,1.0,pizzas el ombu,Animales y naturaleza (neutral)
node,3046259756,amenity,restaurant,Lotos,-34.5992462,-58.389397,RECOLETA,2.0,lotos,Animales y naturaleza (neutral)
node,3054464472,amenity,bar,El Salmon,-34.596013,-58.3732667,RETIRO,1.0,el salmon,Animales y naturaleza (neutral)
node,3054645550,amenity,cafe,La Cigüeña,-34.596706,-58.400139,RECOLETA,2.0,la ciguena,Animales y naturaleza (neutral)
node,3173865393,amenity,restaurant,Pétalo,-34.6030694,-58.3736922,SAN NICOLAS,1.0,petalo,Animales y naturaleza (neutral)
node,3260927112,amenity,restaurant,Parrilla El Establo,-34.6250992,-58.3712317,SAN TELMO,1.0,parrilla el establo,Animales y naturaleza (neutral)
node,3273659161,amenity,cafe,El Gato Negro,-34.6041451,-58.3903518,SAN NICOLAS,1.0,el gato negro,Animales y naturaleza (neutral)
node,3416796205,amenity,restaurant,Las Petunias,-34.5888662,-58.4261967,PALERMO,14.0,las petunias,Animales y naturaleza (neutral)
node,3556979093,amenity,cafe,Animalito Café,-34.5738487,-58.4370889,PALERMO,14.0,animalito cafe,Animales y naturaleza (neutral)
node,3612822511,amenity,cafe,Trigal,-34.5744391,-58.4341462,PALERMO,14.0,trigal,Animales y naturaleza (neutral)
node,3675464868,amenity,cafe,Rio Cafe Bar,-34.6038471,-58.4320517,ALMAGRO,5.0,rio cafe bar,Animales y naturaleza (neutral)
node,3713745826,amenity,restaurant,El Cisne Blanco,-34.5559479,-58.4520281,BELGRANO,13.0,el cisne blanco,Animales y naturaleza (neutral)
node,3781546741,amenity,restaurant,Surubi,-34.5872355,-58.4242439,PALERMO,14.0,surubi,Animales y naturaleza (neutral)
node,3968551831,amenity,restaurant,La Lechuza,-34.5847266,-58.4282289,PALERMO,14.0,la lechuza,Animales y naturaleza (neutral)
node,4164205741,amenity,restaurant,La Mar,-34.5782689,-58.4375697,PALERMO,14.0,la mar,Animales y naturaleza (neutral)
node,4167717481,amenity,cafe,Chef León,-34.5521543,-58.4535824,BELGRANO,13.0,chef leon,Animales y naturaleza (neutral)
node,4181081909,amenity,restaurant,Los Cocos,-34.5978074,-58.4133383,RECOLETA,2.0,los cocos,Animales y naturaleza (neutral)
node,4228946297,amenity,restaurant,El Ombu,-34.6140814,-58.4595039,FLORES,7.0,el ombu,Animales y naturaleza (neutral)
node,4229105941,amenity,restaurant,Open Gallo,-34.6056292,-58.4133477,BALVANERA,3.0,open gallo,Animales y naturaleza (neutral)
node,4250083690,amenity,restaurant,Parrilla Los Chanchitos,-34.6055078,-58.4395394,VILLA CRESPO,15.0,parrilla los chanchitos,Animales y naturaleza (neutral)
node,4250121189,amenity,cafe,Muu Lechería,-34.5884586,-58.4260387,PALERMO,14.0,muu lecheria,Animales y naturaleza (neutral)
node,4343044319,amenity,restaurant,Tilo,-34.56751,-58.4348246,PALERMO,14.0,tilo,Animales y naturaleza (neutral)
node,4381407960,amenity,restaurant,El Prado,-34.6412467,-58.5288692,LINIERS,9.0,el prado,Animales y naturaleza (neutral)
node,4511148592,amenity,cafe,Malvón,-34.5943338,-58.4391103,VILLA CRESPO,15.0,malvon,Animales y naturaleza (neutral)
node,4587053471,amenity,bar,Sigue al conejo blanco,-34.588363,-58.4351751,PALERMO,14.0,sigue al conejo blanco,Animales y naturaleza (neutral)
node,4591738302,amenity,restaurant,Impala,-34.6351667,-58.4474489,PARQUE CHACABUCO,7.0,impala,Animales y naturaleza (neutral)
node,4602338865,amenity,restaurant,Las Palmas,-34.6342977,-58.3905092,PARQUE PATRICIOS,4.0,las palmas,Animales y naturaleza (neutral)
node,4604863713,amenity,restaurant,Tropical,-34.6531844,-58.4161079,NUEVA POMPEYA,4.0,tropical,Animales y naturaleza (neutral)
node,4627637190,amenity,bar,Comunidad del cisne,-34.6206475,-58.3727495,SAN TELMO,1.0,comunidad del cisne,Animales y naturaleza (neutral)
node,4658056479,amenity,restaurant,Mi Pollo,-34.5700031,-58.4787538,VILLA URQUIZA,12.0,mi pollo,Animales y naturaleza (neutral)
node,4659995334,amenity,bar,El Sol,-34.6184427,-58.4755846,VILLA SANTA RITA,11.0,el sol,Animales y naturaleza (neutral)
node,4674041513,amenity,cafe,Tilo,-34.5828037,-58.4120536,PALERMO,14.0,tilo,Animales y naturaleza (neutral)
node,4677413927,amenity,restaurant,Caracol,-34.6208446,-58.3729478,SAN TELMO,1.0,caracol,Animales y naturaleza (neutral)
node,4684413095,amenity,restaurant,Los Cabritos,-34.6540465,-58.5054412,MATADEROS,9.0,los cabritos,Animales y naturaleza (neutral)
node,4689637731,amenity,bar,Río Bar,-34.6046274,-58.3943462,BALVANERA,3.0,rio bar,Animales y naturaleza (neutral)
node,4690926803,amenity,restaurant,Los Chanchitos 2,-34.6063439,-58.4414542,CABALLITO,6.0,los chanchitos 2,Animales y naturaleza (neutral)
node,4699847754,amenity,restaurant,El Gallo,-34.6034832,-58.3802963,SAN NICOLAS,1.0,el gallo,Animales y naturaleza (neutral)
node,4700535735,amenity,restaurant,El Trébol,-34.6045736,-58.4374607,VILLA CRESPO,15.0,el trebol,Animales y naturaleza (neutral)
node,4702276049,amenity,restaurant,La Posta de Caballito,-34.6160335,-58.4421672,CABALLITO,6.0,la posta de caballito,Animales y naturaleza (neutral)
node,4708581884,amenity,restaurant,Rincón de Flores,-34.631536,-58.4630356,FLORES,7.0,rincon de flores,Animales y naturaleza (neutral)
node,4708583004,amenity,restaurant,Gran Paraná,-34.6323391,-58.4656339,FLORES,7.0,gran parana,Animales y naturaleza (neutral)
node,4734699221,amenity,nightclub,Cactus Discos,-34.6054816,-58.3865503,SAN NICOLAS,1.0,cactus discos,Animales y naturaleza (neutral)
node,4734699321,amenity,nightclub,El gallo cantor,-34.6041295,-58.3863124,SAN NICOLAS,1.0,el gallo cantor,Animales y naturaleza (neutral)
node,4742357921,amenity,restaurant,Chochán,-34.5879423,-58.4307931,PALERMO,14.0,chochan,Animales y naturaleza (neutral)
node,4749740997,amenity,restaurant,Artemisia,-34.5802785,-58.4375003,PALERMO,14.0,artemisia,Animales y naturaleza (neutral)
node,4804028020,amenity,cafe,Luna del Sur,-34.5590228,-58.4538174,BELGRANO,13.0,luna del sur,Animales y naturaleza (neutral)
node,4899843343,amenity,restaurant,Show Flores,-34.6266762,-58.4681633,FLORES,7.0,show flores,Animales y naturaleza (neutral)
node,5196143322,amenity,restaurant,Del Toro,-34.612692,-58.3803492,MONSERRAT,1.0,del toro,Animales y naturaleza (neutral)
node,5228448427,amenity,restaurant,Gallo Negro,-34.5749032,-58.4729665,VILLA URQUIZA,12.0,gallo negro,Animales y naturaleza (neutral)
node,5267784524,amenity,restaurant,Y la Vaca Chocha,-34.6217112,-58.3716091,SAN TELMO,1.0,y la vaca chocha,Animales y naturaleza (neutral)
node,5302671022,amenity,restaurant,Las Totoras,-34.6000524,-58.402747,BALVANERA,3.0,las totoras,Animales y naturaleza (neutral)
node,5312979168,amenity,restaurant,Tomatitos,-34.6680822,-58.4757906,VILLA LUGANO,8.0,tomatitos,Animales y naturaleza (neutral)
node,5418374521,amenity,restaurant,La Hormiga,-34.5895283,-58.4275397,PALERMO,14.0,la hormiga,Animales y naturaleza (neutral)
node,5695466523,amenity,restaurant,Las Cañas,-34.6049274,-58.3894699,SAN NICOLAS,1.0,las canas,Animales y naturaleza (neutral)
node,5775635953,amenity,cafe,Magnolia,-34.5882246,-58.4084152,RECOLETA,2.0,magnolia,Animales y naturaleza (neutral)
node,5863279665,amenity,restaurant,EL Pato Loco,-34.6528308,-58.378479,BARRACAS,4.0,el pato loco,Animales y naturaleza (neutral)
node,5927293985,amenity,restaurant,El pato loco,-34.6527865,-58.3784279,BARRACAS,4.0,el pato loco,Animales y naturaleza (neutral)
node,6225057589,amenity,restaurant,El Jardín,-34.6137869,-58.4403305,CABALLITO,6.0,el jardin,Animales y naturaleza (neutral)
node,6333425250,amenity,restaurant,Del Campo,-34.5885346,-58.4691843,VILLA ORTUZAR,15.0,del campo,Animales y naturaleza (neutral)
node,6347103322,amenity,restaurant,La Gata Alegría,-34.6186807,-58.3988049,SAN CRISTOBAL,3.0,la gata alegria,Animales y naturaleza (neutral)
node,6366365685,amenity,restaurant,Aires de Campo,-34.6198729,-58.4316637,CABALLITO,6.0,aires de campo,Animales y naturaleza (neutral)
node,6371477123,amenity,restaurant,Del Valle,-34.6417337,-58.5268675,LINIERS,9.0,del valle,Animales y naturaleza (neutral)
node,6371478261,amenity,restaurant,El Olmo,-34.5945327,-58.402573,RECOLETA,2.0,el olmo,Animales y naturaleza (neutral)
node,6388042370,amenity,restaurant,Comidas para Llevar Los Chanchitos,-34.6055682,-58.4395577,VILLA CRESPO,15.0,comidas para llevar los chanchitos,Animales y naturaleza (neutral)
node,6863805691,amenity,bar,Cuervo café,-34.5904337,-58.4257309,PALERMO,14.0,cuervo cafe,Animales y naturaleza (neutral)
node,7111383485,amenity,bar,Tres Monos,-34.5848739,-58.4262029,PALERMO,14.0,tres monos,Animales y naturaleza (neutral)
node,7208968385,amenity,restaurant,El Hornero,-34.6192168,-58.3723356,SAN TELMO,1.0,el hornero,Animales y naturaleza (neutral)
node,7239204285,amenity,cafe,Cosecha,-34.6196068,-58.3716087,SAN TELMO,1.0,cosecha,Animales y naturaleza (neutral)
node,7630683070,amenity,restaurant,Las Palmeras,-34.5654524,-58.4378364,PALERMO,14.0,las palmeras,Animales y naturaleza (neutral)
node,7745880213,amenity,restaurant,La Mulita,-34.5992607,-58.5014077,VILLA DEVOTO,11.0,la mulita,Animales y naturaleza (neutral)
node,8197717360,amenity,cafe,Acacia Negra,-34.595946,-58.5105132,VILLA DEVOTO,11.0,acacia negra,Animales y naturaleza (neutral)
node,8221306717,amenity,cafe,Lobo Café,-34.5906473,-58.4274336,PALERMO,14.0,lobo cafe,Animales y naturaleza (neutral)
node,8454167845,amenity,cafe,Cosecha,-34.596636,-58.4334588,VILLA CRESPO,15.0,cosecha,Animales y naturaleza (neutral)
node,9181590817,amenity,cafe,Fauna,-34.5908166,-58.4273823,PALERMO,14.0,fauna,Animales y naturaleza (neutral)
node,9181591617,amenity,cafe,Lobo café,-34.6140037,-58.3633783,PUERTO MADERO,1.0,lobo cafe,Animales y naturaleza (neutral)
node,9332667643,amenity,cafe,Hijos del Mar,-34.5754487,-58.4493587,COLEGIALES,13.0,hijos del mar,Animales y naturaleza (neutral)
node,9548541623,amenity,bar,Peñón del aguila,-34.5833206,-58.4374582,PALERMO,14.0,penon del aguila,Animales y naturaleza (neutral)
node,9759267620,amenity,cafe,Lobo Cafe,-34.6126795,-58.3635383,PUERTO MADERO,1.0,lobo cafe,Animales y naturaleza (neutral)
node,9859409640,amenity,cafe,Gorrión,-34.5553566,-58.4654243,NUÑEZ,13.0,gorrion,Animales y naturaleza (neutral)
node,9862709515,amenity,cafe,Cosecha,-34.5503221,-58.4768034,SAAVEDRA,12.0,cosecha,Animales y naturaleza (neutral)
node,10002860517,amenity,bar,Hormiga Negra,-34.560516,-58.4606924,BELGRANO,13.0,hormiga negra,Animales y naturaleza (neutral)
node,10555579509,amenity,restaurant,Rio Alba,-34.5758365,-58.4211099,PALERMO,14.0,rio alba,Animales y naturaleza (neutral)
node,10676501806,amenity,cafe,Cielo Azul,-34.5665813,-58.4612209,BELGRANO,13.0,cielo azul,Animales y naturaleza (neutral)
node,10713305605,amenity,bar,Peñon del Aguila,-34.6056978,-58.364849,,,penon del aguila,Animales y naturaleza (neutral)
node,10809922241,amenity,cafe,Cuervo,-34.5553464,-58.4452815,BELGRANO,13.0,cuervo,Animales y naturaleza (neutral)
node,10834460305,amenity,restaurant,Carneros,-34.5839225,-58.4185123,PALERMO,14.0,carneros,Animales y naturaleza (neutral)
node,10837310705,amenity,cafe,Cafeto,-34.5833203,-58.421015,PALERMO,14.0,cafeto,Animales y naturaleza (neutral)
node,11033008805,amenity,cafe,La Pecera,-34.5846599,-58.4196356,PALERMO,14.0,la pecera,Animales y naturaleza (neutral)
node,11047565231,amenity,restaurant,El Ombú,-34.5700173,-58.5087155,VILLA URQUIZA,12.0,el ombu,Animales y naturaleza (neutral)
node,11195203861,amenity,bar,Krill,-34.5587073,-58.4491061,BELGRANO,13.0,krill,Animales y naturaleza (neutral)
node,11232455937,amenity,cafe,Arena café,-34.5802654,-58.4382111,PALERMO,14.0,arena cafe,Animales y naturaleza (neutral)
node,11244326741,amenity,cafe,Arbol de Café,-34.6228376,-58.5218438,VILLA REAL,10.0,arbol de cafe,Animales y naturaleza (neutral)
node,11248496337,amenity,cafe,Bioma,-34.5815689,-58.4354573,PALERMO,14.0,bioma,Animales y naturaleza (neutral)
node,11387945769,amenity,restaurant,Piedra Pasillo al Fondo,-34.5507181,-58.4633796,NUÑEZ,13.0,piedra pasillo al fondo,Animales y naturaleza (neutral)
node,11414680333,amenity,restaurant,Restaurante Bodega Campo,-34.6059839,-58.3908511,SAN NICOLAS,1.0,restaurante bodega campo,Animales y naturaleza (neutral)
node,11511611169,amenity,cafe,Las Flores,-34.5822131,-58.4410211,PALERMO,14.0,las flores,Animales y naturaleza (neutral)
node,11549028312,amenity,restaurant,Mango,-34.6048446,-58.3894687,SAN NICOLAS,1.0,mango,Animales y naturaleza (neutral)
node,11789599671,amenity,cafe,Mosquito,-34.5874739,-58.4230856,PALERMO,14.0,mosquito,Animales y naturaleza (neutral)
node,11836236499,amenity,cafe,Lobo Cafe,-34.5805678,-58.4132538,PALERMO,14.0,lobo cafe,Animales y naturaleza (neutral)
node,11842602969,amenity,bar,Los Girasoles (Bar Pool Café),-34.6102246,-58.3697227,MONSERRAT,1.0,los girasoles (bar pool cafe),Animales y naturaleza (neutral)
node,11877927352,amenity,cafe,Osa Negra,-34.5519858,-58.4613361,NUÑEZ,13.0,osa negra,Animales y naturaleza (neutral)
node,12004373045,amenity,cafe,Luna Cafe,-34.594796,-58.4269041,PALERMO,14.0,luna cafe,Animales y naturaleza (neutral)
node,12066585069,amenity,bar,Cobra,-34.5697478,-58.4208115,PALERMO,14.0,cobra,Animales y naturaleza (neutral)
node,12066586569,amenity,restaurant,Ribs Al Rio,-34.5705642,-58.4217764,PALERMO,14.0,ribs al rio,Animales y naturaleza (neutral)
node,12084232247,amenity,cafe,Cafeto,-34.5878163,-58.4524434,CHACARITA,15.0,cafeto,Animales y naturaleza (neutral)
node,12185275930,amenity,cafe,Magnolias,-34.5953201,-58.4011865,RECOLETA,2.0,magnolias,Animales y naturaleza (neutral)
node,12198313666,amenity,cafe,Toro Café,-34.5971098,-58.4019678,RECOLETA,2.0,toro cafe,Animales y naturaleza (neutral)
node,12202158703,amenity,cafe,Bicho,-34.5883971,-58.4025604,RECOLETA,2.0,bicho,Animales y naturaleza (neutral)
node,12227912101,amenity,restaurant,El Sol de Palermo,-34.5712513,-58.4137015,PALERMO,14.0,el sol de palermo,Animales y naturaleza (neutral)
node,12269938203,amenity,pub,Hormiga Negra,-34.5878791,-58.4041982,RECOLETA,2.0,hormiga negra,Animales y naturaleza (neutral)
node,12295259848,amenity,restaurant,La Paloma,-34.5936548,-58.4047672,RECOLETA,2.0,la paloma,Animales y naturaleza (neutral)
node,12352455001,amenity,cafe,Tilo,-34.5873623,-58.4074409,RECOLETA,2.0,tilo,Animales y naturaleza (neutral)
node,12387466601,amenity,cafe,Buro Arbol,-34.5850192,-58.4391678,PALERMO,14.0,buro arbol,Animales y naturaleza (neutral)
node,12415266201,amenity,cafe,Buró Árbol,-34.5860301,-58.4403826,PALERMO,14.0,buro arbol,Animales y naturaleza (neutral)
node,12442535201,amenity,restaurant,Tomate,-34.5896613,-58.4269385,PALERMO,14.0,tomate,Animales y naturaleza (neutral)
node,12531652563,amenity,cafe,Café Botanico,-34.5950927,-58.4228713,PALERMO,14.0,cafe botanico,Animales y naturaleza (neutral)
node,12723687699,amenity,restaurant,Acacia Negra,-34.624697,-58.5254863,VILLA REAL,10.0,acacia negra,Animales y naturaleza (neutral)
node,12732302601,amenity,restaurant,Naranjo,-34.5878557,-58.4445907,CHACARITA,15.0,naranjo,Animales y naturaleza (neutral)
node,12789844601,amenity,restaurant,El Sol,-34.5844933,-58.4665204,VILLA ORTUZAR,15.0,el sol,Animales y naturaleza (neutral)
node,12801106944,amenity,bar,La Colmena,-34.5909536,-58.4330861,PALERMO,14.0,la colmena,Animales y naturaleza (neutral)
node,12958118763,amenity,restaurant,Aire Libre,-34.5535792,-58.450058,BELGRANO,13.0,aire libre,Animales y naturaleza (neutral)
node,13005395417,amenity,restaurant,Sauces,-34.5420203,-58.4731753,NUÑEZ,13.0,sauces,Animales y naturaleza (neutral)
node,13059895744,amenity,restaurant,Tomate,-34.5692631,-58.4176861,PALERMO,14.0,tomate,Animales y naturaleza (neutral)
node,13254940624,amenity,cafe,Gorrión,-34.5674072,-58.4510262,COLEGIALES,13.0,gorrion,Animales y naturaleza (neutral)
node,2727014794,shop,bakery,La Mariposa,-34.6132766,-58.3776714,MONSERRAT,1.0,la mariposa,Animales y naturaleza (neutral)
node,2744123279,shop,bakery,El Cisne de Goyena,-34.6253809,-58.4308748,CABALLITO,6.0,el cisne de goyena,Animales y naturaleza (neutral)
node,3752289568,shop,books,Librería Puerta del Sol,-34.6299754,-58.4639028,FLORES,7.0,libreria puerta del sol,Animales y naturaleza (neutral)
node,4553018852,shop,books,Poroto Colorado,-34.5807545,-58.4220147,PALERMO,14.0,poroto colorado,Animales y naturaleza (neutral)
node,4612983584,shop,bakery,Estrella del Norte,-34.5445743,-58.4765124,SAAVEDRA,12.0,estrella del norte,Animales y naturaleza (neutral)
node,4657375169,shop,bakery,La Flor de Beiró,-34.6171417,-58.5289369,VILLA REAL,10.0,la flor de beiro,Animales y naturaleza (neutral)
node,4658041606,shop,bakery,Los Monos,-34.6239307,-58.4872378,FLORESTA,10.0,los monos,Animales y naturaleza (neutral)
node,4659940097,shop,bakery,El Molino,-34.5738856,-58.4793202,VILLA URQUIZA,12.0,el molino,Animales y naturaleza (neutral)
node,4684000438,shop,bakery,La Estrella,-34.6466498,-58.5043728,LINIERS,9.0,la estrella,Animales y naturaleza (neutral)
node,4693077048,shop,bakery,Costa Lar,-34.6229132,-58.3920399,SAN CRISTOBAL,3.0,costa lar,Animales y naturaleza (neutral)
node,4695923724,shop,bakery,El Sol,-34.6356025,-58.4525126,FLORES,7.0,el sol,Animales y naturaleza (neutral)
node,4700535797,shop,ice_cream,La Flor de lmagro,-34.6008876,-58.4313824,VILLA CRESPO,15.0,la flor de lmagro,Animales y naturaleza (neutral)
node,4764289521,shop,bakery,Los Almendros,-34.6002924,-58.4235404,ALMAGRO,5.0,los almendros,Animales y naturaleza (neutral)
node,4842882311,shop,bakery,Las espigas,-34.612716,-58.3902358,MONSERRAT,1.0,las espigas,Animales y naturaleza (neutral)
node,4858736092,shop,bakery,El Molino de la Rosa,-34.5972734,-58.4875284,AGRONOMIA,15.0,el molino de la rosa,Animales y naturaleza (neutral)
node,4872219722,shop,bakery,Sol de trigo,-34.6264883,-58.5225057,VERSALLES,10.0,sol de trigo,Animales y naturaleza (neutral)
node,4985350213,shop,books,Librería Corneja,-34.5770555,-58.4818161,VILLA URQUIZA,12.0,libreria corneja,Animales y naturaleza (neutral)
node,5446674205,shop,bakery,Del Sol,-34.6260229,-58.4546343,FLORES,7.0,del sol,Animales y naturaleza (neutral)
node,5838344664,shop,bakery,La Perla de Caballito,-34.6097023,-58.446705,CABALLITO,6.0,la perla de caballito,Animales y naturaleza (neutral)
node,5859998002,shop,books,La Gata Luna,-34.5509423,-58.466002,NUÑEZ,13.0,la gata luna,Animales y naturaleza (neutral)
node,6951945268,shop,bakery,El Molino,-34.5574494,-58.4455607,BELGRANO,13.0,el molino,Animales y naturaleza (neutral)
node,7111514085,shop,books,Caburé,-34.6150624,-58.3750553,MONSERRAT,1.0,cabure,Animales y naturaleza (neutral)
node,12145169445,shop,books,En el Viento,-34.5624315,-58.4596528,BELGRANO,13.0,en el viento,Animales y naturaleza (neutral)
node,668291475,amenity,restaurant,Hard Rock Cafe,-34.5857632,-58.393157,RECOLETA,2.0,hard rock cafe,Anglophone
node,876502419,amenity,restaurant,Velvet,-34.5890486,-58.4155142,PALERMO,14.0,velvet,Anglophone
node,1107970184,amenity,cafe,Starbucks,-34.6007107,-58.392943,BALVANERA,3.0,starbucks,Anglophone
node,1109141340,amenity,bar,Notorious,-34.5977928,-58.393298,RECOLETA,2.0,notorious,Anglophone
node,1109818961,amenity,cafe,The Coffee Store,-34.6042479,-58.3936269,BALVANERA,3.0,the coffee store,Anglophone
node,1112458242,amenity,restaurant,Green Life,-34.6043197,-58.3941157,BALVANERA,3.0,green life,Anglophone
node,1114085203,amenity,bar,Boston,-34.6040793,-58.3940413,BALVANERA,3.0,boston,Anglophone
node,1114122404,amenity,pub,Remember,-34.6043153,-58.3948287,BALVANERA,3.0,remember,Anglophone
node,1144102363,amenity,cafe,Open 25 hs!,-34.59695,-58.3989887,RECOLETA,2.0,open 25 hs!,Anglophone
node,1176292280,amenity,bar,The Bangalore & Company,-34.5871611,-58.4381963,PALERMO,14.0,the bangalore & company,Anglophone
node,1186333784,amenity,restaurant,Happines House,-34.5967279,-58.3919963,RECOLETA,2.0,happines house,Anglophone
node,1265853754,amenity,cafe,Starbucks,-34.615254,-58.4290266,ALMAGRO,5.0,starbucks,Anglophone
node,1316705413,amenity,restaurant,Randall's,-34.5911407,-58.4278184,PALERMO,14.0,randall's,Anglophone
node,1316705415,amenity,restaurant,Green Bamboo,-34.5810736,-58.436863,PALERMO,14.0,green bamboo,Anglophone
node,1372546209,amenity,cafe,Starbucks,-34.5890623,-58.3840529,RETIRO,1.0,starbucks,Anglophone
node,1376375932,amenity,cafe,Starbucks,-34.6011625,-58.3647946,PUERTO MADERO,1.0,starbucks,Anglophone
node,1402323286,amenity,cafe,Starbucks,-34.61711,-58.4341737,CABALLITO,6.0,starbucks,Anglophone
node,1443774287,amenity,restaurant,Rave,-34.5889069,-58.4321384,PALERMO,14.0,rave,Anglophone
node,1625193978,amenity,pub,The Kilkenny,-34.5960905,-58.3729645,RETIRO,1.0,the kilkenny,Anglophone
node,1641501713,amenity,pub,The Brighton,-34.6046116,-58.3774732,SAN NICOLAS,1.0,the brighton,Anglophone
node,1641965128,amenity,cafe,Josephina's,-34.5927039,-58.3870083,RETIRO,1.0,josephina's,Anglophone
node,1643890477,amenity,cafe,Florida Garden,-34.5975906,-58.3753034,RETIRO,1.0,florida garden,Anglophone
node,1643930751,amenity,bar,Jack the Ripper,-34.5932582,-58.3843701,RETIRO,1.0,jack the ripper,Anglophone
node,1678457027,amenity,cafe,Starbucks,-34.6029142,-58.3864648,SAN NICOLAS,1.0,starbucks,Anglophone
node,1678504211,amenity,cafe,Starbucks,-34.6045,-58.3909321,SAN NICOLAS,1.0,starbucks,Anglophone
node,1719003358,amenity,cafe,Starbucks,-34.602938,-58.410134,BALVANERA,3.0,starbucks,Anglophone
node,1821534346,amenity,cafe,Starbucks,-34.5706087,-58.4440623,COLEGIALES,13.0,starbucks,Anglophone
node,1821534888,amenity,cafe,Starbucks,-34.5687528,-58.4439128,PALERMO,14.0,starbucks,Anglophone
node,1840700579,amenity,cafe,Starbucks,-34.5960623,-58.3931285,RECOLETA,2.0,starbucks,Anglophone
node,2011932509,amenity,pub,The Roxy,-34.5802545,-58.4510291,COLEGIALES,13.0,the roxy,Anglophone
node,2011936594,amenity,restaurant,Kentucky,-34.5807087,-58.4508424,CHACARITA,15.0,kentucky,Anglophone
node,2017344206,amenity,restaurant,Kentucky,-34.5812262,-58.4220651,PALERMO,14.0,kentucky,Anglophone
node,2072689954,amenity,cafe,Starbucks,-34.5932017,-58.3760604,RETIRO,1.0,starbucks,Anglophone
node,2075058208,amenity,restaurant,Harmony Bar & Restaurante,-34.6089746,-58.3775584,MONSERRAT,1.0,harmony bar & restaurante,Anglophone
node,2075062352,amenity,cafe,Import,-34.6091157,-58.3801586,MONSERRAT,1.0,import,Anglophone
node,2075595605,amenity,cafe,Starbucks,-34.6207313,-58.3713217,SAN TELMO,1.0,starbucks,Anglophone
node,2085730095,amenity,cafe,Starbucks,-34.6079344,-58.3748359,SAN NICOLAS,1.0,starbucks,Anglophone
node,2086715082,amenity,theatre,Teatro del Ángel,-34.595245,-58.4147536,RECOLETA,2.0,teatro del angel,Anglophone
node,2132673167,amenity,cafe,Rox,-34.5458208,-58.4708917,SAAVEDRA,12.0,rox,Anglophone
node,2136831103,amenity,restaurant,Watson's,-34.5620549,-58.4559821,BELGRANO,13.0,watson's,Anglophone
node,2142825907,amenity,restaurant,Kentucky,-34.6043034,-58.3880311,SAN NICOLAS,1.0,kentucky,Anglophone
node,2179910524,amenity,restaurant,Sassi's,-34.5595354,-58.4544623,BELGRANO,13.0,sassi's,Anglophone
node,2199807148,amenity,restaurant,Family,-34.5569834,-58.4608344,BELGRANO,13.0,family,Anglophone
node,2204907433,amenity,restaurant,Ugi's,-34.624379,-58.4059014,SAN CRISTOBAL,3.0,ugi's,Anglophone
node,2208155744,amenity,restaurant,Pepper,-34.5656028,-58.4552412,BELGRANO,13.0,pepper,Anglophone
node,2213105442,amenity,cafe,Downtown Deli,-34.5649173,-58.4555695,BELGRANO,13.0,downtown deli,Anglophone
node,2214802549,amenity,bar,Open Bar,-34.5407604,-58.474096,NUÑEZ,13.0,open bar,Anglophone
node,2214805850,amenity,restaurant,Fame,-34.5611664,-58.4590768,BELGRANO,13.0,fame,Anglophone
node,2225541045,amenity,restaurant,American Deli,-34.6089457,-58.3749962,MONSERRAT,1.0,american deli,Anglophone
node,2229510688,amenity,cafe,Sweetly,-34.5910721,-58.4044184,RECOLETA,2.0,sweetly,Anglophone
node,2253880017,amenity,bar,Open Bar,-34.5409386,-58.4745906,SAAVEDRA,12.0,open bar,Anglophone
node,2259136187,amenity,cafe,Lately,-34.5586693,-58.4476867,BELGRANO,13.0,lately,Anglophone
node,2283516548,amenity,pub,Down Town Matias,-34.5965204,-58.3742399,RETIRO,1.0,down town matias,Anglophone
node,2288555040,amenity,restaurant,Black & White,-34.5983463,-58.3727198,RETIRO,1.0,black & white,Anglophone
node,2301401777,amenity,bar,El Marquee,-34.5973981,-58.4351688,VILLA CRESPO,15.0,el marquee,Anglophone
node,2322582296,amenity,cafe,Starbucks,-34.5548239,-58.4495541,BELGRANO,13.0,starbucks,Anglophone
node,2330159290,amenity,restaurant,Kentucky,-34.6099393,-58.4005693,BALVANERA,3.0,kentucky,Anglophone
node,2344998492,amenity,bar,Dark Bar,-34.6090476,-58.3793581,MONSERRAT,1.0,dark bar,Anglophone
node,2361025324,amenity,bar,Downtown Matias,-34.5672576,-58.463383,BELGRANO,13.0,downtown matias,Anglophone
node,2364859365,amenity,bar,The Oldest,-34.6172849,-58.435369,CABALLITO,6.0,the oldest,Anglophone
node,2366184711,amenity,cafe,Starbucks,-34.5908132,-58.4004978,RECOLETA,2.0,starbucks,Anglophone
node,2386495800,amenity,cafe,Mc Nor,-34.5835055,-58.4131479,PALERMO,14.0,mc nor,Anglophone
node,2397658437,amenity,cafe,Cigar Point,-34.5534868,-58.464214,NUÑEZ,13.0,cigar point,Anglophone
node,2403047986,amenity,cafe,Starbucks,-34.5765955,-58.4830146,VILLA URQUIZA,12.0,starbucks,Anglophone
node,2405697296,amenity,cinema,Showcase Cinemas,-34.5535197,-58.4532527,BELGRANO,13.0,showcase cinemas,Anglophone
node,2448333883,amenity,cafe,New Coffe,-34.5535288,-58.4648173,NUÑEZ,13.0,new coffe,Anglophone
node,2470337110,amenity,restaurant,Tucson,-34.5473869,-58.4653988,NUÑEZ,13.0,tucson,Anglophone
node,2472971037,amenity,restaurant,Zoom Resto-Bar,-34.6160583,-58.3710314,SAN TELMO,1.0,zoom resto-bar,Anglophone
node,2533704008,amenity,cafe,Starbucks,-34.5460471,-58.4885486,SAAVEDRA,12.0,starbucks,Anglophone
node,2620216029,amenity,cafe,Coffee town,-34.6192881,-58.3726074,SAN TELMO,1.0,coffee town,Anglophone
node,2634623765,amenity,pub,El Surtidor Beer House,-34.5856124,-58.4310031,PALERMO,14.0,el surtidor beer house,Anglophone
node,2676843681,amenity,cafe,Mandarina's Café,-34.5443659,-58.467308,NUÑEZ,13.0,mandarina's cafe,Anglophone
node,2704745799,amenity,restaurant,Kentucky,-34.5787724,-58.4255448,PALERMO,14.0,kentucky,Anglophone
node,2704857244,amenity,restaurant,Dandy,-34.5949469,-58.3786665,RETIRO,1.0,dandy,Anglophone
node,2722427892,amenity,cafe,Pride Café,-34.6178752,-58.3702855,SAN TELMO,1.0,pride cafe,Anglophone
node,2746524092,amenity,restaurant,Mora House,-34.5554314,-58.4566741,BELGRANO,13.0,mora house,Anglophone
node,2791239050,amenity,cafe,Starbucks,-34.5809342,-58.4105232,PALERMO,14.0,starbucks,Anglophone
node,2791606749,amenity,cafe,Starbucks,-34.5778443,-58.4062332,PALERMO,14.0,starbucks,Anglophone
node,2795804339,amenity,restaurant,Kentucky,-34.5942523,-58.4197026,PALERMO,14.0,kentucky,Anglophone
node,2873898915,amenity,cafe,The Coffee Store,-34.6150944,-58.4272879,ALMAGRO,5.0,the coffee store,Anglophone
node,2906569036,amenity,cafe,Starbucks,-34.6106599,-58.3624959,PUERTO MADERO,1.0,starbucks,Anglophone
node,2920151701,amenity,cafe,The Coffee Store,-34.5626031,-58.473786,COGHLAN,12.0,the coffee store,Anglophone
node,2924016001,amenity,cafe,Coffee Haus,-34.6072404,-58.375357,SAN NICOLAS,1.0,coffee haus,Anglophone
node,2958755070,amenity,bar,Johnny B. Good,-34.6060489,-58.3665685,PUERTO MADERO,1.0,johnny b. good,Anglophone
node,2969577079,amenity,cafe,Go in!,-34.5905741,-58.4037252,RECOLETA,2.0,go in!,Anglophone
node,3003582623,amenity,cafe,Green Eat,-34.5653126,-58.4533501,BELGRANO,13.0,green eat,Anglophone
node,3005749705,amenity,bar,Sports n' Rock Bar,-34.5969277,-58.373184,RETIRO,1.0,sports n' rock bar,Anglophone
node,3005757395,amenity,restaurant,Whoopies,-34.5960451,-58.3708103,RETIRO,1.0,whoopies,Anglophone
node,3011524472,amenity,restaurant,SUBWAY Reconquista,-34.596993,-58.3731649,RETIRO,1.0,subway reconquista,Anglophone
node,3051189123,amenity,restaurant,The Brothers,-34.6354128,-58.4892017,VELEZ SARSFIELD,10.0,the brothers,Anglophone
node,3059902733,amenity,cafe,Be Juice,-34.5886584,-58.3985508,RECOLETA,2.0,be juice,Anglophone
node,3068321566,amenity,restaurant,Tucson,-34.545856,-58.4878114,SAAVEDRA,12.0,tucson,Anglophone
node,3080522720,amenity,cafe,LAB New American Cuisine & Coffee Shop,-34.586002,-58.436885,PALERMO,14.0,lab new american cuisine & coffee shop,Anglophone
node,3091645169,amenity,cafe,Starbucks,-34.5997149,-58.4006001,BALVANERA,3.0,starbucks,Anglophone
node,3101216711,amenity,cafe,Starbucks,-34.6125579,-58.3748117,MONSERRAT,1.0,starbucks,Anglophone
node,3153491961,amenity,restaurant,Pablin's,-34.5969548,-58.4063469,RECOLETA,2.0,pablin's,Anglophone
node,3173366465,amenity,pub,Post Street Bar,-34.5862315,-58.4281608,PALERMO,14.0,post street bar,Anglophone
node,3174759864,amenity,bar,The Temple Bar,-34.5965196,-58.3805144,RETIRO,1.0,the temple bar,Anglophone
node,3176053375,amenity,restaurant,California Buffet Company,-34.5968135,-58.3811732,RETIRO,1.0,california buffet company,Anglophone
node,3179550393,amenity,cafe,Starbucks,-34.610741,-58.3660725,PUERTO MADERO,1.0,starbucks,Anglophone
node,3179550399,amenity,restaurant,TGI Friday's,-34.609481,-58.3661084,PUERTO MADERO,1.0,tgi friday's,Anglophone
node,3179599567,amenity,restaurant,Bar Bulldog,-34.6075794,-58.3663104,PUERTO MADERO,1.0,bar bulldog,Anglophone
node,3180535294,amenity,restaurant,Happening,-34.6023993,-58.3668835,PUERTO MADERO,1.0,happening,Anglophone
node,3180965717,amenity,restaurant,London City,-34.6084595,-58.3748309,MONSERRAT,1.0,london city,Anglophone
node,3188334965,amenity,cafe,Starbucks,-34.5677712,-58.4366932,PALERMO,14.0,starbucks,Anglophone
node,3205426278,amenity,restaurant,New Port,-34.5891962,-58.3927128,RECOLETA,2.0,new port,Anglophone
node,3205426301,amenity,restaurant,urban,-34.5889827,-58.3925946,RECOLETA,2.0,urban,Anglophone
node,3220121882,amenity,bar,Dark pool,-34.6150673,-58.4375156,CABALLITO,6.0,dark pool,Anglophone
node,3243910761,amenity,cafe,The Coffe Store,-34.5638718,-58.4387682,PALERMO,14.0,the coffe store,Anglophone
node,3257422162,amenity,restaurant,Grill Dandy,-34.5805006,-58.431951,PALERMO,14.0,grill dandy,Anglophone
node,3257752193,amenity,restaurant,Rey Soho,-34.5884729,-58.4300857,PALERMO,14.0,rey soho,Anglophone
node,3257753730,amenity,pub,Irish Pub Sullivan's,-34.5878889,-58.4291719,PALERMO,14.0,irish pub sullivan's,Anglophone
node,3260942565,amenity,pub,The Temple Bar,-34.5881232,-58.4267961,PALERMO,14.0,the temple bar,Anglophone
node,3273682964,amenity,cafe,Starbucks,-34.5859655,-58.3915493,RECOLETA,2.0,starbucks,Anglophone
node,3346036976,amenity,pub,Growlers,-34.6268878,-58.4298548,CABALLITO,6.0,growlers,Anglophone
node,3368458686,amenity,restaurant,Kentucky,-34.582671,-58.434443,PALERMO,14.0,kentucky,Anglophone
node,3368460297,amenity,cafe,Starbucks,-34.56973,-58.4207825,PALERMO,14.0,starbucks,Anglophone
node,3416791033,amenity,cafe,Starbucks,-34.5896775,-58.4258116,PALERMO,14.0,starbucks,Anglophone
node,3427843193,amenity,cafe,Ol'days,-34.6111971,-58.3633935,PUERTO MADERO,1.0,ol'days,Anglophone
node,3513155624,amenity,cafe,Suit Suit,-34.551344,-58.4539826,BELGRANO,13.0,suit suit,Anglophone
node,3600510122,amenity,cafe,Starbucks,-34.5845677,-58.4359883,PALERMO,14.0,starbucks,Anglophone
node,3605372118,amenity,cinema,Cinemark Puerto Madero,-34.621046,-58.3649162,PUERTO MADERO,1.0,cinemark puerto madero,Anglophone
node,3605500268,amenity,restaurant,Pepper RestoBar,-34.5864447,-58.4103792,PALERMO,14.0,pepper restobar,Anglophone
node,3631713171,amenity,restaurant,Bar BQ,-34.5817449,-58.4373749,PALERMO,14.0,bar bq,Anglophone
node,3638054270,amenity,restaurant,Ugi's,-34.6107753,-58.41321,BALVANERA,3.0,ugi's,Anglophone
node,3675631645,amenity,cafe,Tea Connection,-34.5598912,-58.4568761,BELGRANO,13.0,tea connection,Anglophone
node,3679567025,amenity,cafe,Starbucks,-34.5958416,-58.385841,RETIRO,1.0,starbucks,Anglophone
node,3703854080,amenity,cafe,Starbucks,-34.6063487,-58.3738113,SAN NICOLAS,1.0,starbucks,Anglophone
node,3736842364,amenity,cafe,Snackbar,-34.6316957,-58.3987651,PARQUE PATRICIOS,4.0,snackbar,Anglophone
node,3805648245,amenity,pub,Sugar,-34.5884257,-58.4263428,PALERMO,14.0,sugar,Anglophone
node,3805736458,amenity,cafe,My Place,-34.5774677,-58.4229242,PALERMO,14.0,my place,Anglophone
node,3808561917,amenity,cafe,Starbucks,-34.6114478,-58.518008,VILLA DEVOTO,11.0,starbucks,Anglophone
node,3808561920,amenity,cafe,The Coffe Store,-34.6117367,-58.5173933,VILLA DEVOTO,11.0,the coffe store,Anglophone
node,3810179958,amenity,cafe,Chips Cafe,-34.5742315,-58.4036433,PALERMO,14.0,chips cafe,Anglophone
node,3810179966,amenity,restaurant,Hereford,-34.5888847,-58.3839826,RETIRO,1.0,hereford,Anglophone
node,3810179975,amenity,cafe,Starbucks,-34.5739481,-58.4036113,PALERMO,14.0,starbucks,Anglophone
node,3817032995,amenity,restaurant,Hereford,-34.5893066,-58.3939269,RECOLETA,2.0,hereford,Anglophone
node,3817032996,amenity,cafe,Starbucks,-34.5891711,-58.3936911,RECOLETA,2.0,starbucks,Anglophone
node,3882750963,amenity,cafe,Spot,-34.5859717,-58.3985562,RECOLETA,2.0,spot,Anglophone
node,4012943004,amenity,cafe,Starbucks,-34.5577608,-58.4606855,BELGRANO,13.0,starbucks,Anglophone
node,4021998701,amenity,restaurant,Take & Eat,-34.5502172,-58.456632,NUÑEZ,13.0,take & eat,Anglophone
node,4089940881,amenity,cafe,Relax III,-34.611313,-58.3733237,MONSERRAT,1.0,relax iii,Anglophone
node,4095729692,amenity,cafe,Starbucks,-34.5865515,-58.4141056,PALERMO,14.0,starbucks,Anglophone
node,4106165759,amenity,pub,The Temple Bar,-34.5917063,-58.3921984,RECOLETA,2.0,the temple bar,Anglophone
node,4119204914,amenity,cafe,Starbucks,-34.5596973,-58.4453863,BELGRANO,13.0,starbucks,Anglophone
node,4153633540,amenity,cafe,Starbucks,-34.6081651,-58.3922237,BALVANERA,3.0,starbucks,Anglophone
node,4209860089,amenity,pub,YOLO Bar,-34.5809057,-58.4270899,PALERMO,14.0,yolo bar,Anglophone
node,4214670731,amenity,cafe,Starbucks,-34.598493,-58.440067,VILLA CRESPO,15.0,starbucks,Anglophone
node,4251296189,amenity,cafe,Pride Hollywood,-34.5835696,-58.4336827,PALERMO,14.0,pride hollywood,Anglophone
node,4251331595,amenity,cafe,CoCo Fresh Tea & Juice,-34.5743784,-58.4221439,PALERMO,14.0,coco fresh tea & juice,Anglophone
node,4270804918,amenity,cafe,Starbucks,-34.5780257,-58.437959,PALERMO,14.0,starbucks,Anglophone
node,4313772379,amenity,cafe,Tea Connection,-34.5682454,-58.4644944,BELGRANO,13.0,tea connection,Anglophone
node,4315225523,amenity,cafe,Starbucks,-34.5728802,-58.4594726,COLEGIALES,13.0,starbucks,Anglophone
node,4319023502,amenity,restaurant,Chipper,-34.5836224,-58.4338013,PALERMO,14.0,chipper,Anglophone
node,4319023511,amenity,bar,Mellow,-34.5846801,-58.4349359,PALERMO,14.0,mellow,Anglophone
node,4319023521,amenity,bar,The Brother's Club,-34.5870261,-58.4391249,PALERMO,14.0,the brother's club,Anglophone
node,4319023522,amenity,nightclub,The Roxy Live!,-34.5871372,-58.4389744,PALERMO,14.0,the roxy live!,Anglophone
node,4343045277,amenity,cafe,Sheikob's Bagels,-34.5682317,-58.4357792,PALERMO,14.0,sheikob's bagels,Anglophone
node,4353264748,amenity,cafe,Starbucks,-34.5456385,-58.4882128,SAAVEDRA,12.0,starbucks,Anglophone
node,4358154290,amenity,restaurant,Garage Bar,-34.6161524,-58.3750215,SAN TELMO,1.0,garage bar,Anglophone
node,4366476092,amenity,cinema,Hoyts,-34.5469128,-58.4876947,SAAVEDRA,12.0,hoyts,Anglophone
node,4391654790,amenity,restaurant,Batata's,-34.6257753,-58.4859503,FLORESTA,10.0,batata's,Anglophone
node,4404465497,amenity,cafe,Starbucks,-34.6045565,-58.3739015,SAN NICOLAS,1.0,starbucks,Anglophone
node,4436232987,amenity,bar,Winna,-34.5698672,-58.4899649,VILLA URQUIZA,12.0,winna,Anglophone
node,4444730189,amenity,bar,The Harrison Speakeasy,-34.589857,-58.4255006,PALERMO,14.0,the harrison speakeasy,Anglophone
node,4449921485,amenity,cafe,Naon Shop,-34.5630761,-58.4767944,COGHLAN,12.0,naon shop,Anglophone
node,4455272994,amenity,theatre,Teatro Avenida,-34.6093558,-58.3836511,MONSERRAT,1.0,teatro avenida,Anglophone
node,4461102489,amenity,restaurant,NOLA,-34.5935319,-58.4250258,PALERMO,14.0,nola,Anglophone
node,4479361590,amenity,cafe,Tea Connection,-34.5748152,-58.4231364,PALERMO,14.0,tea connection,Anglophone
node,4482489090,amenity,bar,Stayhome,-34.5834684,-58.433684,PALERMO,14.0,stayhome,Anglophone
node,4519597089,amenity,restaurant,Red Resto & Lounge,-34.6172959,-58.3621199,PUERTO MADERO,1.0,red resto & lounge,Anglophone
node,4557788677,amenity,restaurant,Dandy,-34.5800386,-58.4058327,PALERMO,14.0,dandy,Anglophone
node,4565393251,amenity,restaurant,Point,-34.6282609,-58.3987543,SAN CRISTOBAL,3.0,point,Anglophone
node,4567331618,amenity,cafe,Starbucks,-34.6341148,-58.3757053,BARRACAS,4.0,starbucks,Anglophone
node,4569312988,amenity,cafe,Starbucks,-34.60341,-58.3723805,SAN NICOLAS,1.0,starbucks,Anglophone
node,4581732390,amenity,cafe,Full City Coffee House,-34.5885344,-58.4316378,PALERMO,14.0,full city coffee house,Anglophone
node,4591426133,amenity,restaurant,Big Pizza,-34.6305092,-58.425798,BOEDO,5.0,big pizza,Anglophone
node,4600373184,amenity,restaurant,Kentucky,-34.6294342,-58.4641548,FLORES,7.0,kentucky,Anglophone
node,4602555975,amenity,restaurant,Kentucky,-34.6339122,-58.3901762,CONSTITUCION,1.0,kentucky,Anglophone
node,4604863738,amenity,restaurant,Speed,-34.651023,-58.4160805,NUEVA POMPEYA,4.0,speed,Anglophone
node,4612886150,amenity,nightclub,Velvet,-34.552285,-58.4651982,NUÑEZ,13.0,velvet,Anglophone
node,4612968425,amenity,restaurant,Whoppies,-34.5522525,-58.4806066,SAAVEDRA,12.0,whoppies,Anglophone
node,4612981694,amenity,bar,The Monkey´s Bar,-34.5881715,-58.4223307,PALERMO,14.0,the monkey s bar,Anglophone
node,4630570705,amenity,cafe,Starbucks,-34.6164562,-58.3652796,PUERTO MADERO,1.0,starbucks,Anglophone
node,4632890493,amenity,cafe,Das's,-34.5724673,-58.4956443,VILLA URQUIZA,12.0,das's,Anglophone
node,4635304495,amenity,restaurant,Collins,-34.5716238,-58.4320704,PALERMO,14.0,collins,Anglophone
node,4635335340,amenity,nightclub,Western,-34.5470896,-58.448474,BELGRANO,13.0,western,Anglophone
node,4635972043,amenity,restaurant,Gourmet House,-34.5558174,-58.4634748,NUÑEZ,13.0,gourmet house,Anglophone
node,4646205013,amenity,cafe,Take Away,-34.5456782,-58.4710137,SAAVEDRA,12.0,take away,Anglophone
node,4653068920,amenity,cafe,Shop,-34.5891467,-58.4851329,AGRONOMIA,15.0,shop,Anglophone
node,4654148821,amenity,cafe,The Coffe Store,-34.6072002,-58.5142525,VILLA DEVOTO,11.0,the coffe store,Anglophone
node,4654320286,amenity,restaurant,Miller,-34.5730591,-58.479601,VILLA URQUIZA,12.0,miller,Anglophone
node,4657022708,amenity,bar,Go Bar,-34.5823745,-58.442799,PALERMO,14.0,go bar,Anglophone
node,4660392327,amenity,cafe,Mati's,-34.5658061,-58.4830109,VILLA URQUIZA,12.0,mati's,Anglophone
node,4660663457,amenity,cafe,New Time,-34.6024449,-58.4927032,VILLA DEL PARQUE,11.0,new time,Anglophone
node,4668479396,amenity,cafe,Biutiful,-34.5623556,-58.4532879,BELGRANO,13.0,biutiful,Anglophone
node,4669843902,amenity,restaurant,Ugi's,-34.5911701,-58.4344858,PALERMO,14.0,ugi's,Anglophone
node,4670184635,amenity,restaurant,Orange Madero,-34.6112828,-58.3635429,PUERTO MADERO,1.0,orange madero,Anglophone
node,4670216267,amenity,restaurant,Blue,-34.616468,-58.3617339,PUERTO MADERO,1.0,blue,Anglophone
node,4670216287,amenity,cafe,i Fresh,-34.6115564,-58.36323,PUERTO MADERO,1.0,i fresh,Anglophone
node,4670216491,amenity,cafe,Espresso House,-34.6101997,-58.3634456,PUERTO MADERO,1.0,espresso house,Anglophone
node,4672205335,amenity,restaurant,Ugi's,-34.5971695,-58.3812065,RETIRO,1.0,ugi's,Anglophone
node,4672292203,amenity,restaurant,OK Food,-34.6163549,-58.3627652,PUERTO MADERO,1.0,ok food,Anglophone
node,4672915721,amenity,restaurant,Kentucky,-34.622601,-58.3916741,SAN CRISTOBAL,3.0,kentucky,Anglophone
node,4673237607,amenity,restaurant,Monday,-34.609107,-58.3917791,SAN NICOLAS,1.0,monday,Anglophone
node,4673693844,amenity,cafe,Big Bang,-34.6039389,-58.4120098,BALVANERA,3.0,big bang,Anglophone
node,4675235288,amenity,restaurant,Central Sandwich,-34.6081421,-58.375097,MONSERRAT,1.0,central sandwich,Anglophone
node,4675260765,amenity,cafe,Take & Caffee,-34.59379,-58.3920516,RECOLETA,2.0,take & caffee,Anglophone
node,4675328312,amenity,restaurant,Mr. Sandwich,-34.6103729,-58.3761292,MONSERRAT,1.0,mr. sandwich,Anglophone
node,4675439258,amenity,restaurant,Irish,-34.6114544,-58.3763341,MONSERRAT,1.0,irish,Anglophone
node,4675551233,amenity,restaurant,Mr. Miga,-34.5960282,-58.4031299,RECOLETA,2.0,mr. miga,Anglophone
node,4675687835,amenity,restaurant,Aldo's,-34.6113671,-58.3716761,MONSERRAT,1.0,aldo's,Anglophone
node,4678737846,amenity,restaurant,Dany Elena's,-34.6257501,-58.5094762,MONTE CASTRO,10.0,dany elena's,Anglophone
node,4678909990,amenity,restaurant,Frotello's,-34.6253835,-58.5201509,MONTE CASTRO,10.0,frotello's,Anglophone
node,4683454798,amenity,restaurant,Kentucky,-34.6012593,-58.3809144,SAN NICOLAS,1.0,kentucky,Anglophone
node,4683621784,amenity,cafe,McCafé,-34.6044088,-58.3901723,SAN NICOLAS,1.0,mccafe,Anglophone
node,4683891047,amenity,pub,Beercoin,-34.6531974,-58.518424,LINIERS,9.0,beercoin,Anglophone
node,4684412975,amenity,restaurant,Pepper,-34.6534081,-58.5047055,MATADEROS,9.0,pepper,Anglophone
node,4685201704,amenity,restaurant,Kentucky,-34.6216882,-58.3715084,SAN TELMO,1.0,kentucky,Anglophone
node,4686255291,amenity,cafe,Delicious,-34.6260897,-58.471883,FLORES,7.0,delicious,Anglophone
node,4687892913,amenity,cafe,The Coffee Store,-34.613076,-58.4250685,ALMAGRO,5.0,the coffee store,Anglophone
node,4689211599,amenity,cafe,Starbucks,-34.6042804,-58.4088731,BALVANERA,3.0,starbucks,Anglophone
node,4689860586,amenity,bar,Friends,-34.6258166,-58.4549126,FLORES,7.0,friends,Anglophone
node,4699676578,amenity,restaurant,Me We,-34.6105176,-58.4098554,BALVANERA,3.0,me we,Anglophone
node,4699847783,amenity,cafe,Starbucks,-34.6033661,-58.3787727,SAN NICOLAS,1.0,starbucks,Anglophone
node,4700327998,amenity,cafe,Carmelo's,-34.6118677,-58.4216284,ALMAGRO,5.0,carmelo's,Anglophone
node,4702072033,amenity,cafe,The Sandwich Market,-34.5990575,-58.3781851,SAN NICOLAS,1.0,the sandwich market,Anglophone
node,4702498415,amenity,cafe,Starbucks,-34.5988527,-58.3746423,SAN NICOLAS,1.0,starbucks,Anglophone
node,4702498427,amenity,cafe,My House,-34.5988606,-58.3755379,SAN NICOLAS,1.0,my house,Anglophone
node,4702531211,amenity,restaurant,Places,-34.6000526,-58.3793463,SAN NICOLAS,1.0,places,Anglophone
node,4702602243,amenity,cafe,Starbucks,-34.597877,-58.4065043,RECOLETA,2.0,starbucks,Anglophone
node,4702847090,amenity,restaurant,Las Delicious,-34.6183732,-58.3934803,SAN CRISTOBAL,3.0,las delicious,Anglophone
node,4704005606,amenity,restaurant,Food Time,-34.6039144,-58.3765703,SAN NICOLAS,1.0,food time,Anglophone
node,4704005632,amenity,restaurant,Bar the Bar,-34.6083307,-58.3790399,MONSERRAT,1.0,bar the bar,Anglophone
node,4704133208,amenity,restaurant,Kentucky Pizzeria Bar,-34.6065031,-58.3709414,SAN NICOLAS,1.0,kentucky pizzeria bar,Anglophone
node,4704331971,amenity,restaurant,Serena's Restaurante & Bar,-34.5998704,-58.3764751,SAN NICOLAS,1.0,serena's restaurante & bar,Anglophone
node,4704332931,amenity,restaurant,Soffly's,-34.6011754,-58.3758198,SAN NICOLAS,1.0,soffly's,Anglophone
node,4704539885,amenity,cafe,Starbucks,-34.5988663,-58.3808006,RETIRO,1.0,starbucks,Anglophone
node,4708546449,amenity,cafe,Light's Coffee,-34.6352317,-58.4660513,FLORES,7.0,light's coffee,Anglophone
node,4708681235,amenity,restaurant,Superfish,-34.6221782,-58.4275903,BOEDO,5.0,superfish,Anglophone
node,4708716450,amenity,bar,Tipsy,-34.5773452,-58.4386687,PALERMO,14.0,tipsy,Anglophone
node,4708800515,amenity,cafe,St. George Snack Bar,-34.6000202,-58.3762288,SAN NICOLAS,1.0,st. george snack bar,Anglophone
node,4708844222,amenity,bar,Beer Conect,-34.5998922,-58.3739989,SAN NICOLAS,1.0,beer conect,Anglophone
node,4708915683,amenity,restaurant,Green Curry,-34.600628,-58.3708311,SAN NICOLAS,1.0,green curry,Anglophone
node,4708958430,amenity,restaurant,Mr. Cook's,-34.6157179,-58.419924,ALMAGRO,5.0,mr. cook's,Anglophone
node,4709263868,amenity,bar,Porto - Night Stadium,-34.5920698,-58.4264239,PALERMO,14.0,porto - night stadium,Anglophone
node,4709301001,amenity,bar,However,-34.597844,-58.4352769,VILLA CRESPO,15.0,however,Anglophone
node,4710697294,amenity,restaurant,The Kitchen,-34.6130161,-58.3822231,MONSERRAT,1.0,the kitchen,Anglophone
node,4711257808,amenity,restaurant,Green Eat,-34.5944521,-58.4018157,RECOLETA,2.0,green eat,Anglophone
node,4711339439,amenity,cafe,Starbucks,-34.5956177,-58.3958916,RECOLETA,2.0,starbucks,Anglophone
node,4727943252,amenity,cafe,Tea Connection,-34.5653697,-58.4362682,PALERMO,14.0,tea connection,Anglophone
node,4729378193,amenity,cafe,Tea Connection,-34.5945335,-58.3973243,RECOLETA,2.0,tea connection,Anglophone
node,4730587321,amenity,cafe,Tea Connection,-34.5903551,-58.3957749,RECOLETA,2.0,tea connection,Anglophone
node,4734699125,amenity,nightclub,Bonus track,-34.6040186,-58.3844481,SAN NICOLAS,1.0,bonus track,Anglophone
node,4744334235,amenity,cafe,Big Rabbit,-34.5582748,-58.4505785,BELGRANO,13.0,big rabbit,Anglophone
node,4792672921,amenity,bar,Unplug Bar,-34.6085433,-58.382577,MONSERRAT,1.0,unplug bar,Anglophone
node,4797107022,amenity,pub,Found,-34.5856719,-58.435399,PALERMO,14.0,found,Anglophone
node,4820790922,amenity,nightclub,MCL Records,-34.5831214,-58.4663263,VILLA ORTUZAR,15.0,mcl records,Anglophone
node,4844311883,amenity,cafe,Pretty,-34.6136016,-58.3862326,MONSERRAT,1.0,pretty,Anglophone
node,4876339321,amenity,cafe,The Shelter Coffee,-34.591601,-58.3807311,RETIRO,1.0,the shelter coffee,Anglophone
node,4880848726,amenity,bar,Uptown & The Bronx,-34.5780233,-58.437279,PALERMO,14.0,uptown & the bronx,Anglophone
node,4898466621,amenity,restaurant,Kansas,-34.5656003,-58.4324175,PALERMO,14.0,kansas,Anglophone
node,4913060599,amenity,cafe,Shift Coffee,-34.5583723,-58.4479518,BELGRANO,13.0,shift coffee,Anglophone
node,4925055622,amenity,bar,J.W. Bradley,-34.5863269,-58.4320594,PALERMO,14.0,j.w. bradley,Anglophone
node,4938255821,amenity,restaurant,Central Market,-34.6046552,-58.3644883,PUERTO MADERO,1.0,central market,Anglophone
node,4942459487,amenity,bar,M Street Bar,-34.5788386,-58.4369109,PALERMO,14.0,m street bar,Anglophone
node,5025275021,amenity,bar,whoopies,-34.5949283,-58.4397343,VILLA CRESPO,15.0,whoopies,Anglophone
node,5075174521,amenity,cafe,McCafé,-34.5890683,-58.3938338,RECOLETA,2.0,mccafe,Anglophone
node,5093760995,amenity,restaurant,Stars,-34.5979854,-58.4265456,ALMAGRO,5.0,stars,Anglophone
node,5113425276,amenity,restaurant,TGI Friday's,-34.5888884,-58.3941016,RECOLETA,2.0,tgi friday's,Anglophone
node,5158797513,amenity,cafe,The Coffee Store,-34.5842181,-58.4125645,PALERMO,14.0,the coffee store,Anglophone
node,5169937809,amenity,pub,The Oldest,-34.575829,-58.459678,COLEGIALES,13.0,the oldest,Anglophone
node,5173759194,amenity,cafe,Tea Connection,-34.6213701,-58.4349422,CABALLITO,6.0,tea connection,Anglophone
node,5173759195,amenity,cafe,Tea Connection,-34.5911799,-58.3872653,RETIRO,1.0,tea connection,Anglophone
node,5173759196,amenity,cafe,Tea Connection,-34.5800494,-58.4097936,PALERMO,14.0,tea connection,Anglophone
node,5173759197,amenity,cafe,Tea Connection,-34.5681809,-58.4433663,PALERMO,14.0,tea connection,Anglophone
node,5196104726,amenity,cafe,Surry Hills,-34.5870681,-58.4278705,PALERMO,14.0,surry hills,Anglophone
node,5212943521,amenity,bar,Big Pons,-34.6260531,-58.425637,BOEDO,5.0,big pons,Anglophone
node,5225533921,amenity,restaurant,Saint burger,-34.6089692,-58.3782806,MONSERRAT,1.0,saint burger,Anglophone
node,5379354672,amenity,bar,Rosebar,-34.5855113,-58.4342957,PALERMO,14.0,rosebar,Anglophone
node,5379866524,amenity,cafe,Togni's Café,-34.5550375,-58.4522657,BELGRANO,13.0,togni's cafe,Anglophone
node,5397353457,amenity,restaurant,Restaurant King,-34.6016817,-58.3740503,SAN NICOLAS,1.0,restaurant king,Anglophone
node,5410557721,amenity,bar,Hoboken,-34.6192982,-58.3727723,SAN TELMO,1.0,hoboken,Anglophone
node,5422701824,amenity,restaurant,Kentucky,-34.6034902,-58.3804601,SAN NICOLAS,1.0,kentucky,Anglophone
node,5443499698,amenity,restaurant,Ferroni's,-34.6197805,-58.4401722,CABALLITO,6.0,ferroni's,Anglophone
node,5443798745,amenity,cafe,Stumpy Coffee Point,-34.5582181,-58.4476949,BELGRANO,13.0,stumpy coffee point,Anglophone
node,5517692087,amenity,theatre,Teatro Sony,-34.5822756,-58.4425651,PALERMO,14.0,teatro sony,Anglophone
node,5536952321,amenity,bar,On Tap Craft Beer,-34.5964919,-58.3789438,RETIRO,1.0,on tap craft beer,Anglophone
node,5541489522,amenity,cafe,Lazy Dog,-34.5945747,-58.4228627,PALERMO,14.0,lazy dog,Anglophone
node,5560460222,amenity,cafe,The Coffee Store,-34.5845828,-58.4170737,PALERMO,14.0,the coffee store,Anglophone
node,5604934222,amenity,restaurant,Proper restaurant,-34.5909395,-58.4235361,PALERMO,14.0,proper restaurant,Anglophone
node,5609573722,amenity,cafe,Anna's,-34.6116556,-58.3734226,MONSERRAT,1.0,anna's,Anglophone
node,5649666144,amenity,bar,On Tap,-34.5830981,-58.4338948,PALERMO,14.0,on tap,Anglophone
node,5661894334,amenity,cafe,Starbucks,-34.5968753,-58.375489,RETIRO,1.0,starbucks,Anglophone
node,5706179213,amenity,cafe,Starbucks,-34.6048829,-58.3790637,SAN NICOLAS,1.0,starbucks,Anglophone
node,5747882624,amenity,cafe,Starbucks,-34.6370416,-58.4060026,PARQUE PATRICIOS,4.0,starbucks,Anglophone
node,5757436456,amenity,cafe,Eatbar,-34.6159642,-58.3655659,PUERTO MADERO,1.0,eatbar,Anglophone
node,5878638545,amenity,restaurant,Kentucky,-34.5579132,-58.4669604,BELGRANO,13.0,kentucky,Anglophone
node,5935474318,amenity,bar,Crowlers,-34.6055343,-58.3735749,SAN NICOLAS,1.0,crowlers,Anglophone
node,6007937573,amenity,cafe,Starbucks,-34.5566933,-58.4136388,PALERMO,14.0,starbucks,Anglophone
node,6007937574,amenity,cafe,Starbucks,-34.6184653,-58.4374125,CABALLITO,6.0,starbucks,Anglophone
node,6007937575,amenity,cafe,Starbucks,-34.5510412,-58.4668055,NUÑEZ,13.0,starbucks,Anglophone
node,6007937576,amenity,cafe,Starbucks,-34.5743566,-58.4265858,PALERMO,14.0,starbucks,Anglophone
node,6007937577,amenity,cafe,Starbucks,-34.5892583,-58.4307694,PALERMO,14.0,starbucks,Anglophone
node,6007937580,amenity,cafe,Starbucks,-34.5871617,-58.4076923,RECOLETA,2.0,starbucks,Anglophone
node,6007937581,amenity,cafe,Starbucks,-34.5882359,-58.4098957,PALERMO,14.0,starbucks,Anglophone
node,6007937582,amenity,cafe,Starbucks,-34.592349,-58.4126919,RECOLETA,2.0,starbucks,Anglophone
node,6007937583,amenity,cafe,Starbucks,-34.6032963,-58.4106803,BALVANERA,3.0,starbucks,Anglophone
node,6007940291,amenity,cafe,Starbucks,-34.5892969,-58.3980819,RECOLETA,2.0,starbucks,Anglophone
node,6007940292,amenity,cafe,Starbucks,-34.5915269,-58.3748625,RETIRO,1.0,starbucks,Anglophone
node,6007940293,amenity,cafe,Starbucks,-34.5946525,-58.3713376,RETIRO,1.0,starbucks,Anglophone
node,6007940294,amenity,cafe,Starbucks,-34.5975306,-58.3787741,RETIRO,1.0,starbucks,Anglophone
node,6007940295,amenity,cafe,Starbucks,-34.5990584,-58.3726586,SAN NICOLAS,1.0,starbucks,Anglophone
node,6007940296,amenity,cafe,Starbucks,-34.5988277,-58.3743008,SAN NICOLAS,1.0,starbucks,Anglophone
node,6007940298,amenity,cafe,Starbucks,-34.6043979,-58.3717024,SAN NICOLAS,1.0,starbucks,Anglophone
node,6007940299,amenity,cafe,Starbucks,-34.6046275,-58.38232,SAN NICOLAS,1.0,starbucks,Anglophone
node,6007940300,amenity,cafe,Starbucks,-34.6060581,-58.3728424,SAN NICOLAS,1.0,starbucks,Anglophone
node,6007940301,amenity,cafe,Starbucks,-34.6060913,-58.3709782,SAN NICOLAS,1.0,starbucks,Anglophone
node,6007940302,amenity,cafe,Starbucks,-34.6094951,-58.3847795,MONSERRAT,1.0,starbucks,Anglophone
node,6007940303,amenity,cafe,Starbucks,-34.6094093,-58.3971526,BALVANERA,3.0,starbucks,Anglophone
node,6007940304,amenity,cafe,Starbucks,-34.6114678,-58.3787057,MONSERRAT,1.0,starbucks,Anglophone
node,6007940305,amenity,cafe,Starbucks,-34.6170626,-58.3819216,MONSERRAT,1.0,starbucks,Anglophone
node,6007940306,amenity,cafe,Starbucks,-34.6101151,-58.3705377,MONSERRAT,1.0,starbucks,Anglophone
node,6007940308,amenity,cafe,Starbucks,-34.6749517,-58.458126,VILLA LUGANO,8.0,starbucks,Anglophone
node,6010998386,amenity,bar,On Tap,-34.626795,-58.3721677,BARRACAS,4.0,on tap,Anglophone
node,6058970595,amenity,bar,Strange Brewing,-34.5794801,-58.4513699,COLEGIALES,13.0,strange brewing,Anglophone
node,6150040285,amenity,pub,Sexton's Beer Company,-34.6150807,-58.3730769,MONSERRAT,1.0,sexton's beer company,Anglophone
node,6154684785,amenity,bar,Growlers craft beer,-34.5902653,-58.4307542,PALERMO,14.0,growlers craft beer,Anglophone
node,6171090755,amenity,bar,Black Sam Bellamy,-34.5737994,-58.4740981,VILLA URQUIZA,12.0,black sam bellamy,Anglophone
node,6221573086,amenity,restaurant,Hell's Pizza,-34.5850956,-58.4358564,PALERMO,14.0,hell's pizza,Anglophone
node,6228188685,amenity,cafe,Delicious Café,-34.5876434,-58.3997146,RECOLETA,2.0,delicious cafe,Anglophone
node,6228188686,amenity,cafe,OL’DAYS Coffee and Deli,-34.5923758,-58.3951643,RECOLETA,2.0,ol’days coffee and deli,Anglophone
node,6261845610,amenity,bar,The Hole bar,-34.589079,-58.4266579,PALERMO,14.0,the hole bar,Anglophone
node,6262992254,amenity,cafe,The Coffe Store,-34.6131814,-58.436035,CABALLITO,6.0,the coffe store,Anglophone
node,6307387143,amenity,pub,Growlers,-34.5599399,-58.4557617,BELGRANO,13.0,growlers,Anglophone
node,6313225685,amenity,restaurant,The Burger Company,-34.5904322,-58.4272922,PALERMO,14.0,the burger company,Anglophone
node,6316056098,amenity,restaurant,Paco's,-34.6060476,-58.3851159,SAN NICOLAS,1.0,paco's,Anglophone
node,6320068385,amenity,bar,Zoom,-34.5967863,-58.3989051,RECOLETA,2.0,zoom,Anglophone
node,6331218306,amenity,pub,Hunter Bier,-34.5830014,-58.4491562,CHACARITA,15.0,hunter bier,Anglophone
node,6333425712,amenity,restaurant,Whoopies,-34.5827312,-58.4521035,CHACARITA,15.0,whoopies,Anglophone
node,6375692455,amenity,theatre,Teatro Popular,-34.6172032,-58.3957173,BALVANERA,3.0,teatro popular,Anglophone
node,6394154959,amenity,cafe,Spot,-34.5968028,-58.4643491,PATERNAL,15.0,spot,Anglophone
node,6401590185,amenity,restaurant,Bulls bbq smokehouse,-34.5877607,-58.4276753,PALERMO,14.0,bulls bbq smokehouse,Anglophone
node,6422073889,amenity,cafe,Full,-34.6155424,-58.4490912,CABALLITO,6.0,full,Anglophone
node,6468220523,amenity,cafe,Cutter's,-34.6120968,-58.442374,CABALLITO,6.0,cutter's,Anglophone
node,6481999775,amenity,pub,Tower,-34.6391944,-58.5195032,LINIERS,9.0,tower,Anglophone
node,6518069886,amenity,cafe,Take & Coffee,-34.6019825,-58.3738474,SAN NICOLAS,1.0,take & coffee,Anglophone
node,6561627020,amenity,cafe,Army,-34.6200756,-58.4340327,CABALLITO,6.0,army,Anglophone
node,6561642013,amenity,cafe,Army,-34.6191821,-58.4343382,CABALLITO,6.0,army,Anglophone
node,6573497219,amenity,cafe,Serendipity,-34.5811724,-58.4350509,PALERMO,14.0,serendipity,Anglophone
node,6693817158,amenity,pub,Burton,-34.6582054,-58.5222137,MATADEROS,9.0,burton,Anglophone
node,6753883409,amenity,restaurant,Crack,-34.6066504,-58.4494596,VILLA CRESPO,15.0,crack,Anglophone
node,6863797287,amenity,bar,Wine makers,-34.5929012,-58.3896162,RECOLETA,2.0,wine makers,Anglophone
node,6863797289,amenity,restaurant,Steaks by Louis,-34.5939148,-58.4183652,PALERMO,14.0,steaks by louis,Anglophone
node,6863797290,amenity,bar,Vico wine bar,-34.5925953,-58.4341519,VILLA CRESPO,15.0,vico wine bar,Anglophone
node,6867889185,amenity,restaurant,Aldo's Restoran Vinoteca Palermo,-34.5781309,-58.4374161,PALERMO,14.0,aldo's restoran vinoteca palermo,Anglophone
node,6909435189,amenity,cafe,To Go,-34.5582557,-58.449634,BELGRANO,13.0,to go,Anglophone
node,7022160488,amenity,restaurant,Big Food,-34.5890991,-58.424374,PALERMO,14.0,big food,Anglophone
node,7036320913,amenity,cafe,Coffee Place,-34.6102104,-58.3738022,MONSERRAT,1.0,coffee place,Anglophone
node,7050849879,amenity,cafe,Teaconnetion,-34.5538857,-58.4498191,BELGRANO,13.0,teaconnetion,Anglophone
node,7111363985,amenity,restaurant,Oh’No! Lulu,-34.5954871,-58.430013,VILLA CRESPO,15.0,oh’no! lulu,Anglophone
node,7111373185,amenity,bar,Trade Sky Bar,-34.6032827,-58.3705371,SAN NICOLAS,1.0,trade sky bar,Anglophone
node,7149377962,amenity,cafe,Whoopies,-34.6010456,-58.3957611,BALVANERA,3.0,whoopies,Anglophone
node,7167237190,amenity,restaurant,Royal Mansion,-34.5564783,-58.4495191,BELGRANO,13.0,royal mansion,Anglophone
node,7209576185,amenity,pub,Placebo,-34.6029851,-58.4438401,VILLA CRESPO,15.0,placebo,Anglophone
node,7364280686,amenity,cafe,Coffee Center,-34.6085327,-58.3918647,SAN NICOLAS,1.0,coffee center,Anglophone
node,7473925741,amenity,pub,Red Monkey,-34.5741581,-58.4981542,VILLA URQUIZA,12.0,red monkey,Anglophone
node,7626812782,amenity,restaurant,Lucciano's,-34.5709984,-58.4222037,PALERMO,14.0,lucciano's,Anglophone
node,7668091630,amenity,cafe,The Coffe Store,-34.5596781,-58.4529642,BELGRANO,13.0,the coffe store,Anglophone
node,7722627669,amenity,cafe,Winer,-34.5813735,-58.4747947,PARQUE CHAS,15.0,winer,Anglophone
node,7741865128,amenity,bar,Garden Bar,-34.6091179,-58.5168346,VILLA DEVOTO,11.0,garden bar,Anglophone
node,7992212470,amenity,restaurant,Dandy,-34.5505283,-58.4770199,SAAVEDRA,12.0,dandy,Anglophone
node,8043211846,amenity,cafe,Mood,-34.5522795,-58.4643237,NUÑEZ,13.0,mood,Anglophone
node,8043222988,amenity,cafe,The Coffee Store,-34.5520729,-58.4533513,BELGRANO,13.0,the coffee store,Anglophone
node,8061303824,amenity,pub,They Bronx,-34.5452894,-58.460204,NUÑEZ,13.0,they bronx,Anglophone
node,8109285717,amenity,cafe,La Kitchen,-34.5549532,-58.4759533,COGHLAN,12.0,la kitchen,Anglophone
node,8119013202,amenity,restaurant,Oh! Brothers,-34.6007429,-58.4090168,BALVANERA,3.0,oh! brothers,Anglophone
node,8221324881,amenity,restaurant,Diggs,-34.5887222,-58.4306564,PALERMO,14.0,diggs,Anglophone
node,8260892575,amenity,restaurant,Mill,-34.5964402,-58.4331574,VILLA CRESPO,15.0,mill,Anglophone
node,8272776438,amenity,cafe,Oh! Tea,-34.5574244,-58.4487758,BELGRANO,13.0,oh! tea,Anglophone
node,8364614638,amenity,cafe,Bakery,-34.5554196,-58.450731,BELGRANO,13.0,bakery,Anglophone
node,8459488243,amenity,cafe,Taxi Bar,-34.6092048,-58.4172287,ALMAGRO,5.0,taxi bar,Anglophone
node,8500698924,amenity,cafe,Roses,-34.6034776,-58.4166382,ALMAGRO,5.0,roses,Anglophone
node,9159461917,amenity,restaurant,Do Eat,-34.6362204,-58.4074678,PARQUE PATRICIOS,4.0,do eat,Anglophone
node,9198497317,amenity,cafe,Oh Tea!,-34.5901086,-58.4277594,PALERMO,14.0,oh tea!,Anglophone
node,9316235975,amenity,pub,Brew,-34.5523144,-58.4981765,SAAVEDRA,12.0,brew,Anglophone
node,9482126817,amenity,cafe,Revolver,-34.5938054,-58.4318028,VILLA CRESPO,15.0,revolver,Anglophone
node,9536092104,amenity,bar,Lucky,-34.601227,-58.4079832,BALVANERA,3.0,lucky,Anglophone
node,9548541817,amenity,restaurant,The night market,-34.5847956,-58.4374224,PALERMO,14.0,the night market,Anglophone
node,9563065160,amenity,bar,Spring Brezee,-34.555701,-58.4509851,BELGRANO,13.0,spring brezee,Anglophone
node,9590910817,amenity,cafe,Café Lo-Fi,-34.6108076,-58.4425516,CABALLITO,6.0,cafe lo-fi,Anglophone
node,9664336857,amenity,pub,Orange Bar,-34.5712784,-58.4905199,VILLA URQUIZA,12.0,orange bar,Anglophone
node,9670821698,amenity,cafe,Bee Coffee,-34.5658196,-58.4608959,BELGRANO,13.0,bee coffee,Anglophone
node,9718090817,amenity,cafe,Sippin Cafe,-34.5619715,-58.4608389,BELGRANO,13.0,sippin cafe,Anglophone
node,9743871917,amenity,restaurant,Loreto Garden Bar,-34.5722299,-58.4535806,COLEGIALES,13.0,loreto garden bar,Anglophone
node,9759267619,amenity,bar,Backroom Bar,-34.5863155,-58.4261316,PALERMO,14.0,backroom bar,Anglophone
node,9841650356,amenity,cafe,Cofi Jaus,-34.5594889,-58.4470144,BELGRANO,13.0,cofi jaus,Anglophone
node,9866317655,amenity,cafe,flat&white,-34.5939598,-58.382988,RETIRO,1.0,flat&white,Anglophone
node,9948606247,amenity,cafe,Open Bar Atlanta,-34.594905,-58.4509845,VILLA CRESPO,15.0,open bar atlanta,Anglophone
node,10004407318,amenity,cafe,Import,-34.6016477,-58.387975,SAN NICOLAS,1.0,import,Anglophone
node,10225904836,amenity,cafe,Café Veggie,-34.615857,-58.4569595,CABALLITO,6.0,cafe veggie,Anglophone
node,10276487149,amenity,restaurant,Kentucky,-34.6247401,-58.4159029,BOEDO,5.0,kentucky,Anglophone
node,10297342942,amenity,cafe,Classic BA,-34.5976517,-58.3753149,RETIRO,1.0,classic ba,Anglophone
node,10315026003,amenity,cafe,Hygge Café,-34.6060672,-58.3794674,SAN NICOLAS,1.0,hygge cafe,Anglophone
node,10333568609,amenity,cafe,Other Side,-34.5873203,-58.4281509,PALERMO,14.0,other side,Anglophone
node,10585600329,amenity,bar,Fresh Kitchen Bar,-34.6017422,-58.4049502,BALVANERA,3.0,fresh kitchen bar,Anglophone
node,10676661638,amenity,cafe,Buffalo's,-34.5995285,-58.4800429,VILLA DEL PARQUE,11.0,buffalo's,Anglophone
node,10732977005,amenity,restaurant,Woke,-34.6125935,-58.3760808,MONSERRAT,1.0,woke,Anglophone
node,10736122168,amenity,cafe,The Coffee Store,-34.6059093,-58.4199562,ALMAGRO,5.0,the coffee store,Anglophone
node,10736150885,amenity,cafe,The Coffee Store,-34.5882542,-58.4193844,PALERMO,14.0,the coffee store,Anglophone
node,10827625905,amenity,cafe,Waffles Coffee,-34.5813538,-58.4221193,PALERMO,14.0,waffles coffee,Anglophone
node,10840917949,amenity,cafe,Air Coffee,-34.5519988,-58.4520245,BELGRANO,13.0,air coffee,Anglophone
node,10937312505,amenity,cafe,Hi coffee,-34.5849331,-58.4187233,PALERMO,14.0,hi coffee,Anglophone
node,10971373705,amenity,restaurant,Hard Rock Cafe,-34.5563113,-58.4139283,PALERMO,14.0,hard rock cafe,Anglophone
node,10971394506,amenity,cafe,Starbucks,-34.5569468,-58.4128556,PALERMO,14.0,starbucks,Anglophone
node,11005946505,amenity,cafe,Woopies,-34.5861163,-58.4201084,PALERMO,14.0,woopies,Anglophone
node,11048882547,amenity,cafe,Black Clover,-34.6108813,-58.4304037,CABALLITO,6.0,black clover,Anglophone
node,11086472505,amenity,restaurant,Dandy,-34.5890502,-58.4103127,PALERMO,14.0,dandy,Anglophone
node,11127475379,amenity,cafe,Portus Specialty Coffee,-34.5891726,-58.424103,PALERMO,14.0,portus specialty coffee,Anglophone
node,11179393937,amenity,cafe,NYC,-34.5900109,-58.4240807,PALERMO,14.0,nyc,Anglophone
node,11231343839,amenity,cafe,Coffee Street,-34.5855519,-58.4232538,PALERMO,14.0,coffee street,Anglophone
node,11254168738,amenity,cafe,Travel Studio,-34.5952667,-58.3744853,RETIRO,1.0,travel studio,Anglophone
node,11260034566,amenity,bar,PublicBar,-34.6107338,-58.3636798,PUERTO MADERO,1.0,publicbar,Anglophone
node,11289271669,amenity,restaurant,Let it V,-34.6008814,-58.5121939,VILLA DEVOTO,11.0,let it v,Anglophone
node,11371567369,amenity,cafe,Green Eat,-34.6067855,-58.3751043,SAN NICOLAS,1.0,green eat,Anglophone
node,11374562169,amenity,restaurant,Let it V,-34.6048309,-58.3900306,SAN NICOLAS,1.0,let it v,Anglophone
node,11374843859,amenity,nightclub,After Office TRENDY Miercoles Palermo,-34.5858339,-58.4357877,PALERMO,14.0,after office trendy miercoles palermo,Anglophone
node,11374843860,amenity,bar,Famous Loungebar,-34.5845599,-58.4366418,PALERMO,14.0,famous loungebar,Anglophone
node,11401472506,amenity,cafe,Whoopies,-34.5876818,-58.4106118,PALERMO,14.0,whoopies,Anglophone
node,11414670710,amenity,bar,New Fama,-34.6054786,-58.3905451,SAN NICOLAS,1.0,new fama,Anglophone
node,11417419430,amenity,cafe,Molly's,-34.6219156,-58.4368751,CABALLITO,6.0,molly's,Anglophone
node,11432304931,amenity,cafe,The Coffee Store,-34.6280312,-58.4505699,CABALLITO,6.0,the coffee store,Anglophone
node,11490256432,amenity,restaurant,Royal Gourmet,-34.5577452,-58.4508786,BELGRANO,13.0,royal gourmet,Anglophone
node,11544894269,amenity,restaurant,Georgie’s,-34.5829091,-58.4511445,CHACARITA,15.0,georgie’s,Anglophone
node,11646929069,amenity,cafe,Nick's cafe,-34.588269,-58.3955402,RECOLETA,2.0,nick's cafe,Anglophone
node,11716934388,amenity,cafe,Bagels & Bagels,-34.5975303,-58.3788557,RETIRO,1.0,bagels & bagels,Anglophone
node,11742231158,amenity,cafe,Seventys,-34.6277094,-58.5214507,VERSALLES,10.0,seventys,Anglophone
node,11757076376,amenity,cafe,McCafé,-34.546527,-58.4884214,SAAVEDRA,12.0,mccafe,Anglophone
node,11833337942,amenity,cafe,Lions Bar Cafe,-34.6593619,-58.4244538,NUEVA POMPEYA,4.0,lions bar cafe,Anglophone
node,11853035060,amenity,restaurant,Dandy,-34.5822672,-58.4018375,PALERMO,14.0,dandy,Anglophone
node,11863112684,amenity,cafe,Import Coffee Co.,-34.5460995,-58.487687,SAAVEDRA,12.0,import coffee co.,Anglophone
node,11884668683,amenity,cafe,Harper Juice,-34.5904273,-58.4006716,RECOLETA,2.0,harper juice,Anglophone
node,11915936955,amenity,cafe,Starbucks,-34.5619291,-58.4560762,BELGRANO,13.0,starbucks,Anglophone
node,11947924873,amenity,cafe,I AM BARISTA,-34.626905,-58.4431285,CABALLITO,6.0,i am barista,Anglophone
node,11950920879,amenity,cafe,The Coffee Store,-34.6043047,-58.4640403,VILLA GRAL. MITRE,11.0,the coffee store,Anglophone
node,11976613271,amenity,bar,Helka wine bar,-34.5742395,-58.4543929,COLEGIALES,13.0,helka wine bar,Anglophone
node,12050246108,amenity,cafe,Arenales Resto & Coffee,-34.5943681,-58.3845204,RETIRO,1.0,arenales resto & coffee,Anglophone
node,12066626469,amenity,bar,La Mala Pub,-34.570929,-58.4221372,PALERMO,14.0,la mala pub,Anglophone
node,12070193869,amenity,cafe,Kismet,-34.5922012,-58.4105522,RECOLETA,2.0,kismet,Anglophone
node,12089659897,amenity,bar,Gilmour Bar,-34.619015,-58.5302192,VILLA REAL,10.0,gilmour bar,Anglophone
node,12095475305,amenity,cafe,Studio Cat Café,-34.5959723,-58.3828927,RETIRO,1.0,studio cat cafe,Anglophone
node,12104500694,amenity,cafe,Hands & Coffee,-34.5671053,-58.4423674,PALERMO,14.0,hands & coffee,Anglophone
node,12119257601,amenity,restaurant,Let it V,-34.5805385,-58.4372056,PALERMO,14.0,let it v,Anglophone
node,12142913602,amenity,cafe,Bagels&Bagels,-34.5990151,-58.3971878,RECOLETA,2.0,bagels&bagels,Anglophone
node,12145268027,amenity,cafe,Copy Club,-34.5688846,-58.4347221,PALERMO,14.0,copy club,Anglophone
node,12150496002,amenity,cafe,Endisney Coffee,-34.5810893,-58.4329271,PALERMO,14.0,endisney coffee,Anglophone
node,12156279602,amenity,restaurant,Social,-34.5944413,-58.3945879,RECOLETA,2.0,social,Anglophone
node,12168475501,amenity,cafe,Ohana,-34.6020805,-58.397167,BALVANERA,3.0,ohana,Anglophone
node,12179415501,amenity,bar,Hawaii Love Bar,-34.6345127,-58.5069084,VILLA LURO,10.0,hawaii love bar,Anglophone
node,12200101702,amenity,cafe,Sweety,-34.588498,-58.4007222,RECOLETA,2.0,sweety,Anglophone
node,12205947201,amenity,cafe,Owl,-34.5939535,-58.391753,RECOLETA,2.0,owl,Anglophone
node,12209924501,amenity,restaurant,Big Pizza,-34.6222487,-58.4166306,BOEDO,5.0,big pizza,Anglophone
node,12214870186,amenity,cafe,The Coffee Store,-34.5705501,-58.476069,VILLA URQUIZA,12.0,the coffee store,Anglophone
node,12228682797,amenity,cafe,Jay's,-34.5919895,-58.4030864,RECOLETA,2.0,jay's,Anglophone
node,12245140501,amenity,cafe,Ludlow Coffee House,-34.579147,-58.4303612,PALERMO,14.0,ludlow coffee house,Anglophone
node,12249342902,amenity,cafe,Bronx Coffee Bar,-34.6135471,-58.4722858,VILLA GRAL. MITRE,11.0,bronx coffee bar,Anglophone
node,12280770781,amenity,cafe,White Coffee,-34.5451207,-58.4603011,NUÑEZ,13.0,white coffee,Anglophone
node,12304539501,amenity,restaurant,Big Pizza,-34.5780746,-58.427731,PALERMO,14.0,big pizza,Anglophone
node,12307334402,amenity,cafe,Starbucks,-34.591748,-58.391691,RECOLETA,2.0,starbucks,Anglophone
node,12366190113,amenity,cafe,Clout,-34.5807591,-58.4293298,PALERMO,14.0,clout,Anglophone
node,12377104702,amenity,restaurant,Big Pizza,-34.6334456,-58.5134673,VERSALLES,10.0,big pizza,Anglophone
node,12377193733,amenity,cafe,Cover Café,-34.5859155,-58.4260822,PALERMO,14.0,cover cafe,Anglophone
node,12386898402,amenity,cafe,Craft Vegan Bakery,-34.5846036,-58.4386171,PALERMO,14.0,craft vegan bakery,Anglophone
node,12387446803,amenity,bar,Tavern,-34.5838604,-58.4358631,PALERMO,14.0,tavern,Anglophone
node,12387448102,amenity,restaurant,Fried Chicken House,-34.5835056,-58.4336971,PALERMO,14.0,fried chicken house,Anglophone
node,12431735301,amenity,cafe,HIT,-34.5694094,-58.4334208,PALERMO,14.0,hit,Anglophone
node,12434400820,amenity,cafe,Coffee Bar Rosa,-34.5735904,-58.4909031,VILLA URQUIZA,12.0,coffee bar rosa,Anglophone
node,12457315402,amenity,cafe,Cofi & Window,-34.575595,-58.4344997,PALERMO,14.0,cofi & window,Anglophone
node,12459830590,amenity,restaurant,First Padel Center,-34.5941458,-58.4923073,AGRONOMIA,15.0,first padel center,Anglophone
node,12471929201,amenity,cafe,Import Coffee Co.,-34.5950863,-58.3844395,RETIRO,1.0,import coffee co.,Anglophone
node,12472858945,amenity,cafe,Import Coffee Co,-34.6036529,-58.3781899,SAN NICOLAS,1.0,import coffee co,Anglophone
node,12498772701,amenity,cafe,The coffee store,-34.581035,-58.4063302,PALERMO,14.0,the coffee store,Anglophone
node,12505473749,amenity,cafe,Full City Coffeehouse,-34.5973081,-58.4245041,VILLA CRESPO,15.0,full city coffeehouse,Anglophone
node,12531635340,amenity,cafe,Llama Coffee Roasters,-34.5980471,-58.3651951,RETIRO,1.0,llama coffee roasters,Anglophone
node,12531658070,amenity,cafe,tealosophy,-34.5901368,-58.4296767,PALERMO,14.0,tealosophy,Anglophone
node,12533040003,amenity,bar,Wine Bar Palermo,-34.5845484,-58.4377101,PALERMO,14.0,wine bar palermo,Anglophone
node,12537648166,amenity,cafe,Soho Club,-34.5560404,-58.4499429,BELGRANO,13.0,soho club,Anglophone
node,12543972002,amenity,restaurant,Van Wivh,-34.6114229,-58.3724652,MONSERRAT,1.0,van wivh,Anglophone
node,12585447628,amenity,pub,Sain Patrick's Irish Pub,-34.5889721,-58.3946966,RECOLETA,2.0,sain patrick's irish pub,Anglophone
node,12624265282,amenity,cafe,Club Café,-34.6109101,-58.3803961,MONSERRAT,1.0,club cafe,Anglophone
node,12695685301,amenity,pub,victor Audio Bar,-34.5837818,-58.4290441,PALERMO,14.0,victor audio bar,Anglophone
node,12706376107,amenity,cafe,Full,-34.5643065,-58.4794421,VILLA URQUIZA,12.0,full,Anglophone
node,12712268413,amenity,restaurant,Distinto's Beer & Burger,-34.6659237,-58.4418005,VILLA SOLDATI,8.0,distinto's beer & burger,Anglophone
node,12884645952,amenity,cafe,Black Clover,-34.6141918,-58.4376321,CABALLITO,6.0,black clover,Anglophone
node,12978175176,amenity,nightclub,You Club,-34.6014348,-58.3796589,SAN NICOLAS,1.0,you club,Anglophone
node,12978182124,amenity,cafe,Sherman's Coffe,-34.6014931,-58.3780963,SAN NICOLAS,1.0,sherman's coffe,Anglophone
node,12992914485,amenity,restaurant,La Kitchen,-34.5819275,-58.4613291,VILLA ORTUZAR,15.0,la kitchen,Anglophone
node,13102929244,amenity,restaurant,Big Joe,-34.6023322,-58.4309804,ALMAGRO,5.0,big joe,Anglophone
node,13140261485,amenity,cafe,Trippin,-34.5969202,-58.3770457,RETIRO,1.0,trippin,Anglophone
node,13140277959,amenity,cafe,Rediscover Cafe,-34.5969757,-58.377044,RETIRO,1.0,rediscover cafe,Anglophone
node,13239177395,amenity,restaurant,Checkpoint Charlie,-34.5689768,-58.4217312,PALERMO,14.0,checkpoint charlie,Anglophone
node,13239177397,amenity,restaurant,Rock&Feller's,-34.5693199,-58.4221868,PALERMO,14.0,rock&feller's,Anglophone
node,13243708601,amenity,cafe,Shell Select,-34.579675,-58.3997253,PALERMO,14.0,shell select,Anglophone
node,13244056001,amenity,cafe,Shell Select,-34.6180056,-58.3817563,CONSTITUCION,1.0,shell select,Anglophone
node,13254559301,amenity,cafe,Salad,-34.5818433,-58.4064639,PALERMO,14.0,salad,Anglophone
node,13312298501,amenity,restaurant,Sabores Grill,-34.5786701,-58.4339548,PALERMO,14.0,sabores grill,Anglophone
node,13335086666,amenity,cafe,Sweet,-34.6000038,-58.5026378,VILLA DEVOTO,11.0,sweet,Anglophone
node,2135006703,shop,bakery,Bakery,-34.58233,-58.4092434,PALERMO,14.0,bakery,Anglophone
node,2470335618,shop,bakery,Point,-34.5654064,-58.4577764,BELGRANO,13.0,point,Anglophone
node,2722027551,shop,books,Club Burton,-34.6186205,-58.375777,SAN TELMO,1.0,club burton,Anglophone
node,3181396363,shop,deli,The Pick Market,-34.5879802,-58.3906695,RECOLETA,2.0,the pick market,Anglophone
node,4251151894,shop,bakery,Nice café/bakery,-34.6002552,-58.5116226,VILLA DEVOTO,11.0,nice cafe/bakery,Anglophone
node,4598961684,shop,bakery,Express,-34.6309216,-58.4146649,BOEDO,5.0,express,Anglophone
node,4649893270,shop,bakery,Darling,-34.5766585,-58.4320011,PALERMO,14.0,darling,Anglophone
node,4675262349,shop,bakery,Baires Bakery,-34.6101773,-58.3762219,MONSERRAT,1.0,baires bakery,Anglophone
node,4677423845,shop,books,Walrus Books,-34.6184698,-58.3747345,SAN TELMO,1.0,walrus books,Anglophone
node,4700029920,shop,bakery,New Ola!,-34.611552,-58.4388063,CABALLITO,6.0,new ola!,Anglophone
node,4707400943,shop,deli,Deli Market,-34.5958454,-58.3867079,RETIRO,1.0,deli market,Anglophone
node,4710066393,shop,bakery,Craft Vegan Bakery,-34.5874825,-58.4199496,PALERMO,14.0,craft vegan bakery,Anglophone
node,4767987226,shop,bakery,Baires Bakery,-34.60958,-58.3736594,MONSERRAT,1.0,baires bakery,Anglophone
node,4936017624,shop,deli,Moe's Delicatessen,-34.5706634,-58.4644689,BELGRANO,13.0,moe's delicatessen,Anglophone
node,5244444792,shop,bakery,Craft Vegan Bakery,-34.5602954,-58.4563352,BELGRANO,13.0,craft vegan bakery,Anglophone
node,6828187268,shop,bakery,Welcome,-34.5875277,-58.4828778,PARQUE CHAS,15.0,welcome,Anglophone
node,7768643486,shop,bakery,Take Away,-34.617398,-58.5297251,VILLA REAL,10.0,take away,Anglophone
node,7813585199,shop,bakery,Bakery,-34.5963025,-58.4028723,RECOLETA,2.0,bakery,Anglophone
node,9225568711,shop,books,Funny,-34.55811,-58.4616762,BELGRANO,13.0,funny,Anglophone
node,9793657890,shop,bakery,Irish Bakers,-34.6209693,-58.4738347,FLORES,7.0,irish bakers,Anglophone
node,10012480308,shop,bakery,Bakery,-34.5654753,-58.4550524,BELGRANO,13.0,bakery,Anglophone
node,10844994485,shop,deli,The Gourmet House,-34.5544758,-58.4601825,BELGRANO,13.0,the gourmet house,Anglophone
node,11117292105,shop,bakery,Craft & Vegan,-34.5796615,-58.4126462,PALERMO,14.0,craft & vegan,Anglophone
node,11395354234,shop,bakery,Craft Vegan Bakery,-34.5449701,-58.4597695,NUÑEZ,13.0,craft vegan bakery,Anglophone
node,11860923983,shop,bakery,Daniel Bakery,-34.5942292,-58.4149416,PALERMO,14.0,daniel bakery,Anglophone
node,11873556268,shop,books,Instancopy,-34.6242579,-58.4073545,SAN CRISTOBAL,3.0,instancopy,Anglophone
node,11976931316,shop,bakery,Brooklyn Bakery,-34.5631381,-58.4421862,BELGRANO,13.0,brooklyn bakery,Anglophone
node,12202137201,shop,books,Rainbow,-34.588673,-58.4004821,RECOLETA,2.0,rainbow,Anglophone
node,12368710205,shop,bakery,Salad Bar,-34.5844689,-58.4198081,PALERMO,14.0,salad bar,Anglophone
node,12531641720,shop,bakery,Craft Vegan Bakery,-34.5965652,-58.4198258,PALERMO,14.0,craft vegan bakery,Anglophone
node,13251085929,shop,bakery,Chip's Cookies,-34.557797,-58.4508023,BELGRANO,13.0,chip's cookies,Anglophone
